position	word	lexsn	wnsn	supersense	X25	X3	X5	X10	X20	index
6	plan	1:09:00::	1	noun.cognition	1	1	1	1	1	0
9	plan	1:09:00::	1	noun.cognition	1	1	1	1	1	1
13	plans	1:09:00::	1	noun.cognition	1	1	1	1	1	2
10	Plan	1:09:01::	2	noun.cognition	1	0	1	1	1	3
30	plan	1:09:00::	1	noun.cognition	1	0	1	1	1	4
10	plans	1:09:00::	1	noun.cognition	1	0	0	1	1	5
24	plan	1:06:00::	3	noun.artifact	1	0	0	1	1	6
18	plans	1:09:01::	2	noun.cognition	1	0	0	1	1	7
27	plan	1:09:00::	1	noun.cognition	1	0	0	1	1	8
17	plans	1:09:00::	1	noun.cognition	1	0	0	1	1	9
10	plans	1:09:00::	1	noun.cognition	1	0	0	0	1	10
15	Plan	1:09:00::	1	noun.cognition	1	0	0	0	1	11
18	plan	1:09:00::	1	noun.cognition	1	0	0	0	1	12
5	plan	1:09:00::	1	noun.cognition	1	0	0	0	1	13
18	plans	1:09:00::	1	noun.cognition	1	0	0	0	1	14
8	plan	1:09:00::	1	noun.cognition	1	0	0	0	1	15
0	Plans	1:06:00::	3	noun.artifact	1	0	0	0	1	16
0	Plans	1:06:00::	3	noun.artifact	1	0	0	0	1	17
25	plan	1:09:00::	1	noun.cognition	1	0	0	0	1	18
45	plan	1:09:00::	1	noun.cognition	1	0	0	0	1	19
4	plan	1:09:01::	2	noun.cognition	1	0	0	0	0	20
14	plan	1:09:00::	1	noun.cognition	1	0	0	0	0	21
19	plans	1:09:00::	1	noun.cognition	1	0	0	0	0	22
1	plan	1:09:00::	1	noun.cognition	1	0	0	0	0	23
1	plans	1:09:00::	1	noun.cognition	1	0	0	0	0	24
12	plan	1:09:00::	1	noun.cognition	2	2	2	2	2	25
8	plans	1:09:00::	1	noun.cognition	2	2	2	2	2	26
50	plans	1:09:00::	1	noun.cognition	2	2	2	2	2	27
6	plan	1:09:00::	1	noun.cognition	2	0	2	2	2	28
7	plan	1:09:00::	1	noun.cognition	2	0	2	2	2	29
3	plans	1:06:00::	3	noun.artifact	2	0	0	2	2	30
21	plans	1:09:00::	1	noun.cognition	2	0	0	2	2	31
4	plans	1:09:00::	1	noun.cognition	2	0	0	2	2	32
9	plans	1:09:00::	1	noun.cognition	2	0	0	2	2	33
14	plan	1:09:01::	2	noun.cognition	2	0	0	2	2	34
8	plan	1:09:01::	2	noun.cognition	2	0	0	0	2	35
7	plan	1:09:00::	1	noun.cognition	2	0	0	0	2	36
2	plan	1:09:00::	1	noun.cognition	2	0	0	0	2	37
6	plan	1:09:01::	2	noun.cognition	2	0	0	0	2	38
3	plans	1:09:00::	1	noun.cognition	2	0	0	0	2	39
6	plan	1:09:00::	1	noun.cognition	2	0	0	0	2	40
17	plans	1:09:00::	1	noun.cognition	2	0	0	0	2	41
9	plans	1:09:00::	1	noun.cognition	2	0	0	0	2	42
16	plan	1:09:00::	1	noun.cognition	2	0	0	0	2	43
20	plan	1:09:00::	1	noun.cognition	2	0	0	0	2	44
3	plan	1:09:00::	1	noun.cognition	2	0	0	0	0	45
7	plans	1:09:00::	1	noun.cognition	2	0	0	0	0	46
1	plan	1:09:00::	1	noun.cognition	2	0	0	0	0	47
4	plan	1:09:00::	1	noun.cognition	2	0	0	0	0	48
14	plan	1:09:00::	1	noun.cognition	2	0	0	0	0	49
