position	word	lexsn	wnsn	supersense	X25	X3	X5	X10	X20	index
11	water	1:27:00::	1	noun.substance	1	1	1	1	1	0
8	water	1:27:00::	1	noun.substance	1	1	1	1	1	1
8	water	1:27:00::	1	noun.substance	1	1	1	1	1	2
0	Water	1:27:00::	1	noun.substance	1	0	1	1	1	3
35	water	1:27:00::	1	noun.substance	1	0	1	1	1	4
10	water	1:27:00::	1	noun.substance	1	0	0	1	1	5
27	water	1:27:00::	1	noun.substance	1	0	0	1	1	6
0	Water	1:27:00::	1	noun.substance	1	0	0	1	1	7
31	water	1:27:00::	1	noun.substance	1	0	0	1	1	8
9	water	1:27:00::	1	noun.substance	1	0	0	1	1	9
13	water	1:27:00::	1	noun.substance	1	0	0	0	1	10
7	water	1:27:00::	1	noun.substance	1	0	0	0	1	11
16	water	1:27:00::	1	noun.substance	1	0	0	0	1	12
26	water	1:27:00::	1	noun.substance	1	0	0	0	1	13
19	water	1:27:00::	1	noun.substance	1	0	0	0	1	14
12	water	1:27:00::	1	noun.substance	1	0	0	0	1	15
10	water	1:27:00::	1	noun.substance	1	0	0	0	1	16
28	water	1:27:00::	1	noun.substance	1	0	0	0	1	17
9	water	1:27:00::	1	noun.substance	1	0	0	0	1	18
28	water	1:27:00::	1	noun.substance	1	0	0	0	1	19
12	water	1:27:00::	1	noun.substance	1	0	0	0	0	20
5	water	1:27:00::	1	noun.substance	1	0	0	0	0	21
6	water	1:27:00::	1	noun.substance	1	0	0	0	0	22
9	water	1:27:00::	1	noun.substance	1	0	0	0	0	23
3	water	1:27:00::	1	noun.substance	1	0	0	0	0	24
9	waters	1:17:00::	2	noun.object	2	2	2	2	2	25
23	water	1:17:00::	2	noun.object	2	2	2	2	2	26
14	water	1:17:00::	2	noun.object	2	2	2	2	2	27
26	waters	1:17:00::	2	noun.object	2	0	2	2	2	28
26	water	1:17:00::	2	noun.object	2	0	2	2	2	29
9	water	1:17:00::	2	noun.object	2	0	0	2	2	30
21	waters	1:17:00::	2	noun.object	2	0	0	2	2	31
9	water	1:17:00::	2	noun.object	2	0	0	2	2	32
6	water	1:17:00::	2	noun.object	2	0	0	2	2	33
11	waters	1:17:00::	2	noun.object	2	0	0	2	2	34
3	waters	1:17:00::	2	noun.object	2	0	0	0	2	35
19	water	1:17:00::	2	noun.object	2	0	0	0	2	36
4	water	1:17:00::	2	noun.object	2	0	0	0	2	37
27	water	1:27:02::	3	noun.substance	2	0	0	0	2	38
16	water	1:17:00::	2	noun.object	2	0	0	0	2	39
4	water	1:17:00::	2	noun.object	2	0	0	0	2	40
6	water	1:17:00::	2	noun.object	2	0	0	0	2	41
6	waters	1:17:00::	2	noun.object	2	0	0	0	2	42
10	waters	1:17:00::	2	noun.object	2	0	0	0	2	43
24	water	1:17:00::	2	noun.object	2	0	0	0	2	44
1	water	1:27:02::	3	noun.substance	2	0	0	0	0	45
0	Water	1:17:00::	2	noun.object	2	0	0	0	0	46
1	water	1:17:00::	2	noun.object	2	0	0	0	0	47
24	water	1:17:00::	2	noun.object	2	0	0	0	0	48
3	water	1:17:00::	2	noun.object	2	0	0	0	0	49
