position	word	lexsn	wnsn	supersense	X25	X3	X5	X10	X20	index
42	pass	2:38:00::	1	verb.motion	1	1	1	1	1	0
4	passed	2:38:03::	4	verb.motion	1	1	1	1	1	1
6	pass	2:32:01::	12	verb.communication	1	1	1	1	1	2
42	pass	2:42:08::	6	verb.stative	1	0	1	1	1	3
28	pass	2:38:00::	1	verb.motion	1	0	1	1	1	4
6	passing	2:38:00::	1	verb.motion	1	0	0	1	1	5
12	passed	2:30:01::	13	verb.change	1	0	0	1	1	6
22	passing	2:38:00::	1	verb.motion	1	0	0	1	1	7
3	passed	2:38:03::	4	verb.motion	1	0	0	1	1	8
28	pass	2:42:08::	6	verb.stative	1	0	0	1	1	9
8	passed	2:38:00::	1	verb.motion	1	0	0	0	1	10
26	pass	2:42:08::	6	verb.stative	1	0	0	0	1	11
17	passed	2:38:03::	4	verb.motion	1	0	0	0	1	12
20	pass	2:38:00::	1	verb.motion	1	0	0	0	1	13
7	passed	2:41:04::	9	verb.social	1	0	0	0	1	14
11	pass	2:41:04::	9	verb.social	1	0	0	0	1	15
2	passes	2:38:03::	4	verb.motion	1	0	0	0	1	16
3	passed	2:38:03::	4	verb.motion	1	0	0	0	1	17
39	passed	2:41:08::	14	verb.social	1	0	0	0	1	18
3	passed	2:41:04::	9	verb.social	1	0	0	0	1	19
6	passed	2:38:00::	1	verb.motion	1	0	0	0	0	20
16	pass	2:38:00::	1	verb.motion	1	0	0	0	0	21
16	pass	2:42:08::	6	verb.stative	1	0	0	0	0	22
19	pass	2:38:03::	4	verb.motion	1	0	0	0	0	23
7	passed	2:38:03::	4	verb.motion	1	0	0	0	0	24
7	passed	2:38:01::	7	verb.motion	2	2	2	2	2	25
31	passed	2:40:00::	5	verb.possession	2	2	2	2	2	26
3	passed	2:30:00::	8	verb.change	2	2	2	2	2	27
1	passed	2:38:05::	2	verb.motion	2	0	2	2	2	28
16	passed	2:38:05::	2	verb.motion	2	0	2	2	2	29
14	passing	2:41:02::	3	verb.social	2	0	0	2	2	30
18	pass	2:41:02::	3	verb.social	2	0	0	2	2	31
12	passed	2:41:02::	3	verb.social	2	0	0	2	2	32
1	passed	2:38:05::	2	verb.motion	2	0	0	2	2	33
16	passes	2:38:05::	2	verb.motion	2	0	0	2	2	34
5	passed	2:41:02::	3	verb.social	2	0	0	0	2	35
5	passed	2:38:01::	7	verb.motion	2	0	0	0	2	36
5	passed	2:41:02::	3	verb.social	2	0	0	0	2	37
6	passed	2:38:05::	2	verb.motion	2	0	0	0	2	38
19	passed	2:40:02::	18	verb.possession	2	0	0	0	2	39
50	pass	2:38:01::	7	verb.motion	2	0	0	0	2	40
4	passed	2:41:02::	3	verb.social	2	0	0	0	2	41
19	passing	2:40:00::	5	verb.possession	2	0	0	0	2	42
8	passed	2:38:05::	2	verb.motion	2	0	0	0	2	43
35	passed	2:38:05::	2	verb.motion	2	0	0	0	2	44
23	passing	2:38:05::	2	verb.motion	2	0	0	0	0	45
18	passing	2:40:00::	5	verb.possession	2	0	0	0	0	46
6	passed	2:38:05::	2	verb.motion	2	0	0	0	0	47
2	pass	2:38:05::	2	verb.motion	2	0	0	0	0	48
8	passed	2:41:02::	3	verb.social	2	0	0	0	0	49
