position	word	lexsn	wnsn	supersense	X25	X3	X5	X10	X20	index
16	seek	2:40:00::	1	verb.possession	1	1	1	1	1	0
1	sought	2:40:00::	1	verb.possession	1	1	1	1	1	1
7	seek	2:40:00::	1	verb.possession	1	1	1	1	1	2
6	seeking	2:35:00::	2	verb.contact	1	0	1	1	1	3
8	seek	2:35:00::	2	verb.contact	1	0	1	1	1	4
12	seeking	2:35:00::	2	verb.contact	1	0	0	1	1	5
6	sought	2:35:00::	2	verb.contact	1	0	0	1	1	6
7	seek	2:40:00::	1	verb.possession	1	0	0	1	1	7
7	sought	2:35:00::	2	verb.contact	1	0	0	1	1	8
20	seek	2:40:00::	1	verb.possession	1	0	0	1	1	9
9	seek	2:40:00::	1	verb.possession	1	0	0	0	1	10
4	seeking	2:40:00::	1	verb.possession	1	0	0	0	1	11
23	seeking	2:40:00::	1	verb.possession	1	0	0	0	1	12
2	seek	2:40:00::	1	verb.possession	1	0	0	0	1	13
12	seek	2:35:00::	2	verb.contact	1	0	0	0	1	14
16	seeking	2:35:00::	2	verb.contact	1	0	0	0	1	15
25	seek	2:40:00::	1	verb.possession	1	0	0	0	1	16
15	seek	2:35:00::	2	verb.contact	1	0	0	0	1	17
15	seeking	2:40:00::	1	verb.possession	1	0	0	0	1	18
4	seek	2:35:00::	2	verb.contact	1	0	0	0	1	19
16	seek	2:40:00::	1	verb.possession	1	0	0	0	0	20
1	seek	2:40:00::	1	verb.possession	1	0	0	0	0	21
4	sought	2:40:00::	1	verb.possession	1	0	0	0	0	22
7	seeking	2:35:00::	2	verb.contact	1	0	0	0	0	23
15	seek	2:40:00::	1	verb.possession	1	0	0	0	0	24
16	seeking	2:41:00::	3	verb.social	2	2	2	2	2	25
5	seeks	2:41:00::	3	verb.social	2	2	2	2	2	26
10	sought	2:41:00::	3	verb.social	2	2	2	2	2	27
6	sought	2:41:00::	3	verb.social	2	0	2	2	2	28
18	seeks	2:41:00::	3	verb.social	2	0	2	2	2	29
35	seek	2:41:00::	3	verb.social	2	0	0	2	2	30
15	seeking	2:41:00::	3	verb.social	2	0	0	2	2	31
12	sought	2:41:00::	3	verb.social	2	0	0	2	2	32
13	seeking	2:41:00::	3	verb.social	2	0	0	2	2	33
17	seek	2:41:00::	3	verb.social	2	0	0	2	2	34
25	sought	2:41:00::	3	verb.social	2	0	0	0	2	35
10	sought	2:41:00::	3	verb.social	2	0	0	0	2	36
10	sought	2:41:00::	3	verb.social	2	0	0	0	2	37
6	seek	2:41:00::	3	verb.social	2	0	0	0	2	38
7	seeks	2:41:00::	3	verb.social	2	0	0	0	2	39
13	sought	2:41:00::	3	verb.social	2	0	0	0	2	40
7	seek	2:41:00::	3	verb.social	2	0	0	0	2	41
13	seek	2:41:00::	3	verb.social	2	0	0	0	2	42
27	seeking	2:41:00::	3	verb.social	2	0	0	0	2	43
6	sought	2:41:00::	3	verb.social	2	0	0	0	2	44
1	seek	2:41:00::	3	verb.social	2	0	0	0	0	45
18	sought	2:41:00::	3	verb.social	2	0	0	0	0	46
7	seek	2:41:00::	3	verb.social	2	0	0	0	0	47
10	seek	2:41:00::	3	verb.social	2	0	0	0	0	48
7	sought	2:41:00::	3	verb.social	2	0	0	0	0	49
