lemma	pos	cosine_X3	cosine_X5	cosine_X10	cosine_X20	cosine_X25
evidence	n	0.06848561763763428	0.05358856916427612	0.02147352695465088	0.01596236228942871	0.012778222560882568
conduct	v	0.20896470546722412	0.14576679468154907	0.08174484968185425	0.10608482360839844	0.0941895842552185
follow	v	0.21121639013290405	0.11043214797973633	0.042051613330841064	0.026120483875274658	0.021689772605895996
policy	n	0.08497011661529541	0.05441945791244507	0.03771471977233887	0.027589797973632812	0.01780158281326294
place	v	0.18299812078475952	0.13168179988861084	0.10225963592529297	0.05036485195159912	0.04494643211364746
serve	v	0.17119020223617554	0.11848556995391846	0.056917786598205566	0.032839298248291016	0.025112569332122803
add	v	0.10201382637023926	0.07038426399230957	0.054676711559295654	0.05155181884765625	0.056769728660583496
work	v	0.14948499202728271	0.09472417831420898	0.0624467134475708	0.03493320941925049	0.034867823123931885
pass	v	0.11588507890701294	0.14098823070526123	0.0659746527671814	0.03299081325531006	0.03565126657485962
permit	v	0.18834251165390015	0.10286521911621094	0.06512850522994995	0.07983571290969849	0.07614123821258545
age	n	0.07356023788452148	0.057787418365478516	0.0521734356880188	0.04360872507095337	0.04843252897262573
home	n	0.12583798170089722	0.06081730127334595	0.03562682867050171	0.0458606481552124	0.06571125984191895
enter	v	0.12391108274459839	0.08742862939834595	0.06793200969696045	0.0470660924911499	0.035119473934173584
wait	v	0.19819968938827515	0.09087663888931274	0.05628621578216553	0.021876811981201172	0.018773317337036133
course	n	0.23224186897277832	0.24964267015457153	0.25808507204055786	0.1812477707862854	0.13625502586364746
allow	v	0.12192004919052124	0.06257539987564087	0.028348684310913086	0.014026999473571777	0.011868834495544434
expect	v	0.11798340082168579	0.0850033164024353	0.03949004411697388	0.025166809558868408	0.018961429595947266
study	n	0.1370142698287964	0.12491697072982788	0.09538644552230835	0.07714450359344482	0.0699307918548584
determine	v	0.23495668172836304	0.1720460057258606	0.13329845666885376	0.07005041837692261	0.042275428771972656
work	n	0.08188587427139282	0.07131689786911011	0.11220753192901611	0.09045577049255371	0.08765381574630737
open	v	0.19091618061065674	0.13474148511886597	0.12003147602081299	0.05730891227722168	0.05887943506240845
seek	v	0.15786367654800415	0.1376495361328125	0.06864684820175171	0.050930678844451904	0.04411536455154419
direct	v	0.26819097995758057	0.2359331250190735	0.11443138122558594	0.06862598657608032	0.05650538206100464
church	n	0.04275912046432495	0.03335750102996826	0.029391586780548096	0.035003662109375	0.03413093090057373
shoot	v	0.1955435872077942	0.11598032712936401	0.08477669954299927	0.043998539447784424	0.028732120990753174
death	n	0.11906683444976807	0.07017803192138672	0.04139190912246704	0.0309106707572937	0.030015766620635986
carry	v	0.15122950077056885	0.07994019985198975	0.04796236753463745	0.018174171447753906	0.014805734157562256
property	n	0.46486496925354004	0.39081186056137085	0.3332999348640442	0.2375185489654541	0.280803918838501
lead	v	0.09589278697967529	0.08350890874862671	0.04570174217224121	0.03342247009277344	0.022763192653656006
leave	v	0.2213212251663208	0.0871889591217041	0.05166459083557129	0.0316128134727478	0.0314028263092041
miss	v	0.14115750789642334	0.06492787599563599	0.05886733531951904	0.031244754791259766	0.027927279472351074
represent	v	0.1557561755180359	0.07979047298431396	0.029292285442352295	0.01992112398147583	0.016294360160827637
destroy	v	0.09188610315322876	0.047155678272247314	0.026150286197662354	0.01731783151626587	0.012770771980285645
design	v	0.12709051370620728	0.11224532127380371	0.06851089000701904	0.07325690984725952	0.0675119161605835
establish	v	0.10532701015472412	0.05099135637283325	0.048033177852630615	0.04646044969558716	0.03229951858520508
extend	v	0.0976259708404541	0.06712150573730469	0.038280189037323	0.038050949573516846	0.03679513931274414
accept	v	0.1136515736579895	0.053836941719055176	0.025080323219299316	0.014813125133514404	0.011516928672790527
pay	v	0.11214566230773926	0.0721367597579956	0.03543049097061157	0.027091622352600098	0.029556572437286377
information	n	0.06187218427658081	0.040868401527404785	0.027649760246276855	0.01270902156829834	0.009972214698791504
lose	v	0.1248888373374939	0.08299946784973145	0.0348973274230957	0.021396160125732422	0.01712876558303833
water	n	0.16679471731185913	0.17149043083190918	0.1251819133758545	0.1015966534614563	0.07738137245178223
subject	n	0.05646204948425293	0.07036668062210083	0.04055231809616089	0.019718289375305176	0.025418400764465332
center	n	0.08815330266952515	0.06034332513809204	0.03920614719390869	0.031554996967315674	0.03928530216217041
play	v	0.16747379302978516	0.08689826726913452	0.05450397729873657	0.06071817874908447	0.041096508502960205
foot	n	0.09750264883041382	0.12835878133773804	0.15305423736572266	0.11606603860855103	0.12120401859283447
head	n	0.3128284215927124	0.14941191673278809	0.1444789171218872	0.15672820806503296	0.12613660097122192
record	n	0.12577325105667114	0.14407503604888916	0.0857161283493042	0.07081949710845947	0.07278752326965332
field	n	0.24122732877731323	0.133747398853302	0.09354811906814575	0.08270680904388428	0.09333622455596924
develop	v	0.13441026210784912	0.058764636516571045	0.04368013143539429	0.016458094120025635	0.013477087020874023
return	v	0.12192517518997192	0.08758240938186646	0.0762789249420166	0.047460317611694336	0.03910344839096069
thing	n	0.0673789381980896	0.056919872760772705	0.02029210329055786	0.014125823974609375	0.011123418807983398
pressure	n	0.17829662561416626	0.18006658554077148	0.19320881366729736	0.12679576873779297	0.11520189046859741
need	v	0.07795178890228271	0.07255429029464722	0.023392200469970703	0.01522982120513916	0.01305091381072998
performance	n	0.13696736097335815	0.08966928720474243	0.05059003829956055	0.030478715896606445	0.03110140562057495
cause	v	0.13653993606567383	0.05917012691497803	0.04148399829864502	0.026589572429656982	0.02726149559020996
form	v	0.21883738040924072	0.18698501586914062	0.10125267505645752	0.06469732522964478	0.047831833362579346
way	n	0.11176103353500366	0.05530661344528198	0.04015552997589111	0.014887094497680664	0.014613687992095947
light	n	0.053662240505218506	0.04008221626281738	0.08605360984802246	0.06314247846603394	0.048602938652038574
stop	v	0.13305801153182983	0.09656274318695068	0.03303670883178711	0.04347991943359375	0.03317379951477051
national	a	0.05635184049606323	0.029848754405975342	0.02127939462661743	0.010760724544525146	0.011329472064971924
wish	v	0.1736639142036438	0.04374241828918457	0.041698575019836426	0.02459728717803955	0.027200400829315186
remain	v	0.1741471290588379	0.13996708393096924	0.06232553720474243	0.05955696105957031	0.0525742769241333
form	n	0.07827019691467285	0.051695168018341064	0.04165297746658325	0.033928632736206055	0.032298505306243896
fall	v	0.20914006233215332	0.10243493318557739	0.08350890874862671	0.04948848485946655	0.03841102123260498
save	v	0.12827545404434204	0.09587723016738892	0.03862285614013672	0.04214024543762207	0.041065990924835205
change	n	0.06795597076416016	0.07286995649337769	0.033979058265686035	0.024549901485443115	0.018204808235168457
sit	v	0.1296660304069519	0.04430633783340454	0.031629323959350586	0.013041019439697266	0.013012826442718506
power	n	0.11619323492050171	0.11066180467605591	0.05902820825576782	0.04074674844741821	0.03704625368118286
occur	v	0.234408438205719	0.09579670429229736	0.06894135475158691	0.036866188049316406	0.027470886707305908
country	n	0.10987871885299683	0.08145612478256226	0.09499877691268921	0.085132896900177	0.07530122995376587
experience	n	0.09749960899353027	0.048525333404541016	0.027203023433685303	0.018001794815063477	0.014624059200286865
wonder	v	0.10585081577301025	0.08005648851394653	0.04101830720901489	0.021385610103607178	0.018742620944976807
enjoy	v	0.223097026348114	0.1378101110458374	0.09751319885253906	0.053726255893707275	0.046946048736572266
observe	v	0.2138407826423645	0.14221566915512085	0.09664326906204224	0.0419963002204895	0.03646451234817505
rate	n	0.11261934041976929	0.09654587507247925	0.09716188907623291	0.10362362861633301	0.10456722974777222
suppose	v	0.06345129013061523	0.04578012228012085	0.04481440782546997	0.019063293933868408	0.02730846405029297
maintain	v	0.08043867349624634	0.09128570556640625	0.06898850202560425	0.03172808885574341	0.02468794584274292
picture	n	0.18960857391357422	0.1055905818939209	0.06484204530715942	0.05722761154174805	0.056332290172576904
settle	v	0.052939772605895996	0.054608941078186035	0.04082202911376953	0.027386903762817383	0.030815422534942627
treat	v	0.1558293104171753	0.1225731372833252	0.11580896377563477	0.0898774266242981	0.0755990743637085
face	n	0.09452635049819946	0.04286450147628784	0.036342084407806396	0.015062034130096436	0.010960817337036133
business	n	0.07534921169281006	0.036692142486572266	0.03547447919845581	0.02950417995452881	0.020640075206756592
watch	v	0.07500463724136353	0.04139834642410278	0.018063127994537354	0.011268913745880127	0.016300737857818604
strike	v	0.15359079837799072	0.09813839197158813	0.05415385961532593	0.05018174648284912	0.043661296367645264
refer	v	0.12138819694519043	0.0924329161643982	0.047817349433898926	0.024864256381988525	0.029065489768981934
support	v	0.15388888120651245	0.08718359470367432	0.034556031227111816	0.021776020526885986	0.018415212631225586
section	n	0.3636537194252014	0.20054763555526733	0.20700860023498535	0.156108558177948	0.13791269063949585
paper	n	0.10871326923370361	0.07648175954818726	0.0746716856956482	0.06316781044006348	0.06773799657821655
basis	n	0.06055945158004761	0.030055522918701172	0.024528563022613525	0.019510328769683838	0.015046775341033936
function	n	0.2102339267730713	0.1896045207977295	0.1881352663040161	0.19928878545761108	0.19376200437545776
prepare	v	0.08910214900970459	0.05812269449234009	0.0625373125076294	0.027542531490325928	0.02430778741836548
apply	v	0.16918522119522095	0.10708260536193848	0.0671418309211731	0.04150533676147461	0.035951077938079834
activity	n	0.25677430629730225	0.20089364051818848	0.21270495653152466	0.14047300815582275	0.14991390705108643
replace	v	0.11278760433197021	0.05304837226867676	0.033508360385894775	0.0166129469871521	0.016025841236114502
cut	v	0.12533873319625854	0.10636651515960693	0.06928443908691406	0.05109816789627075	0.043520987033843994
table	n	0.2669336199760437	0.26426035165786743	0.2512136697769165	0.2503476142883301	0.24745267629623413
say	v	0.07759100198745728	0.030221402645111084	0.022052526473999023	0.012859463691711426	0.009392201900482178
produce	v	0.16901010274887085	0.11074483394622803	0.05305367708206177	0.024247825145721436	0.01440441608428955
far	r	0.1359519362449646	0.058922410011291504	0.02720123529434204	0.01084357500076294	0.013687610626220703
end	n	0.04049426317214966	0.04863780736923218	0.03547024726867676	0.01341015100479126	0.017258524894714355
election	n	0.0382961630821228	0.05226796865463257	0.016639351844787598	0.005783498287200928	0.007176220417022705
location	n	0.6764882206916809	0.5258267521858215	0.34111952781677246	0.21752125024795532	0.17761176824569702
report	n	0.0802757740020752	0.08158057928085327	0.04625040292739868	0.018242478370666504	0.013782262802124023
possible	a	0.07255136966705322	0.040936410427093506	0.024603664875030518	0.013973355293273926	0.010738193988800049
win	v	0.07584589719772339	0.05256849527359009	0.03700822591781616	0.02032339572906494	0.01532435417175293
receive	v	0.1135832667350769	0.062430500984191895	0.025029361248016357	0.0180356502532959	0.01315760612487793
consider	v	0.06308501958847046	0.0624118447303772	0.030276715755462646	0.020050108432769775	0.014497458934783936
number	n	0.08195459842681885	0.057320594787597656	0.05593216419219971	0.01753026247024536	0.009989559650421143
size	n	0.07094788551330566	0.04109138250350952	0.021191537380218506	0.010995209217071533	0.010692119598388672
city	n	0.1575305461883545	0.07963532209396362	0.025071144104003906	0.012712061405181885	0.014674603939056396
law	n	0.05685514211654663	0.040962934494018555	0.019545793533325195	0.010845303535461426	0.011434197425842285
recommend	v	0.09511327743530273	0.09389722347259521	0.03623288869857788	0.017399251461029053	0.01262819766998291
act	v	0.17978346347808838	0.14355528354644775	0.04266434907913208	0.01553964614868164	0.014567673206329346
study	v	0.0851251482963562	0.08540058135986328	0.05278301239013672	0.016898512840270996	0.014248013496398926
improve	v	0.07457107305526733	0.05870026350021362	0.05480682849884033	0.020407259464263916	0.012975752353668213
operate	v	0.13854122161865234	0.0875406265258789	0.05919969081878662	0.05720877647399902	0.06352823972702026
best	a	0.06696087121963501	0.057431936264038086	0.026934921741485596	0.012677967548370361	0.010380208492279053
government	n	0.10830855369567871	0.08238345384597778	0.03395289182662964	0.012659251689910889	0.012361586093902588
believe	v	0.1951732635498047	0.08575159311294556	0.04341965913772583	0.029220402240753174	0.027371585369110107
office	n	0.12984538078308105	0.08308351039886475	0.04304790496826172	0.010251879692077637	0.009292304515838623
achieve	v	0.10061913728713989	0.04648333787918091	0.02779245376586914	0.009442806243896484	0.012908995151519775
great	a	0.1425289511680603	0.13864850997924805	0.10317516326904297	0.043517887592315674	0.027662813663482666
reduce	v	0.1150214672088623	0.06116974353790283	0.02519279718399048	0.010496318340301514	0.008455634117126465
cost	n	0.06816589832305908	0.03448086977005005	0.022107243537902832	0.009046554565429688	0.006100118160247803
result	n	0.11525249481201172	0.0648617148399353	0.026070833206176758	0.009645402431488037	0.005958616733551025
step	n	0.07439684867858887	0.031125128269195557	0.027136802673339844	0.01202470064163208	0.01192694902420044
problem	n	0.0959048867225647	0.05179864168167114	0.05467963218688965	0.021136105060577393	0.015911400318145752
provide	v	0.06124591827392578	0.048390746116638184	0.032765209674835205	0.013350605964660645	0.010761499404907227
effective	a	0.08106571435928345	0.04096561670303345	0.020897865295410156	0.010969936847686768	0.010269880294799805
major	a	0.07581561803817749	0.05697721242904663	0.02666682004928589	0.011975586414337158	0.008690178394317627
item	n	0.08893775939941406	0.12496227025985718	0.07121962308883667	0.015966832637786865	0.01302260160446167
general	a	0.06316107511520386	0.04162728786468506	0.019515395164489746	0.00823986530303955	0.006615579128265381
program	n	0.08039224147796631	0.08788490295410156	0.03735071420669556	0.018612027168273926	0.015997231006622314
state	n	0.20186513662338257	0.06809818744659424	0.034422099590301514	0.02702397108078003	0.03222471475601196
money	n	0.07673603296279907	0.05107581615447998	0.027462661266326904	0.016495347023010254	0.015469014644622803
realize	v	0.06098771095275879	0.04956704378128052	0.039336562156677246	0.034757792949676514	0.02125704288482666
feel	v	0.15485095977783203	0.06300640106201172	0.02867722511291504	0.01332235336303711	0.011527955532073975
available	a	0.04874920845031738	0.03165775537490845	0.022397160530090332	0.01501154899597168	0.012048065662384033
continue	v	0.12425804138183594	0.0626954436302185	0.03603941202163696	0.017423033714294434	0.013454616069793701
action	n	0.11553096771240234	0.06522256135940552	0.06384944915771484	0.020937085151672363	0.013775169849395752
new	a	0.1304006576538086	0.06497031450271606	0.04757654666900635	0.028977036476135254	0.02257513999938965
eliminate	v	0.08557909727096558	0.04584544897079468	0.026957988739013672	0.012263655662536621	0.0070067644119262695
political	a	0.044094741344451904	0.037256717681884766	0.021349668502807617	0.00657343864440918	0.005269289016723633
purpose	n	0.19648832082748413	0.10224795341491699	0.02621525526046753	0.009321093559265137	0.008196055889129639
price	n	0.15159976482391357	0.07733631134033203	0.027634620666503906	0.030001342296600342	0.0076943039894104
matter	n	0.14377617835998535	0.09295397996902466	0.04090917110443115	0.030910611152648926	0.01923990249633789
employ	v	0.1843472123146057	0.07998251914978027	0.028487563133239746	0.013709008693695068	0.011941134929656982
doctor	n	0.028477787971496582	0.03038424253463745	0.01521843671798706	0.009405195713043213	0.0076288580894470215
night	n	0.08207440376281738	0.056947529315948486	0.023339509963989258	0.010894775390625	0.010805249214172363
plan	n	0.10503572225570679	0.05614888668060303	0.04324686527252197	0.014378488063812256	0.009444773197174072
employee	n	0.055747151374816895	0.0750429630279541	0.03761929273605347	0.021367013454437256	0.024894654750823975
file	v	0.38900303840637207	0.37747806310653687	0.032916903495788574	0.02505713701248169	0.012999117374420166
wife	n	0.18583518266677856	0.1412428617477417	0.04611074924468994	0.011049389839172363	0.010253071784973145
live	v	0.1908954381942749	0.11507749557495117	0.061924517154693604	0.033628880977630615	0.03605419397354126
year	n	0.16947883367538452	0.08781963586807251	0.029176771640777588	0.018070757389068604	0.014913320541381836
person	n	0.5212689340114594	0.4999493956565857	0.35242003202438354	0.22349035739898682	0.21394026279449463
present	a	0.13068920373916626	0.037466585636138916	0.013023078441619873	0.007100939750671387	0.006143331527709961
announce	v	0.08647149801254272	0.046144068241119385	0.020895421504974365	0.02297264337539673	0.013207316398620605
run	v	0.12168693542480469	0.07103395462036133	0.033749401569366455	0.023826539516448975	0.018974900245666504
strong	a	0.1680011749267578	0.09299802780151367	0.047741711139678955	0.02261251211166382	0.014144599437713623
hold	v	0.10405409336090088	0.08343124389648438	0.04302579164505005	0.03126627206802368	0.019841670989990234
bring	v	0.0950767993927002	0.05113673210144043	0.026242375373840332	0.012076914310455322	0.011986374855041504
audience	n	0.1810694932937622	0.08321410417556763	0.02842646837234497	0.0164794921875	0.014439284801483154
force	v	0.2776699662208557	0.07809585332870483	0.039578914642333984	0.0120314359664917	0.012828469276428223
obtain	v	0.1304938793182373	0.06851750612258911	0.04562300443649292	0.020274639129638672	0.014220714569091797
attend	v	0.12194967269897461	0.07243424654006958	0.031928062438964844	0.019714415073394775	0.01170969009399414
ask	v	0.1869809627532959	0.07610213756561279	0.018174707889556885	0.00913625955581665	0.00772935152053833
want	v	0.05169457197189331	0.03491640090942383	0.016097843647003174	0.022911548614501953	0.020102083683013916
make	v	0.12538307905197144	0.08794420957565308	0.05509549379348755	0.0339893102645874	0.025793135166168213
face	v	0.23011040687561035	0.13225436210632324	0.07844114303588867	0.021537482738494873	0.019335925579071045
party	n	0.12922924757003784	0.07000529766082764	0.027340352535247803	0.012094855308532715	0.009603440761566162
time	n	0.15811198949813843	0.07099932432174683	0.028431594371795654	0.015298068523406982	0.015483319759368896
start	v	0.10224181413650513	0.054888904094696045	0.028299033641815186	0.014222145080566406	0.01176375150680542
head	v	0.1867377758026123	0.0696612000465393	0.03668200969696045	0.02205103635787964	0.020726263523101807
home	r	0.07683366537094116	0.05278778076171875	0.034042537212371826	0.020799100399017334	0.0169336199760437
mention	v	0.08184480667114258	0.07250714302062988	0.019697070121765137	0.02103865146636963	0.02066415548324585
learn	v	0.201693594455719	0.11517298221588135	0.023954391479492188	0.009339988231658936	0.009256958961486816
ready	a	0.12008213996887207	0.04400479793548584	0.016655564308166504	0.009908437728881836	0.0068708062171936035
issue	v	0.11364620923995972	0.09159082174301147	0.04954886436462402	0.027070045471191406	0.020588159561157227
act	n	0.15860360860824585	0.13836944103240967	0.04962015151977539	0.02062302827835083	0.018567144870758057
begin	v	0.10927093029022217	0.06416767835617065	0.05037814378738403	0.03325355052947998	0.0190352201461792
let	v	0.057824552059173584	0.03419762849807739	0.009700894355773926	0.005549132823944092	0.004687845706939697
source	n	0.09973973035812378	0.04432731866836548	0.03470563888549805	0.016262471675872803	0.016113102436065674
road	n	0.19514679908752441	0.08986026048660278	0.04329770803451538	0.011677265167236328	0.014646470546722412
old	a	0.052470624446868896	0.053237974643707275	0.05256110429763794	0.01787745952606201	0.014975249767303467
propose	v	0.04905593395233154	0.0609012246131897	0.033952534198760986	0.040773987770080566	0.02175319194793701
tell	v	0.08053290843963623	0.04714912176132202	0.02668529748916626	0.011190176010131836	0.009679138660430908
offer	v	0.14474517107009888	0.10444551706314087	0.06797671318054199	0.05477374792098999	0.03518807888031006
group	n	0.49245738983154297	0.23450779914855957	0.2563719153404236	0.16291749477386475	0.12494814395904541
body	n	0.1034700870513916	0.05214524269104004	0.030472159385681152	0.020617961883544922	0.014653980731964111
day	n	0.19133079051971436	0.08772367238998413	0.019074559211730957	0.010841846466064453	0.008891046047210693
increase	n	0.10922122001647949	0.04630458354949951	0.0166628360748291	0.00968027114868164	0.010630667209625244
similar	a	0.050728559494018555	0.029504239559173584	0.011704206466674805	0.006289482116699219	0.006157934665679932
word	n	0.1683351993560791	0.13037437200546265	0.054857850074768066	0.04162484407424927	0.03266727924346924
education	n	0.05615103244781494	0.03533363342285156	0.02080988883972168	0.006510913372039795	0.005217552185058594
public	a	0.05782407522201538	0.03327131271362305	0.01932656764984131	0.011444926261901855	0.01022571325302124
member	n	0.09183436632156372	0.06238210201263428	0.026749789714813232	0.009544730186462402	0.008985042572021484
read	v	0.11218684911727905	0.03576326370239258	0.029056012630462646	0.014251708984375	0.012420833110809326
event	n	0.08730494976043701	0.05321300029754639	0.024054110050201416	0.018835902214050293	0.015647947788238525
long	a	0.102786123752594	0.054585278034210205	0.029810309410095215	0.03385281562805176	0.02313023805618286
just	r	0.07327282428741455	0.06162935495376587	0.0175248384475708	0.008334875106811523	0.008018672466278076
n't	r	0.04910355806350708	0.021495699882507324	0.010177314281463623	0.007245063781738281	0.005338490009307861
trouble	n	0.1171637773513794	0.09841036796569824	0.03611832857131958	0.013922929763793945	0.009688496589660645
mark	v	0.1913543939590454	0.1605968475341797	0.06386911869049072	0.02888590097427368	0.023106157779693604
soon	r	0.07757794857025146	0.05743342638015747	0.02972620725631714	0.010442554950714111	0.008768141269683838
local	a	0.10618025064468384	0.05499982833862305	0.032983481884002686	0.017152369022369385	0.018253028392791748
gun	n	0.08011984825134277	0.04751598834991455	0.016437768936157227	0.008010566234588623	0.006456971168518066
certain	a	0.09592622518539429	0.05202674865722656	0.03281378746032715	0.013475358486175537	0.01027071475982666
week	n	0.06709569692611694	0.07636117935180664	0.08204686641693115	0.022035658359527588	0.02592247724533081
question	n	0.0815577507019043	0.061321139335632324	0.025785088539123535	0.010379135608673096	0.007781803607940674
appear	v	0.10899341106414795	0.0695694088935852	0.0409964919090271	0.024399518966674805	0.014548957347869873
little	a	0.049750328063964844	0.05694282054901123	0.0354120135307312	0.009759604930877686	0.005890846252441406
help	v	0.10606127977371216	0.04904145002365112	0.03503793478012085	0.015170156955718994	0.019045591354370117
merely	r	0.03333282470703125	0.0362858772277832	0.024272620677947998	0.008778035640716553	0.009653031826019287
means	n	0.06684893369674683	0.04810148477554321	0.01601386070251465	0.011616349220275879	0.00881659984588623
report	v	0.17700034379959106	0.12371426820755005	0.051616132259368896	0.012898743152618408	0.008974313735961914
declare	v	0.08774656057357788	0.06497597694396973	0.02566629648208618	0.007119476795196533	0.007055759429931641
sound	v	0.15903258323669434	0.13655757904052734	0.05684387683868408	0.02613312005996704	0.01908409595489502
deny	v	0.10671210289001465	0.05793499946594238	0.024737238883972168	0.013426065444946289	0.02070528268814087
include	v	0.1915982961654663	0.11448180675506592	0.03490257263183594	0.01677149534225464	0.01611649990081787
argue	v	0.15525871515274048	0.06332677602767944	0.05692952871322632	0.02708035707473755	0.016516447067260742
probably	r	0.058021366596221924	0.02504640817642212	0.012323737144470215	0.009507715702056885	0.009389758110046387
special	a	0.10514765977859497	0.078238844871521	0.028558015823364258	0.010550141334533691	0.009478092193603516
student	n	0.23704224824905396	0.11483120918273926	0.024129748344421387	0.0176619291305542	0.01364809274673462
require	v	0.1392708420753479	0.09924697875976562	0.032198548316955566	0.011149048805236816	0.009087026119232178
child	n	0.05466568470001221	0.03580445051193237	0.026472926139831543	0.019230425357818604	0.010653376579284668
come	v	0.08574748039245605	0.11134237051010132	0.034473299980163574	0.021886050701141357	0.01588582992553711
school	n	0.09662091732025146	0.03876250982284546	0.04068940877914429	0.01882237195968628	0.016671836376190186
hear	v	0.11963897943496704	0.07095581293106079	0.08264678716659546	0.01770961284637451	0.02182692289352417
think	v	0.09296464920043945	0.08362430334091187	0.027103185653686523	0.015276193618774414	0.01268845796585083
letter	n	0.1681075096130371	0.04160588979721069	0.024939417839050293	0.014125823974609375	0.012413620948791504
people	n	0.08802515268325806	0.058698952198028564	0.024424076080322266	0.011523127555847168	0.009518921375274658
later	r	0.09067147970199585	0.025522232055664062	0.011974871158599854	0.009636342525482178	0.008338451385498047
finally	r	0.03105008602142334	0.0470462441444397	0.027441859245300293	0.013560056686401367	0.006098508834838867
send	v	0.0746774673461914	0.03988194465637207	0.02403879165649414	0.015408098697662354	0.01673424243927002
instead	r	0.02967172861099243	0.03950345516204834	0.014404535293579102	0.02044820785522461	0.019812822341918945
company	n	0.18785101175308228	0.13700443506240845	0.05948638916015625	0.018697619438171387	0.023722171783447266
right	n	0.0546451210975647	0.05670255422592163	0.03000056743621826	0.016835331916809082	0.011596977710723877
suggest	v	0.08223509788513184	0.06731146574020386	0.05747652053833008	0.01965510845184326	0.01835733652114868
need	n	0.08080965280532837	0.030483603477478027	0.03415745496749878	0.01821953058242798	0.018654704093933105
select	v	0.11960893869400024	0.08835816383361816	0.05664879083633423	0.026095807552337646	0.02383553981781006
house	n	0.1365470290184021	0.05847346782684326	0.0284612774848938	0.018231630325317383	0.018839895725250244
decide	v	0.09023785591125488	0.04121452569961548	0.02599632740020752	0.01633208990097046	0.011416435241699219
kind	n	0.05474919080734253	0.04293978214263916	0.03184765577316284	0.00998598337173462	0.008890032768249512
idea	n	0.06621235609054565	0.059955060482025146	0.02403038740158081	0.015673696994781494	0.02467292547225952
kill	v	0.14280951023101807	0.04986506700515747	0.024621665477752686	0.014847338199615479	0.013289272785186768
set	v	0.10482829809188843	0.0668720006942749	0.029460549354553223	0.013316452503204346	0.011507630348205566
big	a	0.11308854818344116	0.0545918345451355	0.0308113694190979	0.011533558368682861	0.00980609655380249
insist	v	0.08874255418777466	0.10760146379470825	0.03975623846054077	0.012940704822540283	0.00959712266921997
effort	n	0.14828985929489136	0.1298554539680481	0.029682695865631104	0.020033597946166992	0.010792434215545654
place	n	0.08387637138366699	0.05287158489227295	0.027617335319519043	0.014071822166442871	0.008442342281341553
end	v	0.1192784309387207	0.05796456336975098	0.0506020188331604	0.026546776294708252	0.023140311241149902
increase	v	0.11845606565475464	0.0630941390991211	0.06500321626663208	0.027293741703033447	0.029128611087799072
large	a	0.11930227279663086	0.04590505361557007	0.03243827819824219	0.012660622596740723	0.009760439395904541
spend	v	0.05779999494552612	0.032083868980407715	0.026745259761810303	0.02192080020904541	0.02124553918838501
statement	n	0.13765501976013184	0.04855829477310181	0.03412783145904541	0.01752150058746338	0.016791701316833496
boy	n	0.09101927280426025	0.04455810785293579	0.0468519926071167	0.015262603759765625	0.010723233222961426
method	n	0.08273160457611084	0.049362361431121826	0.026528000831604004	0.008741378784179688	0.006820380687713623
teach	v	0.1120801568031311	0.07671189308166504	0.06280380487442017	0.02529752254486084	0.01783430576324463
history	n	0.06606727838516235	0.03441894054412842	0.0166933536529541	0.010871648788452148	0.006652951240539551
normal	a	0.05839318037033081	0.035536766052246094	0.020508110523223877	0.014322817325592041	0.012323975563049316
join	v	0.11559051275253296	0.04927915334701538	0.026292920112609863	0.013945400714874268	0.009398281574249268
degree	n	0.1117469072341919	0.09929072856903076	0.02554863691329956	0.018213927745819092	0.02565908432006836
family	n	0.09748947620391846	0.05968427658081055	0.032559871673583984	0.015768885612487793	0.014024019241333008
volume	n	0.06385445594787598	0.03422623872756958	0.01986294984817505	0.012380361557006836	0.012320518493652344
case	n	0.06844007968902588	0.05524563789367676	0.029608726501464844	0.01215273141860962	0.011168837547302246
community	n	0.04964500665664673	0.045593857765197754	0.025980234146118164	0.016322433948516846	0.01046842336654663
able	a	0.03632068634033203	0.03159618377685547	0.01596689224243164	0.00825190544128418	0.006521344184875488
deal	v	0.19585579633712769	0.07567250728607178	0.02804696559906006	0.013935506343841553	0.00865858793258667
drop	v	0.07926291227340698	0.07016146183013916	0.04144102334976196	0.021929264068603516	0.01471167802810669
exist	v	0.07207876443862915	0.05243492126464844	0.029640495777130127	0.03978073596954346	0.016136467456817627
game	n	0.06119793653488159	0.040305376052856445	0.023971259593963623	0.015291452407836914	0.013412892818450928
single	a	0.06795883178710938	0.045246243476867676	0.013440907001495361	0.00796520709991455	0.006111741065979004
draw	v	0.1042826771736145	0.060934364795684814	0.044602930545806885	0.017144203186035156	0.01737391948699951
wide	a	0.10286509990692139	0.06399500370025635	0.032308340072631836	0.015425562858581543	0.011233031749725342
prove	v	0.15924566984176636	0.06815016269683838	0.03516966104507446	0.018401682376861572	0.013811349868774414
perform	v	0.162256121635437	0.09237909317016602	0.04407036304473877	0.01733618974685669	0.01467287540435791
fail	v	0.15451616048812866	0.0750274658203125	0.04274553060531616	0.013175487518310547	0.011672437191009521
second	a	0.08024972677230835	0.06495475769042969	0.025410830974578857	0.017830610275268555	0.013765037059783936
hour	n	0.05501145124435425	0.034327566623687744	0.044418394565582275	0.015154659748077393	0.01674509048461914
minute	n	0.10954558849334717	0.08211678266525269	0.03369194269180298	0.022331058979034424	0.017764925956726074
cross	v	0.1705835461616516	0.06947427988052368	0.04151970148086548	0.016920745372772217	0.013322889804840088
hard	a	0.1840651035308838	0.04958498477935791	0.030083954334259033	0.020084500312805176	0.014376342296600342
throw	v	0.10723757743835449	0.07849955558776855	0.0407751202583313	0.01770925521850586	0.016553819179534912
try	v	0.34236401319503784	0.11768734455108643	0.04505562782287598	0.01610708236694336	0.008368372917175293
close	a	0.1021680235862732	0.061263203620910645	0.02978891134262085	0.019208431243896484	0.014660418033599854
play	n	0.07886350154876709	0.07357019186019897	0.029419004917144775	0.01977717876434326	0.01158154010772705
difficult	a	0.06333625316619873	0.042589783668518066	0.01792365312576294	0.007296442985534668	0.0067400336265563965
wall	n	0.15050822496414185	0.08058655261993408	0.05597841739654541	0.01732778549194336	0.014442086219787598
break	v	0.11907690763473511	0.06047004461288452	0.03613168001174927	0.034184396266937256	0.02207726240158081
today	n	0.05733084678649902	0.03895944356918335	0.019723892211914062	0.008509993553161621	0.0077034831047058105
military	a	0.07156801223754883	0.03620326519012451	0.014662384986877441	0.006881833076477051	0.005189776420593262
complete	v	0.2023598551750183	0.12427115440368652	0.062238097190856934	0.03317540884017944	0.02038627862930298
fly	v	0.21804994344711304	0.132409930229187	0.04870176315307617	0.022972941398620605	0.026061415672302246
hope	v	0.27542322874069214	0.17856621742248535	0.08610838651657104	0.019713997840881348	0.017993450164794922
job	n	0.07535398006439209	0.023985743522644043	0.022143781185150146	0.010965526103973389	0.009460628032684326
know	v	0.13094109296798706	0.05836719274520874	0.034621357917785645	0.020792126655578613	0.018492043018341064
share	v	0.05798470973968506	0.04273116588592529	0.017767667770385742	0.02723371982574463	0.0222206711769104
plan	v	0.13991540670394897	0.05704855918884277	0.062039732933044434	0.0431554913520813	0.03170973062515259
ago	r	0.019692420959472656	0.01209944486618042	0.010616302490234375	0.0035130977630615234	0.003107130527496338
summer	n	0.2443341612815857	0.18040740489959717	0.11917215585708618	0.023203372955322266	0.011732816696166992
arrive	v	0.10126030445098877	0.051530420780181885	0.02315598726272583	0.008903741836547852	0.007340192794799805
really	r	0.08713918924331665	0.03749769926071167	0.031716883182525635	0.010023772716522217	0.007508337497711182
gain	v	0.08872425556182861	0.07259887456893921	0.036474525928497314	0.020334184169769287	0.02057349681854248
early	a	0.12318640947341919	0.071353018283844	0.05534571409225464	0.029904305934906006	0.02079761028289795
stage	n	0.06536078453063965	0.059543490409851074	0.03663986921310425	0.01529604196548462	0.020531892776489258
condition	n	0.21960043907165527	0.1776949167251587	0.05246490240097046	0.012435555458068848	0.011888563632965088
horse	n	0.04538148641586304	0.03321558237075806	0.032451331615448	0.012484967708587646	0.010127246379852295
claim	v	0.19037389755249023	0.09520715475082397	0.052403271198272705	0.027805685997009277	0.013286113739013672
month	n	0.23007255792617798	0.11472326517105103	0.024165689945220947	0.010410308837890625	0.008548855781555176
young	a	0.11199367046356201	0.1270962357521057	0.05215388536453247	0.022803902626037598	0.019769608974456787
season	n	0.18824869394302368	0.09425395727157593	0.04105091094970703	0.012778520584106445	0.009297668933868408
woman	n	0.10461127758026123	0.04572528600692749	0.029737412929534912	0.016629695892333984	0.010685741901397705
finish	v	0.09447258710861206	0.060758113861083984	0.022391140460968018	0.010358750820159912	0.009085536003112793
right	a	0.0968664288520813	0.036868274211883545	0.021877765655517578	0.016096770763397217	0.012240827083587646
position	n	0.1252232789993286	0.08373463153839111	0.07166439294815063	0.0263633131980896	0.01933300495147705
use	v	0.097442626953125	0.07990342378616333	0.038090288639068604	0.03482460975646973	0.04220700263977051
pull	v	0.07124131917953491	0.04968196153640747	0.025322556495666504	0.010987937450408936	0.008885860443115234
leg	n	0.07284367084503174	0.040452420711517334	0.03824490308761597	0.0763552188873291	0.06091153621673584
catch	v	0.07543325424194336	0.04396331310272217	0.019922852516174316	0.0082358717918396	0.007247626781463623
swing	v	0.1033017635345459	0.062399089336395264	0.03087759017944336	0.016996443271636963	0.013905763626098633
explain	v	0.12915992736816406	0.04436612129211426	0.030581355094909668	0.01936894655227661	0.011629223823547363
short	a	0.09122860431671143	0.07864826917648315	0.05222582817077637	0.019077003002166748	0.01571822166442871
line	n	0.09463262557983398	0.08163422346115112	0.05114567279815674	0.029831886291503906	0.027213752269744873
good	a	0.12344986200332642	0.049453675746917725	0.023279130458831787	0.015115439891815186	0.013444721698760986
feeling	n	0.05589580535888672	0.06992393732070923	0.040502071380615234	0.020099103450775146	0.02287423610687256
attention	n	0.11509138345718384	0.07432305812835693	0.028046786785125732	0.012320220470428467	0.01242738962173462
turn	v	0.11492890119552612	0.07359689474105835	0.03255665302276611	0.01292186975479126	0.008270561695098877
kid	n	0.07511532306671143	0.024964511394500732	0.023659169673919678	0.0075171589851379395	0.008128464221954346
stay	v	0.1018824577331543	0.04011416435241699	0.030131101608276367	0.008499205112457275	0.006604492664337158
express	v	0.14903563261032104	0.11195963621139526	0.03314143419265747	0.025668203830718994	0.018949925899505615
particular	a	0.059417545795440674	0.041122376918792725	0.025381147861480713	0.007741868495941162	0.007174253463745117
contribute	v	0.20236116647720337	0.11159664392471313	0.020237326622009277	0.0198705792427063	0.018466711044311523
lie	v	0.1834999918937683	0.08577102422714233	0.05212956666946411	0.01909703016281128	0.01817190647125244
hit	v	0.07467025518417358	0.05267810821533203	0.028772354125976562	0.020035266876220703	0.013269960880279541
look	v	0.06192779541015625	0.04294121265411377	0.036699533462524414	0.017361164093017578	0.017824649810791016
better	a	0.07265245914459229	0.05376666784286499	0.02697962522506714	0.013128697872161865	0.008623123168945312
film	n	0.06129699945449829	0.0638352632522583	0.024755358695983887	0.0128251314163208	0.00972050428390503
treatment	n	0.10436272621154785	0.05263930559158325	0.042712509632110596	0.02296912670135498	0.03056323528289795
suffer	v	0.16798830032348633	0.07501643896102905	0.04376780986785889	0.030548512935638428	0.019523024559020996
important	a	0.053356707096099854	0.04167795181274414	0.027433335781097412	0.011240661144256592	0.007825255393981934
hand	n	0.10023277997970581	0.029159367084503174	0.020358502864837646	0.011066615581512451	0.009530425071716309
meet	v	0.10170543193817139	0.10462188720703125	0.07052510976791382	0.029246747493743896	0.018279731273651123
like	v	0.24599605798721313	0.25154268741607666	0.08348596096038818	0.05594444274902344	0.05379033088684082
result	v	0.08980917930603027	0.05102342367172241	0.029812097549438477	0.022410094738006592	0.022740542888641357
book	n	0.05156475305557251	0.03471875190734863	0.02103179693222046	0.013578474521636963	0.009342789649963379
point	n	0.18847602605819702	0.06742316484451294	0.04370319843292236	0.05560004711151123	0.036272287368774414
various	a	0.04535156488418579	0.04320257902145386	0.016151845455169678	0.005631148815155029	0.004528522491455078
area	n	0.10307681560516357	0.0484769344329834	0.027174532413482666	0.01085275411605835	0.014193475246429443
walk	v	0.09766441583633423	0.05648285150527954	0.02977389097213745	0.022029459476470947	0.014562427997589111
corner	n	0.10030293464660645	0.07896161079406738	0.03395909070968628	0.010517656803131104	0.01047450304031372
arm	n	0.057935237884521484	0.055435001850128174	0.016464650630950928	0.013012528419494629	0.013409018516540527
dark	a	0.07313346862792969	0.06510823965072632	0.044452011585235596	0.02511775493621826	0.0175667405128479
world	n	0.0565374493598938	0.04132765531539917	0.016209721565246582	0.009495556354522705	0.008125066757202148
high	a	0.1406693458557129	0.109222412109375	0.11673206090927124	0.03185081481933594	0.0232430100440979
man	n	0.12224078178405762	0.10353553295135498	0.040403664112091064	0.01659613847732544	0.015210211277008057
away	r	0.05869704484939575	0.03297722339630127	0.013845384120941162	0.009491324424743652	0.008964598178863525
talk	v	0.07844120264053345	0.034056246280670166	0.031532347202301025	0.019857347011566162	0.011602580547332764
quite	r	0.05670207738876343	0.059694647789001465	0.021225154399871826	0.009984731674194336	0.008616268634796143
suddenly	r	0.11343437433242798	0.04651612043380737	0.018029451370239258	0.010874390602111816	0.007426321506500244
fact	n	0.06734538078308105	0.0300900936126709	0.024203598499298096	0.011179447174072266	0.01126796007156372
reach	v	0.10082101821899414	0.04798734188079834	0.042561113834381104	0.01902240514755249	0.018224239349365234
heart	n	0.12538951635360718	0.07343673706054688	0.03436732292175293	0.011896073818206787	0.008298099040985107
real	a	0.0630154013633728	0.049573421478271484	0.020874381065368652	0.011187434196472168	0.010373353958129883
remember	v	0.14967340230941772	0.07956039905548096	0.04297971725463867	0.013530910015106201	0.010601222515106201
period	n	0.08921408653259277	0.0544620156288147	0.03435969352722168	0.022722363471984863	0.01833122968673706
figure	n	0.12443786859512329	0.07545822858810425	0.043708205223083496	0.04277336597442627	0.028265416622161865
situation	n	0.09053146839141846	0.042305171489715576	0.04517573118209839	0.01820993423461914	0.01728999614715576
especially	r	0.06399112939834595	0.04123044013977051	0.01665627956390381	0.005994558334350586	0.0043885111808776855
level	n	0.08199894428253174	0.07042980194091797	0.03940165042877197	0.015932202339172363	0.012459039688110352
refuse	v	0.18359345197677612	0.07821595668792725	0.038780391216278076	0.018425464630126953	0.024023771286010742
list	n	0.07272297143936157	0.04614514112472534	0.021481573581695557	0.020559728145599365	0.012452185153961182
recognize	v	0.10281789302825928	0.08524137735366821	0.03616690635681152	0.020510077476501465	0.022011160850524902
human	a	0.04834944009780884	0.034731924533843994	0.016069769859313965	0.007151007652282715	0.006739437580108643
drive	v	0.15201044082641602	0.10008484125137329	0.0582120418548584	0.026839733123779297	0.02372431755065918
spirit	n	0.05143946409225464	0.0324210524559021	0.02125614881515503	0.012139976024627686	0.009055614471435547
encourage	v	0.10595548152923584	0.05064660310745239	0.030647754669189453	0.015105783939361572	0.01332765817642212
distance	n	0.09178638458251953	0.04808759689331055	0.014679014682769775	0.007302403450012207	0.0054964423179626465
write	v	0.09386461973190308	0.05313533544540405	0.02209383249282837	0.022423207759857178	0.020031869411468506
small	a	0.09834945201873779	0.03581511974334717	0.02409583330154419	0.011821925640106201	0.00957876443862915
happen	v	0.06171464920043945	0.03792083263397217	0.033840954303741455	0.013556420803070068	0.014931857585906982
sure	a	0.07186675071716309	0.029007256031036377	0.010970473289489746	0.012119054794311523	0.010059714317321777
force	n	0.08353430032730103	0.0959928035736084	0.07381206750869751	0.02599811553955078	0.01698821783065796
remove	v	0.08355224132537842	0.07518136501312256	0.053333580493927	0.016604840755462646	0.010148108005523682
father	n	0.10810273885726929	0.0357322096824646	0.02595144510269165	0.009864628314971924	0.007187485694885254
supply	v	0.11818063259124756	0.08642560243606567	0.04689306020736694	0.016234219074249268	0.020886778831481934
discuss	v	0.09520208835601807	0.04354912042617798	0.038198649883270264	0.019280612468719482	0.01652580499649048
concern	v	0.16246634721755981	0.07038885354995728	0.03993046283721924	0.0426255464553833	0.03811532258987427
reason	n	0.12588244676589966	0.05129319429397583	0.029206573963165283	0.008533596992492676	0.007085144519805908
open	a	0.09399110078811646	0.10414320230484009	0.04673212766647339	0.022446751594543457	0.02426856756210327
mean	v	0.10784405469894409	0.10421627759933472	0.03764921426773071	0.013697028160095215	0.006775498390197754
indicate	v	0.1208503246307373	0.09375554323196411	0.037920355796813965	0.013612627983093262	0.012661278247833252
town	n	0.06843507289886475	0.03446495532989502	0.017452597618103027	0.013276636600494385	0.0083579421043396
likely	a	0.025397956371307373	0.01752650737762451	0.012511670589447021	0.005671977996826172	0.004218101501464844
stand	v	0.07361263036727905	0.05000585317611694	0.026150941848754883	0.010866224765777588	0.00807887315750122
low	a	0.4569411277770996	0.24203747510910034	0.08313149213790894	0.02579331398010254	0.01581287384033203
sort	n	0.08380013704299927	0.04242008924484253	0.02369523048400879	0.00923532247543335	0.008082091808319092
different	a	0.03918415307998657	0.023260772228240967	0.015874147415161133	0.010701775550842285	0.01034170389175415
usually	r	0.08081322908401489	0.05832469463348389	0.028088510036468506	0.011580288410186768	0.008129656314849854
husband	n	0.11898648738861084	0.027528047561645508	0.01405346393585205	0.012712836265563965	0.008218646049499512
present	v	0.12789630889892578	0.08534228801727295	0.0378413200378418	0.02690070867538452	0.0300561785697937
true	a	0.04592025279998779	0.036319851875305176	0.017155468463897705	0.00916898250579834	0.008459329605102539
agree	v	0.07908087968826294	0.05889558792114258	0.056944191455841064	0.024605631828308105	0.019280314445495605
care	v	0.08826333284378052	0.056309282779693604	0.028477370738983154	0.01641327142715454	0.012092232704162598
handle	v	0.17453348636627197	0.06624627113342285	0.041917502880096436	0.017816483974456787	0.022352755069732666
push	v	0.13589012622833252	0.07334834337234497	0.03877490758895874	0.02106773853302002	0.01565605401992798
possibility	n	0.19329941272735596	0.23328137397766113	0.1374642252922058	0.043923914432525635	0.029847681522369385
spread	v	0.09825682640075684	0.08759528398513794	0.03461188077926636	0.024615466594696045	0.02163708209991455
temperature	n	0.12173068523406982	0.05324399471282959	0.02307182550430298	0.016296327114105225	0.011537611484527588
type	n	0.06929457187652588	0.06575077772140503	0.020835578441619873	0.012494564056396484	0.01753222942352295
range	n	0.10231262445449829	0.06423848867416382	0.019384443759918213	0.009004771709442139	0.008220255374908447
white	a	0.07986807823181152	0.039930760860443115	0.012368261814117432	0.007569670677185059	0.007293760776519775
american	a	0.06991440057754517	0.046324312686920166	0.010318577289581299	0.009045898914337158	0.007559716701507568
surface	n	0.052061259746551514	0.04367607831954956	0.024068593978881836	0.009666860103607178	0.0076084136962890625
control	v	0.08229190111160278	0.05885964632034302	0.049387335777282715	0.021073222160339355	0.01850181818008423
patient	n	0.07391667366027832	0.044735610485076904	0.024246931076049805	0.010204851627349854	0.01341712474822998
compare	v	0.08906656503677368	0.04116886854171753	0.019925415515899658	0.012546777725219727	0.01051628589630127
particularly	r	0.11224478483200073	0.08987289667129517	0.03842318058013916	0.019129157066345215	0.017471671104431152
individual	n	0.1765354871749878	0.23334068059921265	0.022212207317352295	0.015134215354919434	0.01163262128829956
tend	v	0.09146773815155029	0.05165499448776245	0.02602100372314453	0.020286738872528076	0.01455831527709961
technique	n	0.10581213235855103	0.07797437906265259	0.03611016273498535	0.015356361865997314	0.013526380062103271
common	a	0.07575178146362305	0.0381237268447876	0.0162503719329834	0.007607400417327881	0.0064661502838134766
value	n	0.16982513666152954	0.09120833873748779	0.03446477651596069	0.012733876705169678	0.012433946132659912
grow	v	0.11774986982345581	0.055642664432525635	0.03880518674850464	0.025633037090301514	0.02958017587661743
experiment	n	0.06332999467849731	0.047331154346466064	0.030675888061523438	0.014745533466339111	0.011140942573547363
sound	n	0.12288117408752441	0.073569655418396	0.0406154990196228	0.012960672378540039	0.010772168636322021
guess	v	0.11062932014465332	0.07319623231887817	0.07308000326156616	0.028261780738830566	0.027851521968841553
somewhat	r	0.0647881031036377	0.047945380210876465	0.02300560474395752	0.008695483207702637	0.007853031158447266
avoid	v	0.06165128946304321	0.03259783983230591	0.015570342540740967	0.009434521198272705	0.009213626384735107
process	n	0.15632754564285278	0.06391996145248413	0.02323734760284424	0.010122716426849365	0.008065998554229736
contain	v	0.1524735689163208	0.08544403314590454	0.0412752628326416	0.0385470986366272	0.022073745727539062
production	n	0.1713506579399109	0.09818637371063232	0.05077439546585083	0.01608419418334961	0.013142108917236328
language	n	0.10362786054611206	0.07190287113189697	0.03518122434616089	0.019827306270599365	0.01808333396911621
visit	v	0.03511977195739746	0.04979521036148071	0.04246944189071655	0.03263729810714722	0.025588572025299072
music	n	0.04476916790008545	0.027891874313354492	0.02507758140563965	0.008917689323425293	0.007002353668212891
reflect	v	0.17248600721359253	0.059575021266937256	0.03293275833129883	0.027346670627593994	0.037898123264312744
answer	n	0.07359504699707031	0.050816118717193604	0.03141772747039795	0.018598079681396484	0.013616383075714111
simple	a	0.04627150297164917	0.05217599868774414	0.025870025157928467	0.03080219030380249	0.021343111991882324
easy	a	0.06671541929244995	0.03287535905838013	0.022847533226013184	0.023272454738616943	0.01244056224822998
understand	v	0.1536167860031128	0.06164032220840454	0.05597126483917236	0.023216664791107178	0.02267378568649292
mother	n	0.04744374752044678	0.02676934003829956	0.0190274715423584	0.012871205806732178	0.008826911449432373
love	v	0.10945868492126465	0.0751258134841919	0.07001876831054688	0.021588504314422607	0.015991687774658203
attitude	n	0.052309513092041016	0.04073643684387207	0.015239596366882324	0.01103055477142334	0.008417248725891113
prevent	v	0.1697980761528015	0.08655768632888794	0.030390501022338867	0.01601231098175049	0.014723777770996094
voice	n	0.06040489673614502	0.03199118375778198	0.027242541313171387	0.008546948432922363	0.00736546516418457
development	n	0.0944564938545227	0.05666542053222656	0.03656911849975586	0.02121633291244507	0.015890538692474365
growth	n	0.096871018409729	0.05870109796524048	0.041668474674224854	0.01762235164642334	0.01165539026260376
use	n	0.07286566495895386	0.047443687915802	0.02379554510116577	0.013697981834411621	0.01031273603439331
speak	v	0.12567365169525146	0.11941671371459961	0.04318737983703613	0.033377647399902344	0.03467506170272827
object	n	0.06224614381790161	0.055342674255371094	0.03172194957733154	0.012365102767944336	0.010724961757659912
war	n	0.11724245548248291	0.05854231119155884	0.029419779777526855	0.013858675956726074	0.013459563255310059
fight	v	0.14352941513061523	0.08397054672241211	0.10163038969039917	0.021972239017486572	0.010778725147247314
measure	v	0.09154784679412842	0.09668439626693726	0.040139734745025635	0.01502084732055664	0.013134479522705078
assume	v	0.10228383541107178	0.05951821804046631	0.029521524906158447	0.015081584453582764	0.013131201267242432
raise	v	0.11119085550308228	0.06188291311264038	0.03150737285614014	0.014815211296081543	0.012042760848999023
mind	n	0.05511188507080078	0.03335261344909668	0.018509328365325928	0.010547816753387451	0.007333576679229736
success	n	0.10548949241638184	0.04640674591064453	0.024798333644866943	0.014338016510009766	0.011697709560394287
life	n	0.07378643751144409	0.043784260749816895	0.026042044162750244	0.01570647954940796	0.012928307056427002
rise	v	0.2175312638282776	0.1244773268699646	0.07358795404434204	0.029780030250549316	0.02171427011489868
state	v	0.1911606788635254	0.09044861793518066	0.042502641677856445	0.039049744606018066	0.035810887813568115
die	v	0.0915343165397644	0.07426607608795166	0.0242576003074646	0.019670724868774414	0.014766454696655273
piece	n	0.04954993724822998	0.0363423228263855	0.018936097621917725	0.016060709953308105	0.01082843542098999
material	n	0.1775423288345337	0.06115067005157471	0.02497243881225586	0.01856619119644165	0.022194266319274902
hang	v	0.17219799757003784	0.21179115772247314	0.07472926378250122	0.02870410680770874	0.02736353874206543
create	v	0.10571664571762085	0.052707016468048096	0.024680495262145996	0.021108925342559814	0.01248633861541748
buy	v	0.1609588861465454	0.08697569370269775	0.02558445930480957	0.01252812147140503	0.008474946022033691
friend	n	0.09113883972167969	0.07821488380432129	0.054117560386657715	0.024467527866363525	0.027049481868743896
reveal	v	0.111874520778656	0.10544490814208984	0.043786048889160156	0.01866096258163452	0.01570063829421997
procedure	n	0.0824439525604248	0.046123623847961426	0.018724024295806885	0.013502120971679688	0.009448885917663574
religious	a	0.045288681983947754	0.024549543857574463	0.015212714672088623	0.009572863578796387	0.0071985721588134766
repeat	v	0.16551721096038818	0.099209725856781	0.034557878971099854	0.04200965166091919	0.025643885135650635
heavy	a	0.05756860971450806	0.04627329111099243	0.020476222038269043	0.01037663221359253	0.01136547327041626
girl	n	0.07133042812347412	0.04625040292739868	0.018570423126220703	0.012809276580810547	0.008204400539398193
imagine	v	0.05853414535522461	0.0772438645362854	0.04995882511138916	0.03101295232772827	0.03523671627044678
certainly	r	0.03757798671722412	0.025671541690826416	0.01609700918197632	0.007122457027435303	0.006238281726837158
demand	v	0.13862037658691406	0.0694618821144104	0.03112781047821045	0.014394819736480713	0.010787785053253174
sing	v	0.15976554155349731	0.13197124004364014	0.09513306617736816	0.028159022331237793	0.028318464756011963
notice	v	0.17322415113449097	0.08214902877807617	0.034266889095306396	0.02056676149368286	0.01834803819656372
close	v	0.10367774963378906	0.08213257789611816	0.0357401967048645	0.022659480571746826	0.019119441509246826
air	n	0.08549869060516357	0.07183891534805298	0.04417276382446289	0.025865495204925537	0.01841902732849121
space	n	0.04969817399978638	0.03692471981048584	0.04068398475646973	0.01971614360809326	0.014676272869110107
modern	a	0.06510508060455322	0.03833562135696411	0.02728748321533203	0.009349524974822998	0.008039116859436035
sell	v	0.12399458885192871	0.07698661088943481	0.04298907518386841	0.032788753509521484	0.042257606983184814
earth	n	0.04905647039413452	0.051643967628479004	0.01757127046585083	0.012182772159576416	0.008231580257415771
eye	n	0.0877637267112732	0.030623435974121094	0.02072662115097046	0.015247166156768799	0.026404917240142822
total	a	0.08640074729919434	0.04120117425918579	0.022813856601715088	0.009777247905731201	0.008300185203552246
century	n	0.18955475091934204	0.09016400575637817	0.03388845920562744	0.009145081043243408	0.012814998626708984
role	n	0.07823878526687622	0.049405813217163086	0.03140270709991455	0.010099232196807861	0.008619606494903564
sense	n	0.0964246392250061	0.06052720546722412	0.024807333946228027	0.010899066925048828	0.008790850639343262
pattern	n	0.062447428703308105	0.05079108476638794	0.030875205993652344	0.00784611701965332	0.006009340286254883
quality	n	0.14627021551132202	0.22267812490463257	0.04231160879135132	0.015513718128204346	0.013690054416656494
room	n	0.1306450366973877	0.04409867525100708	0.02430248260498047	0.01648646593093872	0.014542162418365479
art	n	0.27095741033554077	0.2136995792388916	0.07063394784927368	0.033888041973114014	0.03127080202102661
stare	v	0.02126336097717285	0.01566106081008911	0.025750339031219482	0.010356664657592773	0.007847905158996582
view	n	0.10079401731491089	0.04656451940536499	0.016806840896606445	0.01219475269317627	0.011358201503753662
sample	n	0.08168303966522217	0.042387545108795166	0.017564117908477783	0.007843852043151855	0.00903385877609253
example	n	0.08844012022018433	0.048797011375427246	0.018037259578704834	0.009839892387390137	0.008407950401306152
moment	n	0.11557745933532715	0.06438738107681274	0.023654699325561523	0.008303999900817871	0.006129324436187744
choose	v	0.22066283226013184	0.1630932092666626	0.03570908308029175	0.023201942443847656	0.01608818769454956
complete	a	0.07869726419448853	0.04140281677246094	0.022086739540100098	0.011786818504333496	0.007506072521209717
effect	n	0.11828106641769409	0.04722726345062256	0.039557814598083496	0.01707315444946289	0.009786903858184814
difference	n	0.14958667755126953	0.1352289915084839	0.037174761295318604	0.016656041145324707	0.012723743915557861
bear	v	0.2970306873321533	0.1920071244239807	0.1795269250869751	0.07102984189987183	0.048458993434906006
basic	a	0.08920937776565552	0.06221270561218262	0.01967674493789673	0.009059786796569824	0.007297873497009277
involve	v	0.16043919324874878	0.09849029779434204	0.0666576623916626	0.03746199607849121	0.019413650035858154
industry	n	0.05035334825515747	0.0306246280670166	0.028572142124176025	0.015017330646514893	0.00920480489730835
land	n	0.10726195573806763	0.057936251163482666	0.03565174341201782	0.021612465381622314	0.017512023448944092
base	v	0.12873762845993042	0.06114518642425537	0.034791409969329834	0.012980401515960693	0.010453402996063232
eat	v	0.05685734748840332	0.044009268283843994	0.02135300636291504	0.0123368501663208	0.01050502061843872
story	n	0.21566098928451538	0.17287516593933105	0.029397904872894287	0.01497948169708252	0.014343798160552979
forget	v	0.0833541750907898	0.07416212558746338	0.02037864923477173	0.021682262420654297	0.014738857746124268
opportunity	n	0.09565573930740356	0.03730607032775879	0.044006407260894775	0.023699283599853516	0.01389390230178833
ride	v	0.15512675046920776	0.06958234310150146	0.055276453495025635	0.02695542573928833	0.019813120365142822
simply	r	0.05953359603881836	0.03300464153289795	0.01935344934463501	0.012057363986968994	0.009733498096466064
individual	a	0.05674844980239868	0.029224693775177002	0.017052114009857178	0.012543559074401855	0.009302735328674316
meaning	n	0.06741833686828613	0.040930986404418945	0.019071996212005615	0.014460563659667969	0.010838806629180908
thought	n	0.1674216389656067	0.06878972053527832	0.037293970584869385	0.022102653980255127	0.018426895141601562
tree	n	0.06077510118484497	0.05280572175979614	0.01856940984725952	0.007830500602722168	0.006866276264190674
fear	n	0.07621467113494873	0.035370707511901855	0.022768616676330566	0.015283524990081787	0.015247464179992676
trial	n	0.1084754467010498	0.04465842247009277	0.03295987844467163	0.013172328472137451	0.012266933917999268
attempt	v	0.09088456630706787	0.04135572910308838	0.041023850440979004	0.03273648023605347	0.013472557067871094
identify	v	0.14542102813720703	0.06677192449569702	0.02801215648651123	0.015364408493041992	0.012883424758911133
society	n	0.2712829113006592	0.18305879831314087	0.056718409061431885	0.033261120319366455	0.02259242534637451
god	n	0.050666213035583496	0.023489832878112793	0.015639543533325195	0.0078005194664001465	0.008907318115234375
necessary	a	0.09447944164276123	0.06419402360916138	0.02455878257751465	0.011697351932525635	0.006590604782104492
religion	n	0.04217487573623657	0.03846067190170288	0.026900172233581543	0.007881999015808105	0.006492555141448975
ground	n	0.07283908128738403	0.03003406524658203	0.02129948139190674	0.01538175344467163	0.01189124584197998
clear	a	0.07977962493896484	0.06524538993835449	0.019371092319488525	0.019122779369354248	0.015177011489868164
following	a	0.06598973274230957	0.044954538345336914	0.02794414758682251	0.007289588451385498	0.00787055492401123
change	v	0.09514522552490234	0.10248875617980957	0.07030797004699707	0.019270598888397217	0.014268577098846436
literature	n	0.05278885364532471	0.033049583435058594	0.010317206382751465	0.010046958923339844	0.005350232124328613
wear	v	0.15231996774673462	0.07451099157333374	0.06961888074874878	0.02486938238143921	0.021770715713500977
morning	n	0.10222184658050537	0.053884148597717285	0.016280829906463623	0.007949590682983398	0.00775301456451416
mass	n	0.08396351337432861	0.0580902099609375	0.027045130729675293	0.013510942459106445	0.015276908874511719
admit	v	0.17363178730010986	0.0834805965423584	0.11924493312835693	0.031700193881988525	0.012378275394439697
build	v	0.14250952005386353	0.056695401668548584	0.050666093826293945	0.03900188207626343	0.021016299724578857
feed	v	0.12145698070526123	0.06916481256484985	0.0360226035118103	0.04509919881820679	0.03855335712432861
nature	n	0.05495816469192505	0.02390265464782715	0.014084100723266602	0.007057607173919678	0.005747437477111816
affect	v	0.07054656744003296	0.062473416328430176	0.0484127402305603	0.033670127391815186	0.03123527765274048
theory	n	0.060781776905059814	0.04266124963760376	0.02402132749557495	0.013126790523529053	0.009793341159820557
training	n	0.0557519793510437	0.03972393274307251	0.021401166915893555	0.011747539043426514	0.010049998760223389
smile	v	0.020196199417114258	0.020999908447265625	0.017434775829315186	0.012188494205474854	0.014250993728637695
touch	v	0.08429586887359619	0.04229801893234253	0.038313090801239014	0.021624624729156494	0.01999884843826294
note	v	0.21385055780410767	0.11334192752838135	0.041597604751586914	0.021510958671569824	0.017828285694122314
plant	n	0.13150668144226074	0.09049159288406372	0.06845307350158691	0.03318876028060913	0.029148399829864502
cover	v	0.0900527834892273	0.058931946754455566	0.02884209156036377	0.01848745346069336	0.012418210506439209
vary	v	0.24751967191696167	0.14698147773742676	0.11985349655151367	0.025069713592529297	0.02299046516418457
discover	v	0.15628701448440552	0.0684317946434021	0.04148077964782715	0.022233903408050537	0.021969854831695557
listen	v	0.0893552303314209	0.059770047664642334	0.018650054931640625	0.008451342582702637	0.0091627836227417
social	a	0.07964098453521729	0.04197883605957031	0.0241851806640625	0.01223534345626831	0.010310769081115723
animal	n	0.08875328302383423	0.03807425498962402	0.02641075849533081	0.016076326370239258	0.015613377094268799
region	n	0.08655506372451782	0.08782225847244263	0.04338395595550537	0.024683654308319092	0.011618733406066895
building	n	0.10429120063781738	0.06421446800231934	0.028746306896209717	0.015260398387908936	0.010370135307312012
door	n	0.07614850997924805	0.028941571712493896	0.014874577522277832	0.00819098949432373	0.005314290523529053
floor	n	0.07995563745498657	0.07792246341705322	0.031159520149230957	0.013288736343383789	0.01035088300704956
car	n	0.07238179445266724	0.04302138090133667	0.019631385803222656	0.008958637714385986	0.008743762969970703
collect	v	0.10135853290557861	0.15607434511184692	0.03687620162963867	0.02147144079208374	0.024422764778137207
economic	a	0.06741684675216675	0.031402766704559326	0.01602780818939209	0.008622348308563232	0.0059702396392822266
answer	v	0.0877145528793335	0.05829167366027832	0.03589487075805664	0.027053236961364746	0.02041703462600708
product	n	0.15057867765426636	0.08746355772018433	0.043137311935424805	0.01571953296661377	0.01251232624053955
approach	v	0.10787063837051392	0.07136207818984985	0.0341983437538147	0.01642775535583496	0.017871558666229248
street	n	0.07908773422241211	0.10872948169708252	0.02056175470352173	0.010128557682037354	0.0072168707847595215
demonstrate	v	0.08405423164367676	0.09102100133895874	0.033933401107788086	0.014529287815093994	0.013395309448242188
analysis	n	0.07103276252746582	0.05787020921707153	0.031004786491394043	0.01442652940750122	0.018087804317474365
cell	n	0.0658232569694519	0.05889636278152466	0.01723688840866089	0.00836789608001709	0.0049669742584228516
measurement	n	0.0707588791847229	0.03913456201553345	0.017602622509002686	0.01112896203994751	0.014086127281188965
data	n	0.05172133445739746	0.027264177799224854	0.014572441577911377	0.010404884815216064	0.006728053092956543
stress	n	0.046204984188079834	0.04128122329711914	0.02062225341796875	0.01006174087524414	0.010113298892974854
window	n	0.06664913892745972	0.034975528717041016	0.019040465354919434	0.012750029563903809	0.006231427192687988
hair	n	0.052620530128479004	0.04180037975311279	0.02324223518371582	0.017934560775756836	0.01185905933380127
officer	n	0.16126149892807007	0.15968358516693115	0.059014081954956055	0.030319392681121826	0.017918407917022705
sleep	v	0.12535440921783447	0.06707894802093506	0.028575003147125244	0.010074615478515625	0.009983837604522705
shake	v	0.15741586685180664	0.09654784202575684	0.03727298974990845	0.026616334915161133	0.016816794872283936
wage	n	0.041010379791259766	0.03876519203186035	0.024714231491088867	0.009041130542755127	0.007841885089874268
shelter	n	0.04342418909072876	0.019028067588806152	0.015679001808166504	0.010266780853271484	0.007552206516265869
jew	n	0.22598421573638916	0.09359753131866455	0.030074357986450195	0.04792696237564087	0.03272044658660889
