position	word	lexsn	wnsn	supersense	X25	X3	X5	X10	X20	index
20	places	1:15:01::	4	noun.location	1	1	1	1	1	0
8	place	1:09:00::	3	noun.cognition	1	1	1	1	1	1
6	place	1:15:04::	2	noun.location	1	1	1	1	1	2
10	place	1:15:01::	4	noun.location	1	0	1	1	1	3
22	places	1:15:00::	1	noun.location	1	0	1	1	1	4
53	place	1:15:00::	1	noun.location	1	0	0	1	1	5
19	place	1:15:00::	1	noun.location	1	0	0	1	1	6
13	place	1:15:04::	2	noun.location	1	0	0	1	1	7
17	places	1:15:04::	2	noun.location	1	0	0	1	1	8
25	places	1:15:01::	4	noun.location	1	0	0	1	1	9
13	place	1:15:04::	2	noun.location	1	0	0	0	1	10
18	place	1:15:04::	2	noun.location	1	0	0	0	1	11
3	place	1:15:04::	2	noun.location	1	0	0	0	1	12
32	place	1:09:00::	3	noun.cognition	1	0	0	0	1	13
3	place	1:15:04::	2	noun.location	1	0	0	0	1	14
15	places	1:15:03::	11	noun.location	1	0	0	0	1	15
14	place	1:15:00::	1	noun.location	1	0	0	0	1	16
14	place	1:09:00::	3	noun.cognition	1	0	0	0	1	17
3	place	1:15:00::	1	noun.location	1	0	0	0	1	18
35	place	1:09:00::	3	noun.cognition	1	0	0	0	1	19
1	place	1:04:01::	5	noun.act	1	0	0	0	0	20
23	place	1:15:01::	4	noun.location	1	0	0	0	0	21
4	place	1:15:04::	2	noun.location	1	0	0	0	0	22
15	place	1:09:00::	3	noun.cognition	1	0	0	0	0	23
3	place	1:26:01::	6	noun.state	1	0	0	0	0	24
10	places	1:15:00::	1	noun.location	2	2	2	2	2	25
8	place	1:09:00::	3	noun.cognition	2	2	2	2	2	26
20	place	1:15:00::	1	noun.location	2	2	2	2	2	27
26	place	1:15:00::	1	noun.location	2	0	2	2	2	28
22	place	1:15:04::	2	noun.location	2	0	2	2	2	29
10	places	1:15:00::	1	noun.location	2	0	0	2	2	30
14	places	1:15:00::	1	noun.location	2	0	0	2	2	31
9	place	1:26:01::	6	noun.state	2	0	0	2	2	32
1	place	1:15:00::	1	noun.location	2	0	0	2	2	33
16	place	1:15:00::	1	noun.location	2	0	0	2	2	34
7	place	1:09:00::	3	noun.cognition	2	0	0	0	2	35
23	places	1:15:00::	1	noun.location	2	0	0	0	2	36
16	place	1:15:00::	1	noun.location	2	0	0	0	2	37
3	place	1:09:00::	3	noun.cognition	2	0	0	0	2	38
6	place	1:15:04::	2	noun.location	2	0	0	0	2	39
11	place	1:04:01::	5	noun.act	2	0	0	0	2	40
14	places	1:04:00::	8	noun.act	2	0	0	0	2	41
6	place	1:15:02::	14	noun.location	2	0	0	0	2	42
3	places	1:15:01::	4	noun.location	2	0	0	0	2	43
28	place	1:11:00::	0	noun.event	2	0	0	0	2	44
5	place	1:15:00::	1	noun.location	2	0	0	0	0	45
6	place	1:15:06::	7	noun.location	2	0	0	0	0	46
13	place	1:15:00::	1	noun.location	2	0	0	0	0	47
6	place	1:15:05::	9	noun.location	2	0	0	0	0	48
4	place	1:26:00::	10	noun.state	2	0	0	0	0	49
