position	word	lexsn	wnsn	supersense	X25	X3	X5	X10	X20	index
22	wohd	1:10:03::	2	noun.communication	1	1	1	1	1	0
17	word	1:10:03::	2	noun.communication	1	1	1	1	1	1
10	word	1:10:00::	1	noun.communication	1	1	1	1	1	2
1	word	1:10:03::	2	noun.communication	1	0	1	1	1	3
16	word	1:10:02::	3	noun.communication	1	0	1	1	1	4
15	word	1:10:00::	1	noun.communication	1	0	0	1	1	5
33	word	1:10:00::	1	noun.communication	1	0	0	1	1	6
9	word	1:10:00::	1	noun.communication	1	0	0	1	1	7
3	word	1:10:00::	1	noun.communication	1	0	0	1	1	8
27	words	1:10:00::	1	noun.communication	1	0	0	1	1	9
4	word	1:10:03::	2	noun.communication	1	0	0	0	1	10
10	words	1:10:00::	1	noun.communication	1	0	0	0	1	11
7	word	1:10:00::	1	noun.communication	1	0	0	0	1	12
8	word	1:10:02::	3	noun.communication	1	0	0	0	1	13
6	word	1:10:00::	1	noun.communication	1	0	0	0	1	14
58	word	1:10:00::	1	noun.communication	1	0	0	0	1	15
18	word	1:10:06::	4	noun.communication	1	0	0	0	1	16
10	word	1:10:00::	1	noun.communication	1	0	0	0	1	17
10	words	1:10:00::	1	noun.communication	1	0	0	0	1	18
6	word	1:10:00::	1	noun.communication	1	0	0	0	1	19
27	word	1:10:02::	3	noun.communication	1	0	0	0	0	20
12	word	1:10:00::	1	noun.communication	1	0	0	0	0	21
11	words	1:10:00::	1	noun.communication	1	0	0	0	0	22
12	word	1:10:00::	1	noun.communication	1	0	0	0	0	23
19	word	1:10:00::	1	noun.communication	1	0	0	0	0	24
12	word	1:10:00::	1	noun.communication	2	2	2	2	2	25
4	word	1:10:00::	1	noun.communication	2	2	2	2	2	26
3	words	1:10:00::	1	noun.communication	2	2	2	2	2	27
5	words	1:10:00::	1	noun.communication	2	0	2	2	2	28
3	word	1:10:00::	1	noun.communication	2	0	2	2	2	29
22	word	1:10:00::	1	noun.communication	2	0	0	2	2	30
18	words	1:10:03::	2	noun.communication	2	0	0	2	2	31
4	word	1:10:03::	2	noun.communication	2	0	0	2	2	32
1	word	1:10:00::	1	noun.communication	2	0	0	2	2	33
2	word	1:10:00::	1	noun.communication	2	0	0	2	2	34
9	words	1:10:00::	1	noun.communication	2	0	0	0	2	35
2	words	1:10:00::	1	noun.communication	2	0	0	0	2	36
13	words	1:10:00::	1	noun.communication	2	0	0	0	2	37
9	words	1:10:00::	1	noun.communication	2	0	0	0	2	38
23	word	1:10:03::	2	noun.communication	2	0	0	0	2	39
7	word	1:10:00::	1	noun.communication	2	0	0	0	2	40
4	word	1:10:03::	2	noun.communication	2	0	0	0	2	41
5	word	1:10:00::	1	noun.communication	2	0	0	0	2	42
2	word	1:10:03::	2	noun.communication	2	0	0	0	2	43
5	words	1:10:00::	1	noun.communication	2	0	0	0	2	44
14	words	1:10:00::	1	noun.communication	2	0	0	0	0	45
10	words	1:10:00::	1	noun.communication	2	0	0	0	0	46
8	word	1:10:03::	2	noun.communication	2	0	0	0	0	47
14	word	1:10:00::	1	noun.communication	2	0	0	0	0	48
7	word	1:10:00::	1	noun.communication	2	0	0	0	0	49
