position	word	lexsn	wnsn	supersense	X25	X3	X5	X10	X20	index
3	wait	2:31:00::	3	verb.cognition	1	1	1	1	1	0
4	waiting	2:31:00::	3	verb.cognition	1	1	1	1	1	1
4	waiting	2:31:00::	3	verb.cognition	1	1	1	1	1	2
23	waited	2:31:00::	3	verb.cognition	1	0	1	1	1	3
16	waiting	2:31:00::	3	verb.cognition	1	0	1	1	1	4
1	wait	2:31:00::	3	verb.cognition	1	0	0	1	1	5
3	wait	2:31:00::	3	verb.cognition	1	0	0	1	1	6
24	waiting	2:31:00::	3	verb.cognition	1	0	0	1	1	7
63	waiting	2:31:00::	3	verb.cognition	1	0	0	1	1	8
30	waiting	2:31:00::	3	verb.cognition	1	0	0	1	1	9
7	waiting	2:31:00::	3	verb.cognition	1	0	0	0	1	10
4	waited	2:31:00::	3	verb.cognition	1	0	0	0	1	11
7	wait	2:31:00::	3	verb.cognition	1	0	0	0	1	12
3	waiting	2:31:00::	3	verb.cognition	1	0	0	0	1	13
5	waiting	2:31:00::	3	verb.cognition	1	0	0	0	1	14
2	wait	2:31:00::	3	verb.cognition	1	0	0	0	1	15
45	waiting	2:31:00::	3	verb.cognition	1	0	0	0	1	16
10	waiting	2:31:00::	3	verb.cognition	1	0	0	0	1	17
3	waited	2:31:00::	3	verb.cognition	1	0	0	0	1	18
12	wait	2:31:00::	3	verb.cognition	1	0	0	0	1	19
17	waited	2:31:00::	3	verb.cognition	1	0	0	0	0	20
21	wait	2:31:00::	3	verb.cognition	1	0	0	0	0	21
9	wait	2:31:00::	3	verb.cognition	1	0	0	0	0	22
7	waiting	2:31:00::	3	verb.cognition	1	0	0	0	0	23
11	waiting	2:31:00::	3	verb.cognition	1	0	0	0	0	24
16	wait	2:42:01::	2	verb.stative	2	2	2	2	2	25
1	Wait	2:42:01::	2	verb.stative	2	2	2	2	2	26
21	wait	2:42:01::	2	verb.stative	2	2	2	2	2	27
22	waiting	2:42:00::	1	verb.stative	2	0	2	2	2	28
1	waited	2:42:01::	2	verb.stative	2	0	2	2	2	29
8	waiting	2:42:00::	1	verb.stative	2	0	0	2	2	30
9	wait	2:42:01::	2	verb.stative	2	0	0	2	2	31
15	waiting	2:41:00::	4	verb.social	2	0	0	2	2	32
22	wait	2:42:01::	2	verb.stative	2	0	0	2	2	33
1	Wait	2:42:01::	2	verb.stative	2	0	0	2	2	34
11	waits	2:42:01::	2	verb.stative	2	0	0	0	2	35
1	waited	2:42:01::	2	verb.stative	2	0	0	0	2	36
4	waiting	2:42:00::	1	verb.stative	2	0	0	0	2	37
3	waited	2:42:00::	1	verb.stative	2	0	0	0	2	38
27	waiting	2:42:00::	1	verb.stative	2	0	0	0	2	39
34	waited	2:42:01::	2	verb.stative	2	0	0	0	2	40
15	waiting	2:42:00::	1	verb.stative	2	0	0	0	2	41
1	waited	2:42:00::	1	verb.stative	2	0	0	0	2	42
10	waiting	2:42:00::	1	verb.stative	2	0	0	0	2	43
1	waited	2:42:00::	1	verb.stative	2	0	0	0	2	44
2	wait	2:42:01::	2	verb.stative	2	0	0	0	0	45
20	waited	2:42:00::	1	verb.stative	2	0	0	0	0	46
10	waited	2:42:00::	1	verb.stative	2	0	0	0	0	47
31	wait	2:42:00::	1	verb.stative	2	0	0	0	0	48
20	waiting	2:42:01::	2	verb.stative	2	0	0	0	0	49
