position	word	lexsn	wnsn	supersense	X25	X3	X5	X10	X20	index
15	selected	2:31:00::	1	verb.cognition	1	1	1	1	1	0
12	select	2:31:00::	1	verb.cognition	1	1	1	1	1	1
19	selects	2:31:00::	1	verb.cognition	1	1	1	1	1	2
5	select	2:31:00::	1	verb.cognition	1	0	1	1	1	3
14	selected	2:31:00::	1	verb.cognition	1	0	1	1	1	4
4	selects	2:31:00::	1	verb.cognition	1	0	0	1	1	5
9	selected	2:31:00::	1	verb.cognition	1	0	0	1	1	6
12	selected	2:31:00::	1	verb.cognition	1	0	0	1	1	7
15	selected	2:31:00::	1	verb.cognition	1	0	0	1	1	8
1	selects	2:31:00::	1	verb.cognition	1	0	0	1	1	9
12	selecting	2:31:00::	1	verb.cognition	1	0	0	0	1	10
33	selected	2:31:00::	1	verb.cognition	1	0	0	0	1	11
6	selected	2:31:00::	1	verb.cognition	1	0	0	0	1	12
9	selecting	2:31:00::	1	verb.cognition	1	0	0	0	1	13
6	selected	2:31:00::	1	verb.cognition	1	0	0	0	1	14
11	selected	2:31:00::	1	verb.cognition	1	0	0	0	1	15
7	selecting	2:31:00::	1	verb.cognition	1	0	0	0	1	16
10	selecting	2:31:00::	1	verb.cognition	1	0	0	0	1	17
10	selected	2:31:00::	1	verb.cognition	1	0	0	0	1	18
11	select	2:31:00::	1	verb.cognition	1	0	0	0	1	19
4	selected	2:31:00::	1	verb.cognition	1	0	0	0	0	20
9	selects	2:31:00::	1	verb.cognition	1	0	0	0	0	21
2	select	2:31:00::	1	verb.cognition	1	0	0	0	0	22
8	selecting	2:31:00::	1	verb.cognition	1	0	0	0	0	23
7	selected	2:31:00::	1	verb.cognition	1	0	0	0	0	24
11	selected	2:31:00::	1	verb.cognition	2	2	2	2	2	25
23	selected	2:31:00::	1	verb.cognition	2	2	2	2	2	26
5	selecting	2:31:00::	1	verb.cognition	2	2	2	2	2	27
21	selected	2:31:00::	1	verb.cognition	2	0	2	2	2	28
21	selected	2:31:00::	1	verb.cognition	2	0	2	2	2	29
1	selected	2:31:00::	1	verb.cognition	2	0	0	2	2	30
7	selected	2:31:00::	1	verb.cognition	2	0	0	2	2	31
12	selecting	2:31:00::	1	verb.cognition	2	0	0	2	2	32
5	selected	2:31:00::	1	verb.cognition	2	0	0	2	2	33
5	select	2:31:00::	1	verb.cognition	2	0	0	2	2	34
37	selected	2:31:00::	1	verb.cognition	2	0	0	0	2	35
9	select	2:31:00::	1	verb.cognition	2	0	0	0	2	36
4	selected	2:31:00::	1	verb.cognition	2	0	0	0	2	37
0	Selecting	2:31:00::	1	verb.cognition	2	0	0	0	2	38
5	selected	2:31:00::	1	verb.cognition	2	0	0	0	2	39
10	select	2:31:00::	1	verb.cognition	2	0	0	0	2	40
7	selected	2:31:00::	1	verb.cognition	2	0	0	0	2	41
19	select	2:31:00::	1	verb.cognition	2	0	0	0	2	42
16	selected	2:31:00::	1	verb.cognition	2	0	0	0	2	43
19	selecting	2:31:00::	1	verb.cognition	2	0	0	0	2	44
0	Select	2:31:00::	1	verb.cognition	2	0	0	0	0	45
8	selected	2:31:00::	1	verb.cognition	2	0	0	0	0	46
2	selected	2:31:00::	1	verb.cognition	2	0	0	0	0	47
19	selected	2:31:00::	1	verb.cognition	2	0	0	0	0	48
58	selected	2:31:00::	1	verb.cognition	2	0	0	0	0	49
