position	word	lexsn	wnsn	supersense	X25	X3	X5	X10	X20	index
23	reported	2:32:04::	2	verb.communication	1	1	1	1	1	0
6	reported	2:32:04::	2	verb.communication	1	1	1	1	1	1
11	reporting	2:32:00::	1	verb.communication	1	1	1	1	1	2
11	reported	2:32:03::	3	verb.communication	1	0	1	1	1	3
7	reporting	2:32:04::	2	verb.communication	1	0	1	1	1	4
16	reported	2:32:00::	1	verb.communication	1	0	0	1	1	5
21	reported	2:32:00::	1	verb.communication	1	0	0	1	1	6
11	report	2:32:00::	1	verb.communication	1	0	0	1	1	7
6	reported	2:32:04::	2	verb.communication	1	0	0	1	1	8
11	reported	2:32:04::	2	verb.communication	1	0	0	1	1	9
18	reported	2:32:00::	1	verb.communication	1	0	0	0	1	10
29	report	2:32:00::	1	verb.communication	1	0	0	0	1	11
2	reporting	2:32:04::	2	verb.communication	1	0	0	0	1	12
12	reported	2:32:00::	1	verb.communication	1	0	0	0	1	13
79	reports	2:32:00::	1	verb.communication	1	0	0	0	1	14
2	report	2:32:00::	1	verb.communication	1	0	0	0	1	15
8	reported	2:32:00::	1	verb.communication	1	0	0	0	1	16
2	reported	2:32:00::	1	verb.communication	1	0	0	0	1	17
17	report	2:32:00::	1	verb.communication	1	0	0	0	1	18
12	reported	2:32:04::	2	verb.communication	1	0	0	0	1	19
28	reported	2:32:04::	2	verb.communication	1	0	0	0	0	20
7	reported	2:32:04::	2	verb.communication	1	0	0	0	0	21
12	reported	2:32:04::	2	verb.communication	1	0	0	0	0	22
27	reported	2:32:00::	1	verb.communication	1	0	0	0	0	23
13	reported	2:32:03::	3	verb.communication	1	0	0	0	0	24
17	report	2:32:03::	3	verb.communication	2	2	2	2	2	25
35	reported	2:32:00::	1	verb.communication	2	2	2	2	2	26
21	report	2:32:04::	2	verb.communication	2	2	2	2	2	27
2	reported	2:32:02::	6	verb.communication	2	0	2	2	2	28
7	reported	2:32:04::	2	verb.communication	2	0	2	2	2	29
6	reported	2:32:00::	1	verb.communication	2	0	0	2	2	30
24	report	2:32:04::	2	verb.communication	2	0	0	2	2	31
2	reported	2:32:04::	2	verb.communication	2	0	0	2	2	32
18	reporting	2:32:04::	2	verb.communication	2	0	0	2	2	33
7	reporting	2:32:03::	3	verb.communication	2	0	0	2	2	34
51	reported	2:32:00::	1	verb.communication	2	0	0	0	2	35
25	reported	2:32:04::	2	verb.communication	2	0	0	0	2	36
1	reported	2:32:04::	2	verb.communication	2	0	0	0	2	37
9	reported	2:32:04::	2	verb.communication	2	0	0	0	2	38
2	reported	2:32:04::	2	verb.communication	2	0	0	0	2	39
1	reported	2:32:00::	1	verb.communication	2	0	0	0	2	40
3	reported	2:32:04::	2	verb.communication	2	0	0	0	2	41
18	reported	2:32:00::	1	verb.communication	2	0	0	0	2	42
8	report	2:32:01::	4	verb.communication	2	0	0	0	2	43
19	reported	2:32:00::	1	verb.communication	2	0	0	0	2	44
15	report	2:32:03::	3	verb.communication	2	0	0	0	0	45
3	reported	2:32:00::	1	verb.communication	2	0	0	0	0	46
18	reported	2:32:00::	1	verb.communication	2	0	0	0	0	47
2	reported	2:32:00::	1	verb.communication	2	0	0	0	0	48
31	reported	2:32:00::	1	verb.communication	2	0	0	0	0	49
