position	word	lexsn	wnsn	supersense	X25	X3	X5	X10	X20	index
1	shout	2:38:00::	6	verb.motion	1	1	1	1	1	0
36	shot	2:33:01::	1	verb.competition	1	1	1	1	1	1
24	Shot	2:33:01::	1	verb.competition	1	1	1	1	1	2
5	shoot	2:32:01::	4	verb.communication	1	0	1	1	1	3
3	shooting	2:33:00::	3	verb.competition	1	0	1	1	1	4
12	shot	2:33:01::	1	verb.competition	1	0	0	1	1	5
18	shoot	2:38:00::	6	verb.motion	1	0	0	1	1	6
17	shot	2:32:01::	4	verb.communication	1	0	0	1	1	7
3	shot	2:32:01::	4	verb.communication	1	0	0	1	1	8
30	shoot	2:32:00::	9	verb.communication	1	0	0	1	1	9
37	shot	2:33:00::	3	verb.competition	1	0	0	0	1	10
0	Shot	2:33:01::	1	verb.competition	1	0	0	0	1	11
2	shoot	2:33:00::	3	verb.competition	1	0	0	0	1	12
10	shoot	2:33:00::	3	verb.competition	1	0	0	0	1	13
8	shoot	2:32:01::	4	verb.communication	1	0	0	0	1	14
14	shooting	2:32:01::	4	verb.communication	1	0	0	0	1	15
6	shot	2:33:01::	1	verb.competition	1	0	0	0	1	16
20	shoot	2:33:00::	3	verb.competition	1	0	0	0	1	17
44	shooting	2:33:00::	3	verb.competition	1	0	0	0	1	18
2	shot	2:33:00::	3	verb.competition	1	0	0	0	1	19
17	shoot	2:33:01::	1	verb.competition	1	0	0	0	0	20
0	Shot	2:33:01::	1	verb.competition	1	0	0	0	0	21
13	shooting	2:38:00::	6	verb.motion	1	0	0	0	0	22
2	shooting	2:33:00::	3	verb.competition	1	0	0	0	0	23
11	shot	2:33:00::	3	verb.competition	1	0	0	0	0	24
1	shot	2:38:01::	7	verb.motion	2	2	2	2	2	25
7	shot	2:41:00::	2	verb.social	2	2	2	2	2	26
27	shooting	2:41:00::	2	verb.social	2	2	2	2	2	27
2	Shute	2:41:00::	2	verb.social	2	0	2	2	2	28
17	shot	2:41:00::	2	verb.social	2	0	2	2	2	29
10	shot	2:41:00::	2	verb.social	2	0	0	2	2	30
6	shooting	2:35:01::	8	verb.contact	2	0	0	2	2	31
17	shot	2:41:00::	2	verb.social	2	0	0	2	2	32
35	shooting	2:41:00::	2	verb.social	2	0	0	2	2	33
19	shot	2:41:00::	2	verb.social	2	0	0	2	2	34
13	shot	2:41:00::	2	verb.social	2	0	0	0	2	35
39	shot	2:41:00::	2	verb.social	2	0	0	0	2	36
3	shot	2:41:00::	2	verb.social	2	0	0	0	2	37
19	shoot	2:41:00::	2	verb.social	2	0	0	0	2	38
16	shot	2:41:00::	2	verb.social	2	0	0	0	2	39
2	shoot	2:41:00::	2	verb.social	2	0	0	0	2	40
22	shoot	2:41:00::	2	verb.social	2	0	0	0	2	41
8	shot	2:41:00::	2	verb.social	2	0	0	0	2	42
39	shot	2:41:00::	2	verb.social	2	0	0	0	2	43
15	shot	2:41:00::	2	verb.social	2	0	0	0	2	44
37	shoot	2:41:00::	2	verb.social	2	0	0	0	0	45
3	shot	2:41:00::	2	verb.social	2	0	0	0	0	46
12	shoot	2:41:00::	2	verb.social	2	0	0	0	0	47
15	shoot	2:41:00::	2	verb.social	2	0	0	0	0	48
18	shoot	2:41:00::	2	verb.social	2	0	0	0	0	49
