position	word	lexsn	wnsn	supersense	X25	X3	X5	X10	X20	index
7	live	2:42:04::	3	verb.stative	1	1	1	1	1	0
6	lived	2:42:08::	1	verb.stative	1	1	1	1	1	1
1	lived	2:42:08::	1	verb.stative	1	1	1	1	1	2
11	live	2:42:08::	1	verb.stative	1	0	1	1	1	3
7	lived	2:42:08::	1	verb.stative	1	0	1	1	1	4
9	live	2:42:08::	1	verb.stative	1	0	0	1	1	5
6	living	2:42:08::	1	verb.stative	1	0	0	1	1	6
24	lived	2:42:06::	2	verb.stative	1	0	0	1	1	7
3	lives	2:42:06::	2	verb.stative	1	0	0	1	1	8
3	lived	2:42:06::	2	verb.stative	1	0	0	1	1	9
6	live	2:42:08::	1	verb.stative	1	0	0	0	1	10
44	living	2:42:04::	3	verb.stative	1	0	0	0	1	11
7	lived	2:42:08::	1	verb.stative	1	0	0	0	1	12
2	lived	2:42:08::	1	verb.stative	1	0	0	0	1	13
25	lives	2:42:00::	5	verb.stative	1	0	0	0	1	14
0	Lived	2:42:06::	2	verb.stative	1	0	0	0	1	15
7	lived	2:42:08::	1	verb.stative	1	0	0	0	1	16
3	lived	2:42:08::	1	verb.stative	1	0	0	0	1	17
49	live	2:42:06::	2	verb.stative	1	0	0	0	1	18
14	lived	2:42:08::	1	verb.stative	1	0	0	0	1	19
5	live	2:42:06::	2	verb.stative	1	0	0	0	0	20
1	lived	2:42:08::	1	verb.stative	1	0	0	0	0	21
6	lived	2:42:06::	2	verb.stative	1	0	0	0	0	22
23	live	2:42:06::	2	verb.stative	1	0	0	0	0	23
28	live	2:42:01::	4	verb.stative	1	0	0	0	0	24
3	living	2:42:01::	4	verb.stative	2	2	2	2	2	25
14	lived	2:42:08::	1	verb.stative	2	2	2	2	2	26
19	living	2:42:08::	1	verb.stative	2	2	2	2	2	27
8	lives	2:42:08::	1	verb.stative	2	0	2	2	2	28
20	live	2:42:08::	1	verb.stative	2	0	2	2	2	29
19	living	2:42:08::	1	verb.stative	2	0	0	2	2	30
12	live	2:42:08::	1	verb.stative	2	0	0	2	2	31
19	living	2:42:08::	1	verb.stative	2	0	0	2	2	32
1	lived	2:42:06::	2	verb.stative	2	0	0	2	2	33
7	live	2:42:08::	1	verb.stative	2	0	0	2	2	34
20	lived	2:42:04::	3	verb.stative	2	0	0	0	2	35
23	lived	2:42:06::	2	verb.stative	2	0	0	0	2	36
29	live	2:42:08::	1	verb.stative	2	0	0	0	2	37
11	living	2:42:08::	1	verb.stative	2	0	0	0	2	38
46	living	2:42:08::	1	verb.stative	2	0	0	0	2	39
1	lived	2:42:01::	4	verb.stative	2	0	0	0	2	40
27	lived	2:42:06::	2	verb.stative	2	0	0	0	2	41
18	live	2:42:06::	2	verb.stative	2	0	0	0	2	42
7	live	2:42:06::	2	verb.stative	2	0	0	0	2	43
23	live	2:42:08::	1	verb.stative	2	0	0	0	2	44
1	live	2:42:08::	1	verb.stative	2	0	0	0	0	45
7	living	2:42:08::	1	verb.stative	2	0	0	0	0	46
2	live	2:42:04::	3	verb.stative	2	0	0	0	0	47
7	living	2:42:06::	2	verb.stative	2	0	0	0	0	48
12	live	2:42:08::	1	verb.stative	2	0	0	0	0	49
