position	word	lexsn	wnsn	supersense	X25	X3	X5	X10	X20	index
13	thought	2:31:01::	1	verb.cognition	1	1	1	1	1	0
5	thinks	2:31:03::	2	verb.cognition	1	1	1	1	1	1
3	think	2:31:03::	2	verb.cognition	1	1	1	1	1	2
11	thinks	2:31:06::	7	verb.cognition	1	0	1	1	1	3
14	think	2:31:01::	1	verb.cognition	1	0	1	1	1	4
10	thought	2:31:03::	2	verb.cognition	1	0	0	1	1	5
2	think	2:31:03::	2	verb.cognition	1	0	0	1	1	6
14	think	2:31:03::	2	verb.cognition	1	0	0	1	1	7
1	thought	2:31:01::	1	verb.cognition	1	0	0	1	1	8
1	thought	2:31:01::	1	verb.cognition	1	0	0	1	1	9
2	think	2:31:01::	1	verb.cognition	1	0	0	0	1	10
14	think	2:31:01::	1	verb.cognition	1	0	0	0	1	11
4	thought	2:31:00::	3	verb.cognition	1	0	0	0	1	12
2	think	2:31:03::	2	verb.cognition	1	0	0	0	1	13
9	thought	2:31:00::	3	verb.cognition	1	0	0	0	1	14
2	think	2:31:03::	2	verb.cognition	1	0	0	0	1	15
2	think	2:31:03::	2	verb.cognition	1	0	0	0	1	16
5	think	2:31:01::	1	verb.cognition	1	0	0	0	1	17
9	think	2:31:03::	2	verb.cognition	1	0	0	0	1	18
3	think	2:31:03::	2	verb.cognition	1	0	0	0	1	19
3	thought	2:31:01::	1	verb.cognition	1	0	0	0	0	20
1	thought	2:31:03::	2	verb.cognition	1	0	0	0	0	21
21	thought	2:31:01::	1	verb.cognition	1	0	0	0	0	22
5	think	2:31:01::	1	verb.cognition	1	0	0	0	0	23
7	thought	2:31:03::	2	verb.cognition	1	0	0	0	0	24
1	thought	2:31:02::	4	verb.cognition	2	2	2	2	2	25
5	thinks	2:31:01::	1	verb.cognition	2	2	2	2	2	26
15	thought	2:31:03::	2	verb.cognition	2	2	2	2	2	27
12	think	2:31:01::	1	verb.cognition	2	0	2	2	2	28
8	thought	2:31:01::	1	verb.cognition	2	0	2	2	2	29
47	think	2:31:03::	2	verb.cognition	2	0	0	2	2	30
2	think	2:31:01::	1	verb.cognition	2	0	0	2	2	31
4	thought	2:31:03::	2	verb.cognition	2	0	0	2	2	32
1	think	2:31:01::	1	verb.cognition	2	0	0	2	2	33
10	think	2:31:00::	3	verb.cognition	2	0	0	2	2	34
2	think	2:31:01::	1	verb.cognition	2	0	0	0	2	35
25	think	2:31:01::	1	verb.cognition	2	0	0	0	2	36
1	thought	2:31:01::	1	verb.cognition	2	0	0	0	2	37
14	thinking	2:31:00::	3	verb.cognition	2	0	0	0	2	38
2	think	2:31:01::	1	verb.cognition	2	0	0	0	2	39
6	think	2:31:01::	1	verb.cognition	2	0	0	0	2	40
9	thought	2:31:03::	2	verb.cognition	2	0	0	0	2	41
12	thinking	2:31:00::	3	verb.cognition	2	0	0	0	2	42
15	think	2:31:01::	1	verb.cognition	2	0	0	0	2	43
4	thought	2:31:00::	3	verb.cognition	2	0	0	0	2	44
10	thought	2:31:01::	1	verb.cognition	2	0	0	0	0	45
3	think	2:31:03::	2	verb.cognition	2	0	0	0	0	46
19	thought	2:31:01::	1	verb.cognition	2	0	0	0	0	47
2	thought	2:31:00::	3	verb.cognition	2	0	0	0	0	48
3	thought	2:31:00::	3	verb.cognition	2	0	0	0	0	49
