position	word	lexsn	wnsn	supersense	X25	X3	X5	X10	X20	index
12	teach	2:32:00::	1	verb.communication	1	1	1	1	1	0
5	taught	2:32:00::	1	verb.communication	1	1	1	1	1	1
6	taught	2:32:00::	1	verb.communication	1	1	1	1	1	2
35	taught	2:32:00::	1	verb.communication	1	0	1	1	1	3
19	teach	2:32:00::	1	verb.communication	1	0	1	1	1	4
11	teach	2:32:00::	1	verb.communication	1	0	0	1	1	5
33	taught	2:32:00::	1	verb.communication	1	0	0	1	1	6
21	taught	2:30:00::	2	verb.change	1	0	0	1	1	7
6	taught	2:32:00::	1	verb.communication	1	0	0	1	1	8
16	taught	2:32:00::	1	verb.communication	1	0	0	1	1	9
13	taught	2:32:00::	1	verb.communication	1	0	0	0	1	10
3	teach	2:32:00::	1	verb.communication	1	0	0	0	1	11
14	teaching	2:32:00::	1	verb.communication	1	0	0	0	1	12
3	taught	2:32:00::	1	verb.communication	1	0	0	0	1	13
2	taught	2:32:00::	1	verb.communication	1	0	0	0	1	14
22	taught	2:32:00::	1	verb.communication	1	0	0	0	1	15
7	taught	2:32:00::	1	verb.communication	1	0	0	0	1	16
3	taught	2:32:00::	1	verb.communication	1	0	0	0	1	17
3	teach	2:32:00::	1	verb.communication	1	0	0	0	1	18
2	teaches	2:32:00::	1	verb.communication	1	0	0	0	1	19
15	teaches	2:32:00::	1	verb.communication	1	0	0	0	0	20
5	taught	2:32:00::	1	verb.communication	1	0	0	0	0	21
7	teaching	2:32:00::	1	verb.communication	1	0	0	0	0	22
8	teach	2:32:00::	1	verb.communication	1	0	0	0	0	23
18	teach	2:32:00::	1	verb.communication	1	0	0	0	0	24
3	taught	2:32:00::	1	verb.communication	2	2	2	2	2	25
20	teach	2:32:00::	1	verb.communication	2	2	2	2	2	26
28	teach	2:32:00::	1	verb.communication	2	2	2	2	2	27
15	teach	2:32:00::	1	verb.communication	2	0	2	2	2	28
17	teach	2:32:00::	1	verb.communication	2	0	2	2	2	29
27	teach	2:32:00::	1	verb.communication	2	0	0	2	2	30
26	teach	2:32:00::	1	verb.communication	2	0	0	2	2	31
23	teaches	2:32:00::	1	verb.communication	2	0	0	2	2	32
10	teach	2:32:00::	1	verb.communication	2	0	0	2	2	33
12	taught	2:32:00::	1	verb.communication	2	0	0	2	2	34
6	taught	2:32:00::	1	verb.communication	2	0	0	0	2	35
11	teaching	2:32:00::	1	verb.communication	2	0	0	0	2	36
56	teach	2:32:00::	1	verb.communication	2	0	0	0	2	37
2	taught	2:32:00::	1	verb.communication	2	0	0	0	2	38
11	taught	2:32:00::	1	verb.communication	2	0	0	0	2	39
4	taught	2:32:00::	1	verb.communication	2	0	0	0	2	40
18	teaching	2:32:00::	1	verb.communication	2	0	0	0	2	41
19	teach	2:32:00::	1	verb.communication	2	0	0	0	2	42
6	taught	2:32:00::	1	verb.communication	2	0	0	0	2	43
1	teaches	2:32:00::	1	verb.communication	2	0	0	0	2	44
6	teaches	2:32:00::	1	verb.communication	2	0	0	0	0	45
2	taught	2:32:00::	1	verb.communication	2	0	0	0	0	46
3	taught	2:32:00::	1	verb.communication	2	0	0	0	0	47
7	teaches	2:32:00::	1	verb.communication	2	0	0	0	0	48
14	teach	2:32:00::	1	verb.communication	2	0	0	0	0	49
