position	word	lexsn	wnsn	supersense	X25	X3	X5	X10	X20	index
38	set	2:30:01::	5	verb.change	1	1	1	1	1	0
6	sets	2:38:00::	10	verb.motion	1	1	1	1	1	1
3	set	2:32:01::	4	verb.communication	1	1	1	1	1	2
17	set	2:31:04::	2	verb.cognition	1	0	1	1	1	3
0	Setting	2:31:04::	2	verb.cognition	1	0	1	1	1	4
2	set	2:32:00::	3	verb.communication	1	0	0	1	1	5
7	set	2:35:00::	1	verb.contact	1	0	0	1	1	6
5	set	2:32:01::	4	verb.communication	1	0	0	1	1	7
7	set	2:32:01::	4	verb.communication	1	0	0	1	1	8
113	set	2:35:00::	1	verb.contact	1	0	0	1	1	9
0	Set	2:35:00::	1	verb.contact	1	0	0	0	1	10
5	set	2:35:00::	1	verb.contact	1	0	0	0	1	11
10	set	2:32:01::	4	verb.communication	1	0	0	0	1	12
6	set	2:32:00::	3	verb.communication	1	0	0	0	1	13
26	set	2:30:01::	5	verb.change	1	0	0	0	1	14
2	set	2:30:01::	5	verb.change	1	0	0	0	1	15
2	sets	2:30:09::	7	verb.change	1	0	0	0	1	16
19	set	2:31:04::	2	verb.cognition	1	0	0	0	1	17
5	set	2:36:01::	9	verb.creation	1	0	0	0	1	18
4	set	2:35:09::	12	verb.contact	1	0	0	0	1	19
0	Set	2:35:00::	1	verb.contact	1	0	0	0	0	20
7	set	2:35:00::	1	verb.contact	1	0	0	0	0	21
8	set	2:30:01::	5	verb.change	1	0	0	0	0	22
47	set	2:35:00::	1	verb.contact	1	0	0	0	0	23
4	setting	2:31:04::	2	verb.cognition	1	0	0	0	0	24
5	sets	2:31:04::	2	verb.cognition	2	2	2	2	2	25
4	set	2:36:01::	9	verb.creation	2	2	2	2	2	26
13	set	2:30:02::	8	verb.change	2	2	2	2	2	27
22	set	2:30:09::	7	verb.change	2	0	2	2	2	28
7	set	2:35:00::	1	verb.contact	2	0	2	2	2	29
7	set	2:35:00::	1	verb.contact	2	0	0	2	2	30
1	set	2:35:00::	1	verb.contact	2	0	0	2	2	31
3	set	2:31:04::	2	verb.cognition	2	0	0	2	2	32
0	Set	2:35:00::	1	verb.contact	2	0	0	2	2	33
3	set	2:30:02::	8	verb.change	2	0	0	2	2	34
4	setting	2:30:01::	5	verb.change	2	0	0	0	2	35
7	set	2:32:00::	3	verb.communication	2	0	0	0	2	36
28	set	2:30:02::	8	verb.change	2	0	0	0	2	37
10	set	2:32:00::	3	verb.communication	2	0	0	0	2	38
4	set	2:32:00::	3	verb.communication	2	0	0	0	2	39
51	set	2:32:01::	4	verb.communication	2	0	0	0	2	40
1	set	2:35:00::	1	verb.contact	2	0	0	0	2	41
1	set	2:35:00::	1	verb.contact	2	0	0	0	2	42
17	set	2:31:04::	2	verb.cognition	2	0	0	0	2	43
28	setting	2:31:04::	2	verb.cognition	2	0	0	0	2	44
26	set	2:32:00::	3	verb.communication	2	0	0	0	0	45
6	set	2:35:00::	1	verb.contact	2	0	0	0	0	46
6	set	2:35:00::	1	verb.contact	2	0	0	0	0	47
29	set	2:31:04::	2	verb.cognition	2	0	0	0	0	48
13	set	2:30:09::	7	verb.change	2	0	0	0	0	49
