position	word	lexsn	wnsn	supersense	X25	X3	X5	X10	X20	index
13	throws	2:38:00::	2	verb.motion	1	1	1	1	1	0
24	throw	2:35:07::	3	verb.contact	1	1	1	1	1	1
14	throwing	2:35:00::	1	verb.contact	1	1	1	1	1	2
35	throws	2:35:00::	1	verb.contact	1	0	1	1	1	3
2	threw	2:35:00::	1	verb.contact	1	0	1	1	1	4
14	threw	2:35:00::	1	verb.contact	1	0	0	1	1	5
14	thrown	2:35:02::	4	verb.contact	1	0	0	1	1	6
13	threw	2:35:00::	1	verb.contact	1	0	0	1	1	7
1	threw	2:32:00::	5	verb.communication	1	0	0	1	1	8
3	throwing	2:35:00::	1	verb.contact	1	0	0	1	1	9
6	thrown	2:35:00::	1	verb.contact	1	0	0	0	1	10
2	threw	2:35:00::	1	verb.contact	1	0	0	0	1	11
1	threw	2:38:00::	2	verb.motion	1	0	0	0	1	12
15	threw	2:35:00::	1	verb.contact	1	0	0	0	1	13
2	threw	2:35:00::	1	verb.contact	1	0	0	0	1	14
5	throw	2:32:00::	5	verb.communication	1	0	0	0	1	15
2	threw	2:35:00::	1	verb.contact	1	0	0	0	1	16
22	throw	2:35:07::	3	verb.contact	1	0	0	0	1	17
8	thrown	2:35:00::	1	verb.contact	1	0	0	0	1	18
20	throw	2:35:00::	1	verb.contact	1	0	0	0	1	19
25	throwing	2:35:07::	3	verb.contact	1	0	0	0	0	20
5	throwing	2:35:00::	1	verb.contact	1	0	0	0	0	21
10	thrown	2:37:00::	9	verb.emotion	1	0	0	0	0	22
6	threw	2:36:02::	7	verb.creation	1	0	0	0	0	23
2	throwing	2:35:02::	4	verb.contact	1	0	0	0	0	24
18	threw	2:35:00::	1	verb.contact	2	2	2	2	2	25
8	throwing	2:35:00::	1	verb.contact	2	2	2	2	2	26
8	throw	2:38:00::	2	verb.motion	2	2	2	2	2	27
7	thrown	2:35:00::	1	verb.contact	2	0	2	2	2	28
16	throw	2:35:00::	1	verb.contact	2	0	2	2	2	29
6	threw	2:35:00::	1	verb.contact	2	0	0	2	2	30
14	thrown	2:35:00::	1	verb.contact	2	0	0	2	2	31
7	threw	2:36:08::	11	verb.creation	2	0	0	2	2	32
2	throw	2:35:00::	1	verb.contact	2	0	0	2	2	33
1	threw	2:35:00::	1	verb.contact	2	0	0	2	2	34
15	threw	2:35:00::	1	verb.contact	2	0	0	0	2	35
4	thrown	2:35:00::	1	verb.contact	2	0	0	0	2	36
5	throw	2:35:02::	4	verb.contact	2	0	0	0	2	37
2	throw	2:35:00::	1	verb.contact	2	0	0	0	2	38
8	threw	2:35:00::	1	verb.contact	2	0	0	0	2	39
15	throwing	2:38:00::	2	verb.motion	2	0	0	0	2	40
32	throw	2:35:00::	1	verb.contact	2	0	0	0	2	41
18	throwing	2:35:00::	1	verb.contact	2	0	0	0	2	42
24	threw	2:35:00::	1	verb.contact	2	0	0	0	2	43
8	threw	2:35:00::	1	verb.contact	2	0	0	0	2	44
7	thrown	2:35:01::	6	verb.contact	2	0	0	0	0	45
14	threw	2:35:01::	6	verb.contact	2	0	0	0	0	46
21	throw	2:35:00::	1	verb.contact	2	0	0	0	0	47
16	throw	2:35:00::	1	verb.contact	2	0	0	0	0	48
9	throwing	2:38:00::	2	verb.motion	2	0	0	0	0	49
