position	word	lexsn	wnsn	supersense	X25	X3	X5	X10	X20	index
8	start	2:30:01::	2	verb.change	1	1	1	1	1	0
14	starting	2:36:01::	6	verb.creation	1	1	1	1	1	1
3	started	2:30:00::	1	verb.change	1	1	1	1	1	2
9	start	2:30:01::	2	verb.change	1	0	1	1	1	3
4	started	2:30:00::	1	verb.change	1	0	1	1	1	4
1	started	2:36:00::	5	verb.creation	1	0	0	1	1	5
43	start	2:30:00::	1	verb.change	1	0	0	1	1	6
9	started	2:30:00::	1	verb.change	1	0	0	1	1	7
7	starts	2:30:00::	1	verb.change	1	0	0	1	1	8
12	starting	2:30:00::	1	verb.change	1	0	0	1	1	9
4	starts	2:30:00::	1	verb.change	1	0	0	0	1	10
16	start	2:30:00::	1	verb.change	1	0	0	0	1	11
1	started	2:30:00::	1	verb.change	1	0	0	0	1	12
24	started	2:30:00::	1	verb.change	1	0	0	0	1	13
3	started	2:30:00::	1	verb.change	1	0	0	0	1	14
6	started	2:38:02::	3	verb.motion	1	0	0	0	1	15
1	started	2:30:00::	1	verb.change	1	0	0	0	1	16
9	start	2:38:00::	9	verb.motion	1	0	0	0	1	17
39	start	2:36:00::	5	verb.creation	1	0	0	0	1	18
6	started	2:30:01::	2	verb.change	1	0	0	0	1	19
11	started	2:30:00::	1	verb.change	1	0	0	0	0	20
5	start	2:30:00::	1	verb.change	1	0	0	0	0	21
47	starts	2:36:00::	5	verb.creation	1	0	0	0	0	22
7	started	2:30:01::	2	verb.change	1	0	0	0	0	23
7	started	2:30:00::	1	verb.change	1	0	0	0	0	24
3	started	2:30:00::	1	verb.change	2	2	2	2	2	25
36	starting	2:30:00::	1	verb.change	2	2	2	2	2	26
6	started	2:38:01::	8	verb.motion	2	2	2	2	2	27
24	start	2:30:00::	1	verb.change	2	0	2	2	2	28
6	started	2:30:00::	1	verb.change	2	0	2	2	2	29
1	start	2:38:02::	3	verb.motion	2	0	0	2	2	30
13	starts	2:30:00::	1	verb.change	2	0	0	2	2	31
21	started	2:30:01::	2	verb.change	2	0	0	2	2	32
12	start	2:36:01::	6	verb.creation	2	0	0	2	2	33
8	started	2:30:00::	1	verb.change	2	0	0	2	2	34
14	start	2:36:00::	5	verb.creation	2	0	0	0	2	35
11	start	2:30:00::	1	verb.change	2	0	0	0	2	36
2	started	2:30:01::	2	verb.change	2	0	0	0	2	37
3	start	2:30:01::	2	verb.change	2	0	0	0	2	38
6	started	2:30:00::	1	verb.change	2	0	0	0	2	39
16	start	2:30:00::	1	verb.change	2	0	0	0	2	40
15	started	2:30:00::	1	verb.change	2	0	0	0	2	41
8	start	2:30:00::	1	verb.change	2	0	0	0	2	42
26	starting	2:30:00::	1	verb.change	2	0	0	0	2	43
20	started	2:30:01::	2	verb.change	2	0	0	0	2	44
12	started	2:30:00::	1	verb.change	2	0	0	0	0	45
13	started	2:38:02::	3	verb.motion	2	0	0	0	0	46
1	started	2:30:00::	1	verb.change	2	0	0	0	0	47
15	starting	2:38:02::	3	verb.motion	2	0	0	0	0	48
5	started	2:36:01::	6	verb.creation	2	0	0	0	0	49
