position	word	lexsn	wnsn	supersense	X25	X3	X5	X10	X20	index
41	subject	1:10:00::	1	noun.communication	1	1	1	1	1	0
11	subject	1:10:00::	1	noun.communication	1	1	1	1	1	1
32	subject	1:09:00::	3	noun.cognition	1	1	1	1	1	2
12	subjects	1:09:00::	3	noun.cognition	1	0	1	1	1	3
21	subject	1:10:00::	1	noun.communication	1	0	1	1	1	4
4	subjects	1:09:00::	3	noun.cognition	1	0	0	1	1	5
27	subject	1:10:00::	1	noun.communication	1	0	0	1	1	6
25	subject	1:10:00::	1	noun.communication	1	0	0	1	1	7
45	subject	1:09:00::	3	noun.cognition	1	0	0	1	1	8
91	subject	1:10:00::	1	noun.communication	1	0	0	1	1	9
83	subjects	1:10:00::	1	noun.communication	1	0	0	0	1	10
9	subject	1:10:00::	1	noun.communication	1	0	0	0	1	11
5	subject	1:10:00::	1	noun.communication	1	0	0	0	1	12
37	subjects	1:09:00::	3	noun.cognition	1	0	0	0	1	13
15	subjects	1:09:00::	3	noun.cognition	1	0	0	0	1	14
10	subject	1:10:00::	1	noun.communication	1	0	0	0	1	15
18	subjects	1:09:00::	3	noun.cognition	1	0	0	0	1	16
5	subjects	1:10:00::	1	noun.communication	1	0	0	0	1	17
22	subject	1:10:00::	1	noun.communication	1	0	0	0	1	18
6	subject	1:10:00::	1	noun.communication	1	0	0	0	1	19
8	subject	1:09:00::	3	noun.cognition	1	0	0	0	0	20
6	subject	1:10:00::	1	noun.communication	1	0	0	0	0	21
4	subject	1:10:00::	1	noun.communication	1	0	0	0	0	22
12	subject	1:10:00::	1	noun.communication	1	0	0	0	0	23
10	subject	1:10:00::	1	noun.communication	1	0	0	0	0	24
30	subject	1:09:01::	4	noun.cognition	2	2	2	2	2	25
31	subject	1:10:01::	5	noun.communication	2	2	2	2	2	26
7	subject	1:10:01::	5	noun.communication	2	2	2	2	2	27
42	subject	1:06:00::	2	noun.artifact	2	0	2	2	2	28
35	subject	1:09:01::	4	noun.cognition	2	0	2	2	2	29
4	subject	1:09:01::	4	noun.cognition	2	0	0	2	2	30
9	subjects	1:06:00::	2	noun.artifact	2	0	0	2	2	31
28	subject	1:10:01::	5	noun.communication	2	0	0	2	2	32
28	subject	1:06:00::	2	noun.artifact	2	0	0	2	2	33
17	subjects	1:06:00::	2	noun.artifact	2	0	0	2	2	34
9	subjects	1:06:00::	2	noun.artifact	2	0	0	0	2	35
7	subject	1:06:00::	2	noun.artifact	2	0	0	0	2	36
16	subjects	1:09:01::	4	noun.cognition	2	0	0	0	2	37
1	subjects	1:18:01::	6	noun.person	2	0	0	0	2	38
27	subject	1:09:01::	4	noun.cognition	2	0	0	0	2	39
21	subject	1:06:00::	2	noun.artifact	2	0	0	0	2	40
36	subjects	1:10:01::	5	noun.communication	2	0	0	0	2	41
12	subjects	1:18:00::	7	noun.person	2	0	0	0	2	42
8	subjects	1:18:01::	6	noun.person	2	0	0	0	2	43
12	subject	1:06:00::	2	noun.artifact	2	0	0	0	2	44
50	subject	1:06:00::	2	noun.artifact	2	0	0	0	0	45
18	subject	1:06:00::	2	noun.artifact	2	0	0	0	0	46
24	subjects	1:18:00::	7	noun.person	2	0	0	0	0	47
15	subjects	1:09:01::	4	noun.cognition	2	0	0	0	0	48
29	subjects	1:06:00::	2	noun.artifact	2	0	0	0	0	49
