position	word	lexsn	wnsn	supersense	X25	X3	X5	X10	X20	index
44	reports	1:10:03::	1	noun.communication	1	1	1	1	1	0
14	reports	1:10:01::	2	noun.communication	1	1	1	1	1	1
19	report	1:10:03::	1	noun.communication	1	1	1	1	1	2
13	reports	1:10:03::	1	noun.communication	1	0	1	1	1	3
4	reports	1:10:03::	1	noun.communication	1	0	1	1	1	4
29	report	1:10:01::	2	noun.communication	1	0	0	1	1	5
17	report	1:10:03::	1	noun.communication	1	0	0	1	1	6
35	reports	1:10:03::	1	noun.communication	1	0	0	1	1	7
8	reports	1:10:03::	1	noun.communication	1	0	0	1	1	8
8	reports	1:10:01::	2	noun.communication	1	0	0	1	1	9
3	report	1:10:00::	3	noun.communication	1	0	0	0	1	10
5	reports	1:10:01::	2	noun.communication	1	0	0	0	1	11
6	report	1:10:03::	1	noun.communication	1	0	0	0	1	12
39	report	1:10:03::	1	noun.communication	1	0	0	0	1	13
28	report	1:10:03::	1	noun.communication	1	0	0	0	1	14
4	report	1:10:03::	1	noun.communication	1	0	0	0	1	15
9	report	1:10:03::	1	noun.communication	1	0	0	0	1	16
12	reports	1:10:03::	1	noun.communication	1	0	0	0	1	17
6	report	1:10:03::	1	noun.communication	1	0	0	0	1	18
59	report	1:10:03::	1	noun.communication	1	0	0	0	1	19
7	reports	1:10:00::	3	noun.communication	1	0	0	0	0	20
14	report	1:10:03::	1	noun.communication	1	0	0	0	0	21
8	reports	1:10:01::	2	noun.communication	1	0	0	0	0	22
5	report	1:10:03::	1	noun.communication	1	0	0	0	0	23
5	report	1:10:03::	1	noun.communication	1	0	0	0	0	24
1	reports	1:10:01::	2	noun.communication	2	2	2	2	2	25
1	reports	1:10:01::	2	noun.communication	2	2	2	2	2	26
16	report	1:10:03::	1	noun.communication	2	2	2	2	2	27
7	report	1:11:00::	4	noun.event	2	0	2	2	2	28
47	report	1:10:00::	3	noun.communication	2	0	2	2	2	29
1	report	1:10:03::	1	noun.communication	2	0	0	2	2	30
19	report	1:10:03::	1	noun.communication	2	0	0	2	2	31
15	reports	1:10:00::	3	noun.communication	2	0	0	2	2	32
3	reports	1:11:00::	4	noun.event	2	0	0	2	2	33
3	report	1:10:00::	3	noun.communication	2	0	0	2	2	34
4	report	1:10:03::	1	noun.communication	2	0	0	0	2	35
11	report	1:10:03::	1	noun.communication	2	0	0	0	2	36
17	report	1:10:03::	1	noun.communication	2	0	0	0	2	37
12	report	1:10:01::	2	noun.communication	2	0	0	0	2	38
28	reports	1:10:03::	1	noun.communication	2	0	0	0	2	39
25	reports	1:10:03::	1	noun.communication	2	0	0	0	2	40
3	report	1:10:03::	1	noun.communication	2	0	0	0	2	41
62	report	1:10:03::	1	noun.communication	2	0	0	0	2	42
4	reports	1:10:03::	1	noun.communication	2	0	0	0	2	43
51	reports	1:10:01::	2	noun.communication	2	0	0	0	2	44
11	report	1:10:03::	1	noun.communication	2	0	0	0	0	45
12	report	1:10:03::	1	noun.communication	2	0	0	0	0	46
7	report	1:10:03::	1	noun.communication	2	0	0	0	0	47
54	report	1:10:03::	1	noun.communication	2	0	0	0	0	48
7	reports	1:10:00::	3	noun.communication	2	0	0	0	0	49
