position	word	lexsn	wnsn	supersense	X25	X3	X5	X10	X20	index
2	student	1:18:01::	2	noun.person	1	1	1	1	1	0
7	student	1:18:00::	1	noun.person	1	1	1	1	1	1
23	student	1:18:01::	2	noun.person	1	1	1	1	1	2
21	student	1:18:01::	2	noun.person	1	0	1	1	1	3
3	students	1:18:00::	1	noun.person	1	0	1	1	1	4
4	students	1:18:00::	1	noun.person	1	0	0	1	1	5
17	students	1:18:00::	1	noun.person	1	0	0	1	1	6
13	student	1:18:00::	1	noun.person	1	0	0	1	1	7
2	student	1:18:01::	2	noun.person	1	0	0	1	1	8
10	student	1:18:00::	1	noun.person	1	0	0	1	1	9
4	student	1:18:00::	1	noun.person	1	0	0	0	1	10
2	student	1:18:00::	1	noun.person	1	0	0	0	1	11
9	student	1:18:00::	1	noun.person	1	0	0	0	1	12
1	students	1:18:01::	2	noun.person	1	0	0	0	1	13
10	students	1:18:00::	1	noun.person	1	0	0	0	1	14
4	student	1:18:00::	1	noun.person	1	0	0	0	1	15
11	students	1:18:00::	1	noun.person	1	0	0	0	1	16
5	student	1:18:00::	1	noun.person	1	0	0	0	1	17
4	students	1:18:00::	1	noun.person	1	0	0	0	1	18
21	student	1:18:01::	2	noun.person	1	0	0	0	1	19
1	students	1:18:00::	1	noun.person	1	0	0	0	0	20
2	student	1:18:00::	1	noun.person	1	0	0	0	0	21
24	students	1:18:00::	1	noun.person	1	0	0	0	0	22
19	students	1:18:00::	1	noun.person	1	0	0	0	0	23
19	student	1:18:00::	1	noun.person	1	0	0	0	0	24
10	students	1:18:00::	1	noun.person	2	2	2	2	2	25
18	students	1:18:00::	1	noun.person	2	2	2	2	2	26
21	students	1:18:00::	1	noun.person	2	2	2	2	2	27
18	students	1:18:00::	1	noun.person	2	0	2	2	2	28
15	student	1:18:00::	1	noun.person	2	0	2	2	2	29
20	student	1:18:00::	1	noun.person	2	0	0	2	2	30
2	student	1:18:00::	1	noun.person	2	0	0	2	2	31
3	student	1:18:00::	1	noun.person	2	0	0	2	2	32
6	student	1:18:00::	1	noun.person	2	0	0	2	2	33
18	student	1:18:00::	1	noun.person	2	0	0	2	2	34
24	students	1:18:00::	1	noun.person	2	0	0	0	2	35
9	student	1:18:01::	2	noun.person	2	0	0	0	2	36
17	students	1:18:00::	1	noun.person	2	0	0	0	2	37
13	students	1:18:01::	2	noun.person	2	0	0	0	2	38
6	students	1:18:00::	1	noun.person	2	0	0	0	2	39
6	students	1:18:00::	1	noun.person	2	0	0	0	2	40
32	student	1:18:01::	2	noun.person	2	0	0	0	2	41
10	students	1:18:00::	1	noun.person	2	0	0	0	2	42
23	student	1:18:00::	1	noun.person	2	0	0	0	2	43
16	students	1:18:00::	1	noun.person	2	0	0	0	2	44
1	students	1:18:00::	1	noun.person	2	0	0	0	0	45
2	students	1:18:00::	1	noun.person	2	0	0	0	0	46
36	students	1:18:00::	1	noun.person	2	0	0	0	0	47
14	student	1:18:00::	1	noun.person	2	0	0	0	0	48
20	student	1:18:00::	1	noun.person	2	0	0	0	0	49
