position	word	lexsn	wnsn	supersense	X25	X3	X5	X10	X20	index
8	wall	1:06:00::	1	noun.artifact	1	1	1	1	1	0
11	wall	1:06:00::	1	noun.artifact	1	1	1	1	1	1
12	wall	1:06:00::	1	noun.artifact	1	1	1	1	1	2
1	walls	1:06:00::	1	noun.artifact	1	0	1	1	1	3
17	wall	1:06:00::	1	noun.artifact	1	0	1	1	1	4
30	walls	1:06:00::	1	noun.artifact	1	0	0	1	1	5
12	walls	1:06:00::	1	noun.artifact	1	0	0	1	1	6
13	wall	1:06:00::	1	noun.artifact	1	0	0	1	1	7
19	wall	1:06:00::	1	noun.artifact	1	0	0	1	1	8
1	wall	1:06:00::	1	noun.artifact	1	0	0	1	1	9
1	walls	1:06:00::	1	noun.artifact	1	0	0	0	1	10
4	walls	1:06:00::	1	noun.artifact	1	0	0	0	1	11
11	wall	1:06:00::	1	noun.artifact	1	0	0	0	1	12
23	wall	1:06:00::	1	noun.artifact	1	0	0	0	1	13
23	wall	1:17:00::	2	noun.object	1	0	0	0	1	14
4	wall	1:06:00::	1	noun.artifact	1	0	0	0	1	15
23	walls	1:06:00::	1	noun.artifact	1	0	0	0	1	16
7	walls	1:06:00::	1	noun.artifact	1	0	0	0	1	17
0	Walls	1:17:00::	2	noun.object	1	0	0	0	1	18
5	wall	1:06:00::	1	noun.artifact	1	0	0	0	1	19
1	walls	1:06:00::	1	noun.artifact	1	0	0	0	0	20
4	wall	1:06:00::	1	noun.artifact	1	0	0	0	0	21
12	wall	1:06:00::	1	noun.artifact	1	0	0	0	0	22
90	wall	1:06:00::	1	noun.artifact	1	0	0	0	0	23
17	walls	1:06:00::	1	noun.artifact	1	0	0	0	0	24
6	walls	1:06:00::	1	noun.artifact	2	2	2	2	2	25
17	walls	1:06:00::	1	noun.artifact	2	2	2	2	2	26
33	wall	1:06:00::	1	noun.artifact	2	2	2	2	2	27
18	wall	1:06:00::	1	noun.artifact	2	0	2	2	2	28
9	walls	1:06:00::	1	noun.artifact	2	0	2	2	2	29
22	walls	1:06:00::	1	noun.artifact	2	0	0	2	2	30
111	walls	1:06:00::	1	noun.artifact	2	0	0	2	2	31
10	walls	1:06:00::	1	noun.artifact	2	0	0	2	2	32
5	wall	1:06:00::	1	noun.artifact	2	0	0	2	2	33
18	wall	1:06:00::	1	noun.artifact	2	0	0	2	2	34
8	wall	1:17:00::	2	noun.object	2	0	0	0	2	35
24	wall	1:06:00::	1	noun.artifact	2	0	0	0	2	36
12	walls	1:06:00::	1	noun.artifact	2	0	0	0	2	37
15	wall	1:06:00::	1	noun.artifact	2	0	0	0	2	38
5	wall	1:06:00::	1	noun.artifact	2	0	0	0	2	39
26	wall	1:06:00::	1	noun.artifact	2	0	0	0	2	40
13	wall	1:06:00::	1	noun.artifact	2	0	0	0	2	41
13	walls	1:06:00::	1	noun.artifact	2	0	0	0	2	42
15	wall	1:06:00::	1	noun.artifact	2	0	0	0	2	43
12	wall	1:06:00::	1	noun.artifact	2	0	0	0	2	44
6	walls	1:06:00::	1	noun.artifact	2	0	0	0	0	45
8	wall	1:06:00::	1	noun.artifact	2	0	0	0	0	46
13	wall	1:06:00::	1	noun.artifact	2	0	0	0	0	47
12	wall	1:06:00::	1	noun.artifact	2	0	0	0	0	48
18	wall	1:06:00::	1	noun.artifact	2	0	0	0	0	49
