position	word	lexsn	wnsn	supersense	X25	X3	X5	X10	X20	index
1	make	2:36:00::	3	verb.creation	1	1	1	1	1	0
1	made	2:41:00::	1	verb.social	1	1	1	1	1	1
1	made	2:30:00::	2	verb.change	1	1	1	1	1	2
1	made	2:30:00::	2	verb.change	1	0	1	1	1	3
11	made	2:41:00::	1	verb.social	1	0	1	1	1	4
28	made	2:30:00::	2	verb.change	1	0	0	1	1	5
26	make	2:41:00::	1	verb.social	1	0	0	1	1	6
15	make	2:30:00::	2	verb.change	1	0	0	1	1	7
20	made	2:41:00::	1	verb.social	1	0	0	1	1	8
22	made	2:42:00::	14	verb.stative	1	0	0	1	1	9
15	made	2:36:00::	3	verb.creation	1	0	0	0	1	10
12	made	2:40:02::	21	verb.possession	1	0	0	0	1	11
2	make	2:30:00::	2	verb.change	1	0	0	0	1	12
1	made	2:41:00::	1	verb.social	1	0	0	0	1	13
14	made	2:30:00::	2	verb.change	1	0	0	0	1	14
1	makes	2:30:00::	2	verb.change	1	0	0	0	1	15
6	made	2:30:00::	2	verb.change	1	0	0	0	1	16
13	make	2:30:00::	2	verb.change	1	0	0	0	1	17
5	makes	2:30:00::	2	verb.change	1	0	0	0	1	18
34	made	2:36:00::	3	verb.creation	1	0	0	0	1	19
7	make	2:32:00::	4	verb.communication	1	0	0	0	0	20
5	made	2:36:08::	5	verb.creation	1	0	0	0	0	21
20	make	2:32:00::	4	verb.communication	1	0	0	0	0	22
5	made	2:41:00::	1	verb.social	1	0	0	0	0	23
10	made	2:36:05::	11	verb.creation	1	0	0	0	0	24
19	made	2:36:12::	16	verb.creation	2	2	2	2	2	25
28	made	2:36:00::	3	verb.creation	2	2	2	2	2	26
7	made	2:36:09::	9	verb.creation	2	2	2	2	2	27
13	made	2:41:00::	1	verb.social	2	0	2	2	2	28
5	making	2:36:01::	6	verb.creation	2	0	2	2	2	29
8	make	2:32:00::	4	verb.communication	2	0	0	2	2	30
12	make	2:40:01::	10	verb.possession	2	0	0	2	2	31
13	make	2:41:00::	1	verb.social	2	0	0	2	2	32
9	make	2:30:00::	2	verb.change	2	0	0	2	2	33
17	making	2:38:05::	28	verb.motion	2	0	0	2	2	34
7	made	2:29:08::	19	verb.body	2	0	0	0	2	35
10	made	2:41:00::	1	verb.social	2	0	0	0	2	36
7	made	2:41:00::	1	verb.social	2	0	0	0	2	37
12	making	2:41:00::	1	verb.social	2	0	0	0	2	38
8	making	2:36:01::	6	verb.creation	2	0	0	0	2	39
7	make	2:41:00::	1	verb.social	2	0	0	0	2	40
34	making	2:30:00::	2	verb.change	2	0	0	0	2	41
15	made	2:36:08::	5	verb.creation	2	0	0	0	2	42
12	making	2:30:00::	2	verb.change	2	0	0	0	2	43
10	made	2:30:00::	2	verb.change	2	0	0	0	2	44
7	make	2:30:00::	2	verb.change	2	0	0	0	0	45
1	made	2:36:00::	3	verb.creation	2	0	0	0	0	46
17	made	2:41:00::	1	verb.social	2	0	0	0	0	47
23	made	2:41:00::	1	verb.social	2	0	0	0	0	48
12	making	2:36:08::	5	verb.creation	2	0	0	0	0	49
