position	word	lexsn	wnsn	supersense	X25	X3	X5	X10	X20	index
6	wide	3:00:00::	1	adj.all	1	1	1	1	1	0
22	wide	3:00:00::	1	adj.all	1	1	1	1	1	1
16	wide	5:00:00:comprehensive:00	2	adj.all	1	1	1	1	1	2
0	Wide	3:00:00::	1	adj.all	1	0	1	1	1	3
23	wide	3:00:00::	1	adj.all	1	0	1	1	1	4
2	wide	3:00:00::	1	adj.all	1	0	0	1	1	5
16	wide	3:00:00::	1	adj.all	1	0	0	1	1	6
18	wider	5:00:00:comprehensive:00	2	adj.all	1	0	0	1	1	7
28	wide	3:00:00::	1	adj.all	1	0	0	1	1	8
6	wide	5:00:00:comprehensive:00	2	adj.all	1	0	0	1	1	9
5	wide	3:00:00::	1	adj.all	1	0	0	0	1	10
10	wide	3:00:00::	1	adj.all	1	0	0	0	1	11
5	wide	3:00:00::	1	adj.all	1	0	0	0	1	12
14	wide	3:00:00::	1	adj.all	1	0	0	0	1	13
8	wide	3:00:00::	1	adj.all	1	0	0	0	1	14
6	wide	3:00:00::	1	adj.all	1	0	0	0	1	15
8	wide	5:00:00:comprehensive:00	2	adj.all	1	0	0	0	1	16
1	wide	3:00:00::	1	adj.all	1	0	0	0	1	17
14	wider	3:00:00::	1	adj.all	1	0	0	0	1	18
13	wide	5:00:00:comprehensive:00	2	adj.all	1	0	0	0	1	19
22	wide	5:00:00:comprehensive:00	2	adj.all	1	0	0	0	0	20
11	wide	3:00:00::	1	adj.all	1	0	0	0	0	21
14	wide	3:00:00::	1	adj.all	1	0	0	0	0	22
3	wide	3:00:00::	1	adj.all	1	0	0	0	0	23
26	wide	3:00:00::	1	adj.all	1	0	0	0	0	24
3	wide	3:00:00::	1	adj.all	2	2	2	2	2	25
39	wide	5:00:00:large:00	4	adj.all	2	2	2	2	2	26
9	wide	5:00:00:open:08	3	adj.all	2	2	2	2	2	27
20	wide	3:00:00::	1	adj.all	2	0	2	2	2	28
11	wide	3:00:00::	1	adj.all	2	0	2	2	2	29
11	wide	3:00:00::	1	adj.all	2	0	0	2	2	30
14	wide	3:00:00::	1	adj.all	2	0	0	2	2	31
15	wide	5:00:00:comprehensive:00	2	adj.all	2	0	0	2	2	32
2	wide	5:00:00:comprehensive:00	2	adj.all	2	0	0	2	2	33
13	wider	3:00:00::	1	adj.all	2	0	0	2	2	34
11	wide	3:00:00::	1	adj.all	2	0	0	0	2	35
21	wider	5:00:00:comprehensive:00	2	adj.all	2	0	0	0	2	36
33	wider	3:00:00::	1	adj.all	2	0	0	0	2	37
7	wide	3:00:00::	1	adj.all	2	0	0	0	2	38
15	wider	5:00:00:comprehensive:00	2	adj.all	2	0	0	0	2	39
20	wide	5:00:00:open:08	3	adj.all	2	0	0	0	2	40
50	wide	3:00:00::	1	adj.all	2	0	0	0	2	41
7	wide	5:00:00:comprehensive:00	2	adj.all	2	0	0	0	2	42
7	wide	3:00:00::	1	adj.all	2	0	0	0	2	43
14	wide	3:00:00::	1	adj.all	2	0	0	0	2	44
6	widest	3:00:00::	1	adj.all	2	0	0	0	0	45
19	wide	3:00:00::	1	adj.all	2	0	0	0	0	46
15	wide	3:00:00::	1	adj.all	2	0	0	0	0	47
4	wide	3:00:00::	1	adj.all	2	0	0	0	0	48
7	wide	3:00:00::	1	adj.all	2	0	0	0	0	49
