position	word	lexsn	wnsn	supersense	X25	X3	X5	X10	X20	index
1	proved	2:42:00::	1	verb.stative	1	1	1	1	1	0
36	proved	2:42:00::	1	verb.stative	1	1	1	1	1	1
12	proved	2:32:00::	3	verb.communication	1	1	1	1	1	2
12	proven	2:42:00::	1	verb.stative	1	0	1	1	1	3
32	prove	2:42:00::	1	verb.stative	1	0	1	1	1	4
15	prove	2:42:00::	1	verb.stative	1	0	0	1	1	5
4	proved	2:31:00::	2	verb.cognition	1	0	0	1	1	6
5	proved	2:42:00::	1	verb.stative	1	0	0	1	1	7
3	proves	2:31:00::	2	verb.cognition	1	0	0	1	1	8
29	proven	2:31:00::	2	verb.cognition	1	0	0	1	1	9
27	proved	2:42:00::	1	verb.stative	1	0	0	0	1	10
12	prove	2:31:00::	2	verb.cognition	1	0	0	0	1	11
3	prove	2:42:00::	1	verb.stative	1	0	0	0	1	12
3	proves	2:31:00::	2	verb.cognition	1	0	0	0	1	13
46	prove	2:31:00::	2	verb.cognition	1	0	0	0	1	14
13	proved	2:42:00::	1	verb.stative	1	0	0	0	1	15
16	proves	2:31:00::	2	verb.cognition	1	0	0	0	1	16
36	proved	2:42:00::	1	verb.stative	1	0	0	0	1	17
9	proved	2:42:00::	1	verb.stative	1	0	0	0	1	18
24	proved	2:42:00::	1	verb.stative	1	0	0	0	1	19
11	proved	2:31:00::	2	verb.cognition	1	0	0	0	0	20
16	prove	2:31:00::	2	verb.cognition	1	0	0	0	0	21
5	proved	2:42:00::	1	verb.stative	1	0	0	0	0	22
20	proved	2:42:00::	1	verb.stative	1	0	0	0	0	23
8	prove	2:42:00::	1	verb.stative	1	0	0	0	0	24
20	prove	2:42:00::	1	verb.stative	2	2	2	2	2	25
11	proved	2:31:00::	2	verb.cognition	2	2	2	2	2	26
22	prove	2:42:00::	1	verb.stative	2	2	2	2	2	27
2	proved	2:42:00::	1	verb.stative	2	0	2	2	2	28
10	proves	2:31:00::	2	verb.cognition	2	0	2	2	2	29
23	prove	2:42:00::	1	verb.stative	2	0	0	2	2	30
1	proved	2:31:00::	2	verb.cognition	2	0	0	2	2	31
31	prove	2:32:00::	3	verb.communication	2	0	0	2	2	32
16	proved	2:42:00::	1	verb.stative	2	0	0	2	2	33
16	proved	2:42:00::	1	verb.stative	2	0	0	2	2	34
4	prove	2:31:02::	4	verb.cognition	2	0	0	0	2	35
20	prove	2:31:00::	2	verb.cognition	2	0	0	0	2	36
27	proved	2:42:00::	1	verb.stative	2	0	0	0	2	37
28	prove	2:42:00::	1	verb.stative	2	0	0	0	2	38
11	prove	2:31:00::	2	verb.cognition	2	0	0	0	2	39
3	proved	2:31:00::	2	verb.cognition	2	0	0	0	2	40
11	proves	2:31:00::	2	verb.cognition	2	0	0	0	2	41
28	proved	2:42:00::	1	verb.stative	2	0	0	0	2	42
5	proven	2:31:00::	2	verb.cognition	2	0	0	0	2	43
17	prove	2:42:00::	1	verb.stative	2	0	0	0	2	44
6	proves	2:42:00::	1	verb.stative	2	0	0	0	0	45
2	proved	2:31:00::	2	verb.cognition	2	0	0	0	0	46
12	proved	2:31:00::	2	verb.cognition	2	0	0	0	0	47
4	proves	2:31:00::	2	verb.cognition	2	0	0	0	0	48
9	prove	2:42:00::	1	verb.stative	2	0	0	0	0	49
