position	word	lexsn	wnsn	supersense	X25	X3	X5	X10	X20	index
11	party	1:14:02::	3	noun.group	1	1	1	1	1	0
3	party	1:11:00::	4	noun.event	1	1	1	1	1	1
37	party	1:14:01::	1	noun.group	1	1	1	1	1	2
34	parties	1:14:02::	3	noun.group	1	0	1	1	1	3
18	party	1:14:01::	1	noun.group	1	0	1	1	1	4
38	party	1:14:01::	1	noun.group	1	0	0	1	1	5
15	party	1:11:00::	4	noun.event	1	0	0	1	1	6
39	party	1:14:02::	3	noun.group	1	0	0	1	1	7
12	parties	1:11:00::	4	noun.event	1	0	0	1	1	8
7	party	1:14:01::	1	noun.group	1	0	0	1	1	9
2	party	1:11:00::	4	noun.event	1	0	0	0	1	10
7	party	1:11:00::	4	noun.event	1	0	0	0	1	11
44	party	1:14:01::	1	noun.group	1	0	0	0	1	12
1	parties	1:14:01::	1	noun.group	1	0	0	0	1	13
1	party	1:14:00::	2	noun.group	1	0	0	0	1	14
13	party	1:14:01::	1	noun.group	1	0	0	0	1	15
20	party	1:14:01::	1	noun.group	1	0	0	0	1	16
3	parties	1:14:00::	2	noun.group	1	0	0	0	1	17
6	party	1:14:00::	2	noun.group	1	0	0	0	1	18
11	party	1:14:00::	2	noun.group	1	0	0	0	1	19
38	parties	1:14:00::	2	noun.group	1	0	0	0	0	20
15	party	1:14:01::	1	noun.group	1	0	0	0	0	21
8	party	1:14:01::	1	noun.group	1	0	0	0	0	22
3	party	1:14:00::	2	noun.group	1	0	0	0	0	23
25	party	1:14:01::	1	noun.group	1	0	0	0	0	24
9	party	1:14:00::	2	noun.group	2	2	2	2	2	25
22	party	1:14:01::	1	noun.group	2	2	2	2	2	26
27	party	1:14:01::	1	noun.group	2	2	2	2	2	27
11	party	1:14:00::	2	noun.group	2	0	2	2	2	28
20	parties	1:14:01::	1	noun.group	2	0	2	2	2	29
9	party	1:14:00::	2	noun.group	2	0	0	2	2	30
6	party	1:18:00::	5	noun.person	2	0	0	2	2	31
1	parties	1:14:01::	1	noun.group	2	0	0	2	2	32
14	party	1:14:00::	2	noun.group	2	0	0	2	2	33
5	parties	1:14:02::	3	noun.group	2	0	0	2	2	34
12	parties	1:14:01::	1	noun.group	2	0	0	0	2	35
4	party	1:14:00::	2	noun.group	2	0	0	0	2	36
24	party	1:14:02::	3	noun.group	2	0	0	0	2	37
34	party	1:14:00::	2	noun.group	2	0	0	0	2	38
10	party	1:14:01::	1	noun.group	2	0	0	0	2	39
8	party	1:14:01::	1	noun.group	2	0	0	0	2	40
6	parties	1:14:02::	3	noun.group	2	0	0	0	2	41
28	party	1:14:01::	1	noun.group	2	0	0	0	2	42
4	party	1:11:00::	4	noun.event	2	0	0	0	2	43
9	party	1:14:02::	3	noun.group	2	0	0	0	2	44
8	party	1:14:00::	2	noun.group	2	0	0	0	0	45
22	party	1:14:01::	1	noun.group	2	0	0	0	0	46
1	party	1:14:00::	2	noun.group	2	0	0	0	0	47
14	party	1:14:01::	1	noun.group	2	0	0	0	0	48
28	parties	1:14:02::	3	noun.group	2	0	0	0	0	49
