position	word	lexsn	wnsn	supersense	X25	X3	X5	X10	X20	index
8	mentioned	2:32:00::	2	verb.communication	1	1	1	1	1	0
11	mentioned	2:32:02::	1	verb.communication	1	1	1	1	1	1
5	mention	2:32:02::	1	verb.communication	1	1	1	1	1	2
15	mentioned	2:32:02::	1	verb.communication	1	0	1	1	1	3
5	mention	2:32:02::	1	verb.communication	1	0	1	1	1	4
12	mentioned	2:32:02::	1	verb.communication	1	0	0	1	1	5
3	mentioned	2:32:00::	2	verb.communication	1	0	0	1	1	6
10	mentioned	2:32:02::	1	verb.communication	1	0	0	1	1	7
8	mentioned	2:32:02::	1	verb.communication	1	0	0	1	1	8
17	mentioned	2:32:02::	1	verb.communication	1	0	0	1	1	9
17	mentions	2:32:02::	1	verb.communication	1	0	0	0	1	10
15	mention	2:32:00::	2	verb.communication	1	0	0	0	1	11
3	mentioned	2:32:02::	1	verb.communication	1	0	0	0	1	12
15	mentioned	2:32:02::	1	verb.communication	1	0	0	0	1	13
12	mentioned	2:32:02::	1	verb.communication	1	0	0	0	1	14
13	mentioned	2:32:02::	1	verb.communication	1	0	0	0	1	15
10	mentioned	2:32:02::	1	verb.communication	1	0	0	0	1	16
18	mentioned	2:32:02::	1	verb.communication	1	0	0	0	1	17
21	mentioned	2:32:00::	2	verb.communication	1	0	0	0	1	18
5	mentioned	2:32:01::	3	verb.communication	1	0	0	0	1	19
2	mentioned	2:32:02::	1	verb.communication	1	0	0	0	0	20
1	mentioned	2:32:02::	1	verb.communication	1	0	0	0	0	21
6	mentioned	2:32:02::	1	verb.communication	1	0	0	0	0	22
2	mentioned	2:32:00::	2	verb.communication	1	0	0	0	0	23
4	mention	2:32:01::	3	verb.communication	1	0	0	0	0	24
8	mentioned	2:32:00::	2	verb.communication	2	2	2	2	2	25
31	mentioned	2:32:02::	1	verb.communication	2	2	2	2	2	26
8	mentioned	2:32:02::	1	verb.communication	2	2	2	2	2	27
8	mentioned	2:32:00::	2	verb.communication	2	0	2	2	2	28
17	mentioned	2:32:02::	1	verb.communication	2	0	2	2	2	29
27	mentioned	2:32:02::	1	verb.communication	2	0	0	2	2	30
2	mentioned	2:32:00::	2	verb.communication	2	0	0	2	2	31
15	mentioning	2:32:01::	3	verb.communication	2	0	0	2	2	32
2	mention	2:32:00::	2	verb.communication	2	0	0	2	2	33
3	mentioned	2:32:02::	1	verb.communication	2	0	0	2	2	34
3	mention	2:32:02::	1	verb.communication	2	0	0	0	2	35
33	mentioned	2:32:02::	1	verb.communication	2	0	0	0	2	36
3	mentioning	2:32:02::	1	verb.communication	2	0	0	0	2	37
2	mentioned	2:32:02::	1	verb.communication	2	0	0	0	2	38
6	mention	2:32:01::	3	verb.communication	2	0	0	0	2	39
2	mention	2:32:02::	1	verb.communication	2	0	0	0	2	40
14	mentions	2:32:02::	1	verb.communication	2	0	0	0	2	41
39	mentioned	2:32:02::	1	verb.communication	2	0	0	0	2	42
3	mention	2:32:02::	1	verb.communication	2	0	0	0	2	43
24	mentioned	2:32:02::	1	verb.communication	2	0	0	0	2	44
8	mentioned	2:32:00::	2	verb.communication	2	0	0	0	0	45
3	mentions	2:32:02::	1	verb.communication	2	0	0	0	0	46
6	mention	2:32:02::	1	verb.communication	2	0	0	0	0	47
8	mention	2:32:02::	1	verb.communication	2	0	0	0	0	48
9	mentioned	2:32:02::	1	verb.communication	2	0	0	0	0	49
