position	word	lexsn	wnsn	supersense	X25	X3	X5	X10	X20	index
4	trouble	1:09:00::	1	noun.cognition	1	1	1	1	1	0
5	trouble	1:26:01::	0	noun.state	1	1	1	1	1	1
2	trouble	1:09:00::	1	noun.cognition	1	1	1	1	1	2
5	trouble	1:09:00::	1	noun.cognition	1	0	1	1	1	3
11	trouble	1:11:01::	2	noun.event	1	0	1	1	1	4
29	trouble	1:09:00::	1	noun.cognition	1	0	0	1	1	5
1	trouble	1:09:00::	1	noun.cognition	1	0	0	1	1	6
17	trouble	1:04:02::	4	noun.act	1	0	0	1	1	7
19	trouble	1:26:01::	0	noun.state	1	0	0	1	1	8
1	Trouble	1:11:00::	3	noun.event	1	0	0	1	1	9
48	trouble	1:04:02::	4	noun.act	1	0	0	0	1	10
4	trouble	1:09:00::	1	noun.cognition	1	0	0	0	1	11
7	trouble	1:11:01::	2	noun.event	1	0	0	0	1	12
6	troubles	1:26:01::	0	noun.state	1	0	0	0	1	13
14	trouble	1:09:00::	1	noun.cognition	1	0	0	0	1	14
4	trouble	1:11:01::	2	noun.event	1	0	0	0	1	15
6	trouble	1:11:01::	2	noun.event	1	0	0	0	1	16
16	trouble	1:11:01::	2	noun.event	1	0	0	0	1	17
6	trouble	1:09:00::	1	noun.cognition	1	0	0	0	1	18
14	trouble	1:11:00::	3	noun.event	1	0	0	0	1	19
31	trouble	1:26:01::	0	noun.state	1	0	0	0	0	20
30	trouble	1:09:00::	1	noun.cognition	1	0	0	0	0	21
1	trouble	1:09:00::	1	noun.cognition	1	0	0	0	0	22
4	trouble	1:11:00::	3	noun.event	1	0	0	0	0	23
18	trouble	1:09:00::	1	noun.cognition	1	0	0	0	0	24
33	troubles	1:11:00::	3	noun.event	2	2	2	2	2	25
8	trouble	1:09:00::	1	noun.cognition	2	2	2	2	2	26
20	trouble	1:09:00::	1	noun.cognition	2	2	2	2	2	27
9	trouble	1:09:00::	1	noun.cognition	2	0	2	2	2	28
4	troubles	1:11:00::	3	noun.event	2	0	2	2	2	29
7	trouble	1:11:00::	3	noun.event	2	0	0	2	2	30
15	trouble	1:26:01::	0	noun.state	2	0	0	2	2	31
8	trouble	1:26:01::	0	noun.state	2	0	0	2	2	32
5	trouble	1:09:00::	1	noun.cognition	2	0	0	2	2	33
10	trouble	1:09:00::	1	noun.cognition	2	0	0	2	2	34
7	trouble	1:26:01::	0	noun.state	2	0	0	0	2	35
13	trouble	1:26:01::	0	noun.state	2	0	0	0	2	36
10	trouble	1:04:02::	4	noun.act	2	0	0	0	2	37
4	trouble	1:04:02::	4	noun.act	2	0	0	0	2	38
5	trouble	1:11:01::	2	noun.event	2	0	0	0	2	39
6	trouble	1:11:00::	3	noun.event	2	0	0	0	2	40
10	trouble	1:11:01::	2	noun.event	2	0	0	0	2	41
4	trouble	1:11:01::	2	noun.event	2	0	0	0	2	42
14	trouble	1:26:01::	0	noun.state	2	0	0	0	2	43
11	trouble	1:04:02::	4	noun.act	2	0	0	0	2	44
15	trouble	1:11:01::	2	noun.event	2	0	0	0	0	45
7	trouble	1:11:01::	2	noun.event	2	0	0	0	0	46
1	trouble	1:09:00::	1	noun.cognition	2	0	0	0	0	47
7	trouble	1:11:00::	3	noun.event	2	0	0	0	0	48
4	trouble	1:11:00::	3	noun.event	2	0	0	0	0	49
