position	word	lexsn	wnsn	supersense	X25	X3	X5	X10	X20	index
5	offered	2:40:00::	2	verb.possession	1	1	1	1	1	0
3	offered	2:40:01::	7	verb.possession	1	1	1	1	1	1
10	offers	2:40:02::	1	verb.possession	1	1	1	1	1	2
7	offered	2:40:02::	1	verb.possession	1	0	1	1	1	3
12	offers	2:40:02::	1	verb.possession	1	0	1	1	1	4
13	offered	2:40:00::	2	verb.possession	1	0	0	1	1	5
8	offered	2:40:00::	2	verb.possession	1	0	0	1	1	6
10	offers	2:40:00::	2	verb.possession	1	0	0	1	1	7
1	offers	2:31:00::	4	verb.cognition	1	0	0	1	1	8
21	offers	2:40:02::	1	verb.possession	1	0	0	1	1	9
12	offered	2:40:03::	6	verb.possession	1	0	0	0	1	10
3	offers	2:40:02::	1	verb.possession	1	0	0	0	1	11
11	offers	2:40:02::	1	verb.possession	1	0	0	0	1	12
2	offered	2:41:00::	3	verb.social	1	0	0	0	1	13
22	offers	2:40:02::	1	verb.possession	1	0	0	0	1	14
4	offer	2:40:02::	1	verb.possession	1	0	0	0	1	15
2	offered	2:40:02::	1	verb.possession	1	0	0	0	1	16
5	offers	2:40:02::	1	verb.possession	1	0	0	0	1	17
8	offered	2:40:09::	5	verb.possession	1	0	0	0	1	18
21	offers	2:40:02::	1	verb.possession	1	0	0	0	1	19
7	offers	2:40:02::	1	verb.possession	1	0	0	0	0	20
16	offer	2:40:02::	1	verb.possession	1	0	0	0	0	21
7	offer	2:40:02::	1	verb.possession	1	0	0	0	0	22
7	offered	2:40:02::	1	verb.possession	1	0	0	0	0	23
60	offered	2:39:06::	8	verb.perception	1	0	0	0	0	24
18	offer	2:41:00::	3	verb.social	2	2	2	2	2	25
16	offered	2:40:00::	2	verb.possession	2	2	2	2	2	26
1	offer	2:40:02::	1	verb.possession	2	2	2	2	2	27
0	Offer	2:40:00::	2	verb.possession	2	0	2	2	2	28
35	offered	2:40:02::	1	verb.possession	2	0	2	2	2	29
4	offer	2:40:02::	1	verb.possession	2	0	0	2	2	30
32	offered	2:40:02::	1	verb.possession	2	0	0	2	2	31
12	offered	2:40:02::	1	verb.possession	2	0	0	2	2	32
23	offered	2:40:02::	1	verb.possession	2	0	0	2	2	33
7	offer	2:40:02::	1	verb.possession	2	0	0	2	2	34
17	offered	2:40:03::	6	verb.possession	2	0	0	0	2	35
34	offering	2:40:02::	1	verb.possession	2	0	0	0	2	36
2	offered	2:40:02::	1	verb.possession	2	0	0	0	2	37
2	offered	2:31:00::	4	verb.cognition	2	0	0	0	2	38
3	offer	2:40:02::	1	verb.possession	2	0	0	0	2	39
7	offering	2:40:03::	6	verb.possession	2	0	0	0	2	40
9	offer	2:40:02::	1	verb.possession	2	0	0	0	2	41
5	offer	2:40:02::	1	verb.possession	2	0	0	0	2	42
29	offer	2:40:02::	1	verb.possession	2	0	0	0	2	43
3	offered	2:40:02::	1	verb.possession	2	0	0	0	2	44
14	offered	2:40:02::	1	verb.possession	2	0	0	0	0	45
26	offered	2:40:02::	1	verb.possession	2	0	0	0	0	46
34	offered	2:40:02::	1	verb.possession	2	0	0	0	0	47
3	offering	2:40:02::	1	verb.possession	2	0	0	0	0	48
11	offers	2:40:02::	1	verb.possession	2	0	0	0	0	49
