position	word	lexsn	wnsn	supersense	X25	X3	X5	X10	X20	index
14	ran	2:38:00::	1	verb.motion	1	1	1	1	1	0
6	ran	2:42:00::	3	verb.stative	1	1	1	1	1	1
7	running	2:38:00::	1	verb.motion	1	1	1	1	1	2
14	run	2:42:00::	3	verb.stative	1	0	1	1	1	3
53	running	2:40:06::	25	verb.possession	1	0	1	1	1	4
1	Run	2:38:10::	26	verb.motion	1	0	0	1	1	5
16	running	2:42:00::	3	verb.stative	1	0	0	1	1	6
15	run	2:42:04::	5	verb.stative	1	0	0	1	1	7
1	ran	2:38:00::	1	verb.motion	1	0	0	1	1	8
8	runs	2:42:04::	5	verb.stative	1	0	0	1	1	9
1	ran	2:42:03::	17	verb.stative	1	0	0	0	1	10
10	run	2:42:06::	18	verb.stative	1	0	0	0	1	11
8	run	2:42:02::	16	verb.stative	1	0	0	0	1	12
8	run	2:42:04::	5	verb.stative	1	0	0	0	1	13
28	ran	2:30:03::	14	verb.change	1	0	0	0	1	14
1	run	2:42:07::	8	verb.stative	1	0	0	0	1	15
4	ran	2:42:04::	5	verb.stative	1	0	0	0	1	16
1	ran	2:41:02::	4	verb.social	1	0	0	0	1	17
3	run	2:42:00::	3	verb.stative	1	0	0	0	1	18
13	run	2:38:00::	1	verb.motion	1	0	0	0	1	19
11	run	2:38:00::	1	verb.motion	1	0	0	0	0	20
30	run	2:38:00::	1	verb.motion	1	0	0	0	0	21
34	running	2:38:00::	1	verb.motion	1	0	0	0	0	22
11	run	2:42:00::	3	verb.stative	1	0	0	0	0	23
15	running	2:35:00::	7	verb.contact	1	0	0	0	0	24
1	ran	2:35:01::	22	verb.contact	2	2	2	2	2	25
2	ran	2:36:00::	21	verb.creation	2	2	2	2	2	26
14	run	2:42:04::	5	verb.stative	2	2	2	2	2	27
10	running	2:38:04::	2	verb.motion	2	0	2	2	2	28
2	run	2:36:02::	20	verb.creation	2	0	2	2	2	29
7	run	2:38:00::	1	verb.motion	2	0	0	2	2	30
11	run	2:38:11::	11	verb.motion	2	0	0	2	2	31
16	running	2:41:02::	4	verb.social	2	0	0	2	2	32
11	running	2:38:00::	1	verb.motion	2	0	0	2	2	33
3	run	2:38:04::	2	verb.motion	2	0	0	2	2	34
1	runs	2:38:01::	6	verb.motion	2	0	0	0	2	35
20	running	2:33:06::	9	verb.competition	2	0	0	0	2	36
5	runs	2:42:01::	12	verb.stative	2	0	0	0	2	37
46	run	2:33:06::	9	verb.competition	2	0	0	0	2	38
9	ran	2:38:00::	1	verb.motion	2	0	0	0	2	39
8	ran	2:38:00::	1	verb.motion	2	0	0	0	2	40
1	ran	2:38:00::	1	verb.motion	2	0	0	0	2	41
14	running	2:38:11::	11	verb.motion	2	0	0	0	2	42
23	run	2:33:06::	9	verb.competition	2	0	0	0	2	43
12	run	2:38:04::	2	verb.motion	2	0	0	0	2	44
5	run	2:35:00::	7	verb.contact	2	0	0	0	0	45
11	run	2:42:08::	23	verb.stative	2	0	0	0	0	46
10	ran	2:42:04::	5	verb.stative	2	0	0	0	0	47
11	ran	2:30:07::	15	verb.change	2	0	0	0	0	48
9	ran	2:42:00::	3	verb.stative	2	0	0	0	0	49
