position	word	lexsn	wnsn	supersense	X25	X3	X5	X10	X20	index
13	improved	2:30:01::	1	verb.change	1	1	1	1	1	0
0	Improves	2:30:01::	1	verb.change	1	1	1	1	1	1
6	improve	2:30:01::	1	verb.change	1	1	1	1	1	2
5	improves	2:30:01::	1	verb.change	1	0	1	1	1	3
4	improve	2:30:01::	1	verb.change	1	0	1	1	1	4
5	improves	2:30:01::	1	verb.change	1	0	0	1	1	5
6	improved	2:30:01::	1	verb.change	1	0	0	1	1	6
21	improved	2:30:00::	2	verb.change	1	0	0	1	1	7
1	improves	2:30:01::	1	verb.change	1	0	0	1	1	8
24	improved	2:30:01::	1	verb.change	1	0	0	1	1	9
5	improving	2:30:00::	2	verb.change	1	0	0	0	1	10
14	improve	2:30:01::	1	verb.change	1	0	0	0	1	11
8	improving	2:30:01::	1	verb.change	1	0	0	0	1	12
39	improve	2:30:01::	1	verb.change	1	0	0	0	1	13
12	improved	2:30:01::	1	verb.change	1	0	0	0	1	14
25	improving	2:30:01::	1	verb.change	1	0	0	0	1	15
2	improves	2:30:00::	2	verb.change	1	0	0	0	1	16
26	improved	2:30:01::	1	verb.change	1	0	0	0	1	17
37	improved	2:30:01::	1	verb.change	1	0	0	0	1	18
3	improving	2:30:01::	1	verb.change	1	0	0	0	1	19
11	improve	2:30:01::	1	verb.change	1	0	0	0	0	20
14	improve	2:30:01::	1	verb.change	1	0	0	0	0	21
16	improve	2:30:01::	1	verb.change	1	0	0	0	0	22
14	improve	2:30:01::	1	verb.change	1	0	0	0	0	23
13	improve	2:30:01::	1	verb.change	1	0	0	0	0	24
36	improve	2:30:01::	1	verb.change	2	2	2	2	2	25
0	Improves	2:30:01::	1	verb.change	2	2	2	2	2	26
8	improve	2:30:01::	1	verb.change	2	2	2	2	2	27
27	improved	2:30:01::	1	verb.change	2	0	2	2	2	28
20	improving	2:30:00::	2	verb.change	2	0	2	2	2	29
13	improve	2:30:01::	1	verb.change	2	0	0	2	2	30
24	improving	2:30:01::	1	verb.change	2	0	0	2	2	31
12	improved	2:30:01::	1	verb.change	2	0	0	2	2	32
19	improved	2:30:01::	1	verb.change	2	0	0	2	2	33
12	improve	2:30:01::	1	verb.change	2	0	0	2	2	34
6	improve	2:30:01::	1	verb.change	2	0	0	0	2	35
17	improve	2:30:01::	1	verb.change	2	0	0	0	2	36
22	improve	2:30:01::	1	verb.change	2	0	0	0	2	37
16	improving	2:30:01::	1	verb.change	2	0	0	0	2	38
2	improves	2:30:00::	2	verb.change	2	0	0	0	2	39
6	improved	2:30:01::	1	verb.change	2	0	0	0	2	40
11	improve	2:30:01::	1	verb.change	2	0	0	0	2	41
5	improving	2:30:01::	1	verb.change	2	0	0	0	2	42
29	improving	2:30:01::	1	verb.change	2	0	0	0	2	43
12	improved	2:30:01::	1	verb.change	2	0	0	0	2	44
40	improve	2:30:01::	1	verb.change	2	0	0	0	0	45
30	improved	2:30:00::	2	verb.change	2	0	0	0	0	46
16	improving	2:30:01::	1	verb.change	2	0	0	0	0	47
40	improve	2:30:01::	1	verb.change	2	0	0	0	0	48
19	improve	2:30:01::	1	verb.change	2	0	0	0	0	49
