position	word	lexsn	wnsn	supersense	X25	X3	X5	X10	X20	index
26	size	1:07:00::	1	noun.attribute	1	1	1	1	1	0
3	size	1:07:00::	1	noun.attribute	1	1	1	1	1	1
19	size	1:07:00::	1	noun.attribute	1	1	1	1	1	2
20	size	1:07:00::	1	noun.attribute	1	0	1	1	1	3
17	size	1:07:00::	1	noun.attribute	1	0	1	1	1	4
9	size	1:07:00::	1	noun.attribute	1	0	0	1	1	5
18	size	1:07:00::	1	noun.attribute	1	0	0	1	1	6
6	size	1:07:00::	1	noun.attribute	1	0	0	1	1	7
6	size	1:07:00::	1	noun.attribute	1	0	0	1	1	8
7	size	1:07:00::	1	noun.attribute	1	0	0	1	1	9
15	size	1:07:00::	1	noun.attribute	1	0	0	0	1	10
7	size	1:07:00::	1	noun.attribute	1	0	0	0	1	11
21	size	1:07:00::	1	noun.attribute	1	0	0	0	1	12
5	size	1:07:00::	1	noun.attribute	1	0	0	0	1	13
14	size	1:07:00::	1	noun.attribute	1	0	0	0	1	14
31	size	1:07:00::	1	noun.attribute	1	0	0	0	1	15
7	sizes	1:07:00::	1	noun.attribute	1	0	0	0	1	16
10	size	1:07:00::	1	noun.attribute	1	0	0	0	1	17
3	size	1:07:00::	1	noun.attribute	1	0	0	0	1	18
8	size	1:07:00::	1	noun.attribute	1	0	0	0	1	19
4	size	1:07:00::	1	noun.attribute	1	0	0	0	0	20
23	sizes	1:07:00::	1	noun.attribute	1	0	0	0	0	21
3	size	1:07:00::	1	noun.attribute	1	0	0	0	0	22
65	size	1:07:00::	1	noun.attribute	1	0	0	0	0	23
22	size	1:07:00::	1	noun.attribute	1	0	0	0	0	24
64	size	1:07:00::	1	noun.attribute	2	2	2	2	2	25
1	size	1:07:00::	1	noun.attribute	2	2	2	2	2	26
6	sizes	1:07:01::	2	noun.attribute	2	2	2	2	2	27
13	size	1:07:00::	1	noun.attribute	2	0	2	2	2	28
39	size	1:07:00::	1	noun.attribute	2	0	2	2	2	29
35	size	1:07:00::	1	noun.attribute	2	0	0	2	2	30
8	size	1:07:00::	1	noun.attribute	2	0	0	2	2	31
9	size	1:07:00::	1	noun.attribute	2	0	0	2	2	32
32	size	1:07:00::	1	noun.attribute	2	0	0	2	2	33
8	size	1:07:00::	1	noun.attribute	2	0	0	2	2	34
15	size	1:07:00::	1	noun.attribute	2	0	0	0	2	35
11	size	1:07:00::	1	noun.attribute	2	0	0	0	2	36
8	size	1:07:00::	1	noun.attribute	2	0	0	0	2	37
0	size	1:07:00::	1	noun.attribute	2	0	0	0	2	38
7	size	1:07:00::	1	noun.attribute	2	0	0	0	2	39
13	size	1:07:00::	1	noun.attribute	2	0	0	0	2	40
15	size	1:07:00::	1	noun.attribute	2	0	0	0	2	41
14	size	1:07:00::	1	noun.attribute	2	0	0	0	2	42
11	size	1:07:00::	1	noun.attribute	2	0	0	0	2	43
37	size	1:07:00::	1	noun.attribute	2	0	0	0	2	44
21	size	1:07:00::	1	noun.attribute	2	0	0	0	0	45
10	size	1:07:00::	1	noun.attribute	2	0	0	0	0	46
1	size	1:07:00::	1	noun.attribute	2	0	0	0	0	47
9	size	1:07:00::	1	noun.attribute	2	0	0	0	0	48
1	size	1:07:00::	1	noun.attribute	2	0	0	0	0	49
