position	word	lexsn	wnsn	supersense	X25	X3	X5	X10	X20	index
1	perform	2:41:02::	2	verb.social	1	1	1	1	1	0
65	perform	2:36:01::	3	verb.creation	1	1	1	1	1	1
16	performed	2:36:01::	3	verb.creation	1	1	1	1	1	2
12	perform	2:41:02::	2	verb.social	1	0	1	1	1	3
16	performed	2:41:02::	2	verb.social	1	0	1	1	1	4
4	perform	2:36:01::	3	verb.creation	1	0	0	1	1	5
7	perform	2:41:00::	4	verb.social	1	0	0	1	1	6
3	performed	2:36:00::	1	verb.creation	1	0	0	1	1	7
14	performed	2:36:01::	3	verb.creation	1	0	0	1	1	8
34	perform	2:36:00::	1	verb.creation	1	0	0	1	1	9
17	performed	2:36:01::	3	verb.creation	1	0	0	0	1	10
22	performing	2:36:01::	3	verb.creation	1	0	0	0	1	11
36	performed	2:36:00::	1	verb.creation	1	0	0	0	1	12
35	performed	2:41:02::	2	verb.social	1	0	0	0	1	13
6	performed	2:36:00::	1	verb.creation	1	0	0	0	1	14
25	perform	2:41:00::	4	verb.social	1	0	0	0	1	15
13	perform	2:41:02::	2	verb.social	1	0	0	0	1	16
37	perform	2:36:00::	1	verb.creation	1	0	0	0	1	17
17	performed	2:36:00::	1	verb.creation	1	0	0	0	1	18
33	performing	2:36:01::	3	verb.creation	1	0	0	0	1	19
24	performs	2:41:02::	2	verb.social	1	0	0	0	0	20
8	performed	2:41:02::	2	verb.social	1	0	0	0	0	21
19	performed	2:36:01::	3	verb.creation	1	0	0	0	0	22
6	performed	2:36:01::	3	verb.creation	1	0	0	0	0	23
31	performed	2:41:02::	2	verb.social	1	0	0	0	0	24
8	performing	2:36:01::	3	verb.creation	2	2	2	2	2	25
10	performed	2:36:00::	1	verb.creation	2	2	2	2	2	26
15	performed	2:36:00::	1	verb.creation	2	2	2	2	2	27
38	performed	2:36:00::	1	verb.creation	2	0	2	2	2	28
10	performs	2:41:02::	2	verb.social	2	0	2	2	2	29
7	performed	2:36:00::	1	verb.creation	2	0	0	2	2	30
17	perform	2:41:02::	2	verb.social	2	0	0	2	2	31
46	perform	2:41:02::	2	verb.social	2	0	0	2	2	32
4	perform	2:41:02::	2	verb.social	2	0	0	2	2	33
7	perform	2:41:02::	2	verb.social	2	0	0	2	2	34
18	performed	2:36:01::	3	verb.creation	2	0	0	0	2	35
8	perform	2:36:00::	1	verb.creation	2	0	0	0	2	36
14	performing	2:36:00::	1	verb.creation	2	0	0	0	2	37
13	performed	2:36:01::	3	verb.creation	2	0	0	0	2	38
27	performing	2:36:00::	1	verb.creation	2	0	0	0	2	39
16	performed	2:36:01::	3	verb.creation	2	0	0	0	2	40
16	performs	2:36:00::	1	verb.creation	2	0	0	0	2	41
15	performed	2:36:01::	3	verb.creation	2	0	0	0	2	42
21	perform	2:36:00::	1	verb.creation	2	0	0	0	2	43
7	performed	2:41:02::	2	verb.social	2	0	0	0	2	44
7	performing	2:36:00::	1	verb.creation	2	0	0	0	0	45
41	perform	2:36:00::	1	verb.creation	2	0	0	0	0	46
15	performed	2:36:00::	1	verb.creation	2	0	0	0	0	47
18	performing	2:36:00::	1	verb.creation	2	0	0	0	0	48
7	perform	2:41:02::	2	verb.social	2	0	0	0	0	49
