position	word	lexsn	wnsn	supersense	X25	X3	X5	X10	X20	index
8	number	1:07:00::	1	noun.attribute	1	1	1	1	1	0
16	number	1:07:00::	1	noun.attribute	1	1	1	1	1	1
22	number	1:23:00::	2	noun.quantity	1	1	1	1	1	2
20	number	1:23:00::	2	noun.quantity	1	0	1	1	1	3
2	number	1:07:00::	1	noun.attribute	1	0	1	1	1	4
13	number	1:23:00::	2	noun.quantity	1	0	0	1	1	5
21	number	1:23:00::	2	noun.quantity	1	0	0	1	1	6
6	number	1:07:00::	1	noun.attribute	1	0	0	1	1	7
6	number	1:23:00::	2	noun.quantity	1	0	0	1	1	8
28	number	1:23:00::	2	noun.quantity	1	0	0	1	1	9
4	Number	1:10:02::	8	noun.communication	1	0	0	0	1	10
10	number	1:23:00::	2	noun.quantity	1	0	0	0	1	11
13	number	1:07:00::	1	noun.attribute	1	0	0	0	1	12
31	number	1:07:00::	1	noun.attribute	1	0	0	0	1	13
22	number	1:07:00::	1	noun.attribute	1	0	0	0	1	14
7	number	1:07:00::	1	noun.attribute	1	0	0	0	1	15
14	numbers	1:10:00::	6	noun.communication	1	0	0	0	1	16
20	number	1:23:00::	2	noun.quantity	1	0	0	0	1	17
18	number	1:07:00::	1	noun.attribute	1	0	0	0	1	18
17	number	1:07:00::	1	noun.attribute	1	0	0	0	1	19
12	number	1:07:00::	1	noun.attribute	1	0	0	0	0	20
12	number	1:23:00::	2	noun.quantity	1	0	0	0	0	21
7	number	1:07:00::	1	noun.attribute	1	0	0	0	0	22
8	number	1:07:00::	1	noun.attribute	1	0	0	0	0	23
7	numbers	1:07:00::	1	noun.attribute	1	0	0	0	0	24
6	numbers	1:10:04::	3	noun.communication	2	2	2	2	2	25
6	number	1:07:00::	1	noun.attribute	2	2	2	2	2	26
15	number	1:07:00::	1	noun.attribute	2	2	2	2	2	27
22	numbers	1:23:00::	2	noun.quantity	2	0	2	2	2	28
51	number	1:23:00::	2	noun.quantity	2	0	2	2	2	29
4	number	1:07:00::	1	noun.attribute	2	0	0	2	2	30
7	number	1:07:00::	1	noun.attribute	2	0	0	2	2	31
11	numbers	1:07:00::	1	noun.attribute	2	0	0	2	2	32
21	numbers	1:07:00::	1	noun.attribute	2	0	0	2	2	33
34	number	1:23:00::	2	noun.quantity	2	0	0	2	2	34
1	number	1:07:00::	1	noun.attribute	2	0	0	0	2	35
9	numbers	1:07:00::	1	noun.attribute	2	0	0	0	2	36
7	number	1:10:00::	6	noun.communication	2	0	0	0	2	37
8	number	1:23:00::	2	noun.quantity	2	0	0	0	2	38
1	number	1:07:00::	1	noun.attribute	2	0	0	0	2	39
85	number	1:07:00::	1	noun.attribute	2	0	0	0	2	40
3	number	1:07:00::	1	noun.attribute	2	0	0	0	2	41
8	number	1:23:00::	2	noun.quantity	2	0	0	0	2	42
21	number	1:23:00::	2	noun.quantity	2	0	0	0	2	43
18	number	1:07:00::	1	noun.attribute	2	0	0	0	2	44
7	number	1:07:00::	1	noun.attribute	2	0	0	0	0	45
5	number	1:23:00::	2	noun.quantity	2	0	0	0	0	46
13	number	1:07:00::	1	noun.attribute	2	0	0	0	0	47
11	number	1:07:00::	1	noun.attribute	2	0	0	0	0	48
5	number	1:23:00::	2	noun.quantity	2	0	0	0	0	49
