position	word	lexsn	wnsn	supersense	X25	X3	X5	X10	X20	index
1	try	2:41:00::	1	verb.social	1	1	1	1	1	0
0	Try	2:41:01::	2	verb.social	1	1	1	1	1	1
1	try	2:41:00::	1	verb.social	1	1	1	1	1	2
15	try	2:41:00::	1	verb.social	1	0	1	1	1	3
8	trying	2:41:00::	1	verb.social	1	0	1	1	1	4
25	try	2:41:00::	1	verb.social	1	0	0	1	1	5
2	tried	2:41:00::	1	verb.social	1	0	0	1	1	6
15	trying	2:41:00::	1	verb.social	1	0	0	1	1	7
0	Try	2:41:00::	1	verb.social	1	0	0	1	1	8
31	trying	2:41:00::	1	verb.social	1	0	0	1	1	9
2	tried	2:41:00::	1	verb.social	1	0	0	0	1	10
2	trying	2:41:00::	1	verb.social	1	0	0	0	1	11
2	try	2:41:00::	1	verb.social	1	0	0	0	1	12
10	tried	2:41:00::	1	verb.social	1	0	0	0	1	13
0	Try	2:41:00::	1	verb.social	1	0	0	0	1	14
2	trying	2:41:00::	1	verb.social	1	0	0	0	1	15
5	tried	2:41:00::	1	verb.social	1	0	0	0	1	16
25	trying	2:41:00::	1	verb.social	1	0	0	0	1	17
3	trying	2:41:00::	1	verb.social	1	0	0	0	1	18
12	try	2:41:00::	1	verb.social	1	0	0	0	1	19
7	try	2:41:00::	1	verb.social	1	0	0	0	0	20
8	tried	2:41:00::	1	verb.social	1	0	0	0	0	21
7	tried	2:41:00::	1	verb.social	1	0	0	0	0	22
7	trying	2:41:00::	1	verb.social	1	0	0	0	0	23
3	try	2:41:00::	1	verb.social	1	0	0	0	0	24
7	trying	2:41:00::	1	verb.social	2	2	2	2	2	25
29	trying	2:41:00::	1	verb.social	2	2	2	2	2	26
3	trying	2:41:00::	1	verb.social	2	2	2	2	2	27
16	try	2:41:00::	1	verb.social	2	0	2	2	2	28
1	tried	2:41:00::	1	verb.social	2	0	2	2	2	29
2	try	2:41:00::	1	verb.social	2	0	0	2	2	30
21	trying	2:41:00::	1	verb.social	2	0	0	2	2	31
8	tried	2:41:00::	1	verb.social	2	0	0	2	2	32
7	try	2:41:00::	1	verb.social	2	0	0	2	2	33
4	tried	2:41:00::	1	verb.social	2	0	0	2	2	34
2	tried	2:41:00::	1	verb.social	2	0	0	0	2	35
4	tried	2:41:00::	1	verb.social	2	0	0	0	2	36
14	tried	2:41:00::	1	verb.social	2	0	0	0	2	37
13	trying	2:41:00::	1	verb.social	2	0	0	0	2	38
6	trying	2:41:00::	1	verb.social	2	0	0	0	2	39
2	try	2:41:00::	1	verb.social	2	0	0	0	2	40
4	trying	2:41:00::	1	verb.social	2	0	0	0	2	41
21	tried	2:41:00::	1	verb.social	2	0	0	0	2	42
20	try	2:41:00::	1	verb.social	2	0	0	0	2	43
20	try	2:41:01::	2	verb.social	2	0	0	0	2	44
0	Try	2:41:00::	1	verb.social	2	0	0	0	0	45
20	trying	2:41:00::	1	verb.social	2	0	0	0	0	46
5	try	2:41:00::	1	verb.social	2	0	0	0	0	47
3	try	2:41:01::	2	verb.social	2	0	0	0	0	48
8	try	2:41:00::	1	verb.social	2	0	0	0	0	49
