position	word	lexsn	wnsn	supersense	X25	X3	X5	X10	X20	index
20	question	1:10:00::	1	noun.communication	1	1	1	1	1	0
2	question	1:10:00::	1	noun.communication	1	1	1	1	1	1
25	question	1:10:00::	1	noun.communication	1	1	1	1	1	2
15	questions	1:10:00::	1	noun.communication	1	0	1	1	1	3
29	question	1:10:01::	2	noun.communication	1	0	1	1	1	4
1	question	1:10:01::	2	noun.communication	1	0	0	1	1	5
2	question	1:10:00::	1	noun.communication	1	0	0	1	1	6
5	questions	1:10:00::	1	noun.communication	1	0	0	1	1	7
3	question	1:10:01::	2	noun.communication	1	0	0	1	1	8
7	questions	1:10:03::	3	noun.communication	1	0	0	1	1	9
24	question	1:10:03::	3	noun.communication	1	0	0	0	1	10
32	questions	1:10:00::	1	noun.communication	1	0	0	0	1	11
14	question	1:10:00::	1	noun.communication	1	0	0	0	1	12
4	question	1:10:00::	1	noun.communication	1	0	0	0	1	13
13	question	1:10:01::	2	noun.communication	1	0	0	0	1	14
24	questions	1:10:00::	1	noun.communication	1	0	0	0	1	15
7	question	1:10:01::	2	noun.communication	1	0	0	0	1	16
3	question	1:10:01::	2	noun.communication	1	0	0	0	1	17
8	Question	1:10:00::	1	noun.communication	1	0	0	0	1	18
3	question	1:10:01::	2	noun.communication	1	0	0	0	1	19
36	question	1:10:00::	1	noun.communication	1	0	0	0	0	20
10	question	1:10:03::	3	noun.communication	1	0	0	0	0	21
4	question	1:07:00::	4	noun.attribute	1	0	0	0	0	22
6	question	1:10:00::	1	noun.communication	1	0	0	0	0	23
30	questions	1:10:00::	1	noun.communication	1	0	0	0	0	24
9	question	1:10:01::	2	noun.communication	2	2	2	2	2	25
5	question	1:10:01::	2	noun.communication	2	2	2	2	2	26
6	question	1:10:00::	1	noun.communication	2	2	2	2	2	27
4	question	1:10:01::	2	noun.communication	2	0	2	2	2	28
2	question	1:10:01::	2	noun.communication	2	0	2	2	2	29
12	questions	1:10:00::	1	noun.communication	2	0	0	2	2	30
28	questions	1:10:01::	2	noun.communication	2	0	0	2	2	31
4	question	1:10:00::	1	noun.communication	2	0	0	2	2	32
4	questions	1:10:00::	1	noun.communication	2	0	0	2	2	33
9	question	1:10:03::	3	noun.communication	2	0	0	2	2	34
12	question	1:10:01::	2	noun.communication	2	0	0	0	2	35
0	Questions	1:10:00::	1	noun.communication	2	0	0	0	2	36
21	questions	1:10:00::	1	noun.communication	2	0	0	0	2	37
2	questions	1:10:00::	1	noun.communication	2	0	0	0	2	38
26	question	1:10:01::	2	noun.communication	2	0	0	0	2	39
5	question	1:10:01::	2	noun.communication	2	0	0	0	2	40
8	question	1:07:00::	4	noun.attribute	2	0	0	0	2	41
10	question	1:10:00::	1	noun.communication	2	0	0	0	2	42
10	question	1:10:01::	2	noun.communication	2	0	0	0	2	43
23	question	1:10:01::	2	noun.communication	2	0	0	0	2	44
17	questions	1:10:00::	1	noun.communication	2	0	0	0	0	45
3	question	1:10:03::	3	noun.communication	2	0	0	0	0	46
2	question	1:10:01::	2	noun.communication	2	0	0	0	0	47
72	questions	1:10:01::	2	noun.communication	2	0	0	0	0	48
24	question	1:10:03::	3	noun.communication	2	0	0	0	0	49
