position	word	lexsn	wnsn	supersense	X25	X3	X5	X10	X20	index
1	plays	2:41:12::	2	verb.social	1	1	1	1	1	0
11	played	2:41:12::	2	verb.social	1	1	1	1	1	1
20	played	2:41:12::	2	verb.social	1	1	1	1	1	2
7	playing	2:34:13::	20	verb.consumption	1	0	1	1	1	3
7	play	2:41:03::	5	verb.social	1	0	1	1	1	4
6	play	2:41:12::	2	verb.social	1	0	0	1	1	5
6	playing	2:41:03::	5	verb.social	1	0	0	1	1	6
15	play	2:41:03::	5	verb.social	1	0	0	1	1	7
15	play	2:41:03::	5	verb.social	1	0	0	1	1	8
23	plays	2:41:12::	2	verb.social	1	0	0	1	1	9
9	play	2:41:12::	2	verb.social	1	0	0	0	1	10
14	played	2:41:12::	2	verb.social	1	0	0	0	1	11
20	played	2:41:12::	2	verb.social	1	0	0	0	1	12
3	plays	2:41:12::	2	verb.social	1	0	0	0	1	13
32	plays	2:41:03::	5	verb.social	1	0	0	0	1	14
1	played	2:41:12::	2	verb.social	1	0	0	0	1	15
19	played	2:41:12::	2	verb.social	1	0	0	0	1	16
3	play	2:41:12::	2	verb.social	1	0	0	0	1	17
6	play	2:41:12::	2	verb.social	1	0	0	0	1	18
22	plays	2:36:01::	7	verb.creation	1	0	0	0	1	19
5	play	2:41:03::	5	verb.social	1	0	0	0	0	20
22	playing	2:41:03::	5	verb.social	1	0	0	0	0	21
3	playing	2:36:01::	7	verb.creation	1	0	0	0	0	22
9	played	2:41:12::	2	verb.social	1	0	0	0	0	23
12	playing	2:31:01::	21	verb.cognition	1	0	0	0	0	24
16	played	2:36:03::	14	verb.creation	2	2	2	2	2	25
20	playing	2:33:00::	1	verb.competition	2	2	2	2	2	26
3	play	2:29:01::	8	verb.body	2	2	2	2	2	27
6	play	2:33:00::	1	verb.competition	2	0	2	2	2	28
43	playing	2:36:02::	4	verb.creation	2	0	2	2	2	29
11	play	2:36:00::	6	verb.creation	2	0	0	2	2	30
12	plays	2:36:12::	3	verb.creation	2	0	0	2	2	31
25	playing	2:33:00::	1	verb.competition	2	0	0	2	2	32
6	played	2:33:00::	1	verb.competition	2	0	0	2	2	33
14	play	2:33:00::	1	verb.competition	2	0	0	2	2	34
13	play	2:33:00::	1	verb.competition	2	0	0	0	2	35
3	played	2:38:00::	9	verb.motion	2	0	0	0	2	36
18	plays	2:36:12::	3	verb.creation	2	0	0	0	2	37
11	play	2:33:00::	1	verb.competition	2	0	0	0	2	38
17	play	2:29:01::	8	verb.body	2	0	0	0	2	39
12	play	2:33:00::	1	verb.competition	2	0	0	0	2	40
36	play	2:33:00::	1	verb.competition	2	0	0	0	2	41
10	playing	2:33:00::	1	verb.competition	2	0	0	0	2	42
1	played	2:33:00::	1	verb.competition	2	0	0	0	2	43
32	playing	2:33:00::	1	verb.competition	2	0	0	0	2	44
4	play	2:33:00::	1	verb.competition	2	0	0	0	0	45
17	playing	2:36:02::	4	verb.creation	2	0	0	0	0	46
3	played	2:36:02::	4	verb.creation	2	0	0	0	0	47
19	played	2:29:00::	16	verb.body	2	0	0	0	0	48
12	play	2:33:00::	1	verb.competition	2	0	0	0	0	49
