position	word	lexsn	wnsn	supersense	X25	X3	X5	X10	X20	index
15	play	1:04:08::	6	noun.act	1	1	1	1	1	0
11	play	1:10:03::	2	noun.communication	1	1	1	1	1	1
5	play	1:10:01::	1	noun.communication	1	1	1	1	1	2
14	plays	1:10:01::	1	noun.communication	1	0	1	1	1	3
4	play	1:10:03::	2	noun.communication	1	0	1	1	1	4
4	play	1:10:03::	2	noun.communication	1	0	0	1	1	5
12	play	1:10:01::	1	noun.communication	1	0	0	1	1	6
5	play	1:10:01::	1	noun.communication	1	0	0	1	1	7
19	plays	1:04:05::	3	noun.act	1	0	0	1	1	8
29	play	1:04:04::	4	noun.act	1	0	0	1	1	9
3	plays	1:10:01::	1	noun.communication	1	0	0	0	1	10
9	plays	1:10:01::	1	noun.communication	1	0	0	0	1	11
29	play	1:10:01::	1	noun.communication	1	0	0	0	1	12
25	play	1:04:04::	4	noun.act	1	0	0	0	1	13
27	play	1:10:01::	1	noun.communication	1	0	0	0	1	14
40	play	1:10:01::	1	noun.communication	1	0	0	0	1	15
2	play	1:10:01::	1	noun.communication	1	0	0	0	1	16
17	play	1:10:03::	2	noun.communication	1	0	0	0	1	17
25	play	1:10:01::	1	noun.communication	1	0	0	0	1	18
7	play	1:10:01::	1	noun.communication	1	0	0	0	1	19
5	plays	1:10:01::	1	noun.communication	1	0	0	0	0	20
1	play	1:10:03::	2	noun.communication	1	0	0	0	0	21
0	Plays	1:10:01::	1	noun.communication	1	0	0	0	0	22
17	play	1:04:05::	3	noun.act	1	0	0	0	0	23
18	play	1:10:01::	1	noun.communication	1	0	0	0	0	24
19	play	1:26:00::	5	noun.state	2	2	2	2	2	25
19	plays	1:10:01::	1	noun.communication	2	2	2	2	2	26
6	play	1:10:01::	1	noun.communication	2	2	2	2	2	27
28	plays	1:10:01::	1	noun.communication	2	0	2	2	2	28
11	plays	1:10:01::	1	noun.communication	2	0	2	2	2	29
14	plays	1:10:01::	1	noun.communication	2	0	0	2	2	30
9	play	1:10:03::	2	noun.communication	2	0	0	2	2	31
3	play	1:10:01::	1	noun.communication	2	0	0	2	2	32
14	play	1:04:05::	3	noun.act	2	0	0	2	2	33
24	play	1:04:05::	3	noun.act	2	0	0	2	2	34
8	plays	1:10:01::	1	noun.communication	2	0	0	0	2	35
41	play	1:04:05::	3	noun.act	2	0	0	0	2	36
32	play	1:10:01::	1	noun.communication	2	0	0	0	2	37
2	play	1:10:01::	1	noun.communication	2	0	0	0	2	38
4	play	1:04:04::	4	noun.act	2	0	0	0	2	39
3	play	1:26:00::	5	noun.state	2	0	0	0	2	40
5	play	1:10:01::	1	noun.communication	2	0	0	0	2	41
11	plays	1:04:05::	3	noun.act	2	0	0	0	2	42
10	play	1:04:03::	7	noun.act	2	0	0	0	2	43
13	plays	1:04:04::	4	noun.act	2	0	0	0	2	44
2	play	1:10:01::	1	noun.communication	2	0	0	0	0	45
9	play	1:04:05::	3	noun.act	2	0	0	0	0	46
19	play	1:10:01::	1	noun.communication	2	0	0	0	0	47
28	play	1:10:03::	2	noun.communication	2	0	0	0	0	48
15	play	1:10:01::	1	noun.communication	2	0	0	0	0	49
