position	word	lexsn	wnsn	supersense	X25	X3	X5	X10	X20	index
4	wives	1:18:00::	1	noun.person	1	1	1	1	1	0
24	wife	1:18:00::	1	noun.person	1	1	1	1	1	1
9	wives	1:18:00::	1	noun.person	1	1	1	1	1	2
7	wife	1:18:00::	1	noun.person	1	0	1	1	1	3
20	wives	1:18:00::	1	noun.person	1	0	1	1	1	4
15	wife	1:18:00::	1	noun.person	1	0	0	1	1	5
17	wife	1:18:00::	1	noun.person	1	0	0	1	1	6
16	Wife	1:18:00::	1	noun.person	1	0	0	1	1	7
17	wife	1:18:00::	1	noun.person	1	0	0	1	1	8
7	wife	1:18:00::	1	noun.person	1	0	0	1	1	9
3	wife	1:18:00::	1	noun.person	1	0	0	0	1	10
7	wife	1:18:00::	1	noun.person	1	0	0	0	1	11
2	wife	1:18:00::	1	noun.person	1	0	0	0	1	12
21	wife	1:18:00::	1	noun.person	1	0	0	0	1	13
11	wife	1:18:00::	1	noun.person	1	0	0	0	1	14
8	wife	1:18:00::	1	noun.person	1	0	0	0	1	15
41	wife	1:18:00::	1	noun.person	1	0	0	0	1	16
15	wife	1:18:00::	1	noun.person	1	0	0	0	1	17
36	wife	1:18:00::	1	noun.person	1	0	0	0	1	18
40	wife	1:18:00::	1	noun.person	1	0	0	0	1	19
9	wife	1:18:00::	1	noun.person	1	0	0	0	0	20
14	wife	1:18:00::	1	noun.person	1	0	0	0	0	21
10	wives	1:18:00::	1	noun.person	1	0	0	0	0	22
10	wife	1:18:00::	1	noun.person	1	0	0	0	0	23
2	wife	1:18:00::	1	noun.person	1	0	0	0	0	24
27	wife	1:18:00::	1	noun.person	2	2	2	2	2	25
7	wife	1:18:00::	1	noun.person	2	2	2	2	2	26
6	wife	1:18:00::	1	noun.person	2	2	2	2	2	27
13	wife	1:18:00::	1	noun.person	2	0	2	2	2	28
18	wife	1:18:00::	1	noun.person	2	0	2	2	2	29
2	wife	1:18:00::	1	noun.person	2	0	0	2	2	30
49	wife	1:18:00::	1	noun.person	2	0	0	2	2	31
10	wife	1:18:00::	1	noun.person	2	0	0	2	2	32
8	wife	1:18:00::	1	noun.person	2	0	0	2	2	33
3	wife	1:18:00::	1	noun.person	2	0	0	2	2	34
9	wife	1:18:00::	1	noun.person	2	0	0	0	2	35
15	wife	1:18:00::	1	noun.person	2	0	0	0	2	36
5	wife	1:18:00::	1	noun.person	2	0	0	0	2	37
21	wife	1:18:00::	1	noun.person	2	0	0	0	2	38
9	wife	1:18:00::	1	noun.person	2	0	0	0	2	39
22	wife	1:18:00::	1	noun.person	2	0	0	0	2	40
14	wife	1:18:00::	1	noun.person	2	0	0	0	2	41
34	wives	1:18:00::	1	noun.person	2	0	0	0	2	42
35	wife	1:18:00::	1	noun.person	2	0	0	0	2	43
15	wife	1:18:00::	1	noun.person	2	0	0	0	2	44
5	wife	1:18:00::	1	noun.person	2	0	0	0	0	45
5	wife	1:18:00::	1	noun.person	2	0	0	0	0	46
12	wife	1:18:00::	1	noun.person	2	0	0	0	0	47
7	wife	1:18:00::	1	noun.person	2	0	0	0	0	48
4	wife	1:18:00::	1	noun.person	2	0	0	0	0	49
