position	word	lexsn	wnsn	supersense	X25	X3	X5	X10	X20	index
15	wanted	2:37:00::	1	verb.emotion	1	1	1	1	1	0
3	wants	2:37:00::	1	verb.emotion	1	1	1	1	1	1
1	want	2:37:00::	1	verb.emotion	1	1	1	1	1	2
4	want	2:37:00::	1	verb.emotion	1	0	1	1	1	3
22	wanted	2:37:00::	1	verb.emotion	1	0	1	1	1	4
28	wants	2:37:00::	1	verb.emotion	1	0	0	1	1	5
4	want	2:37:00::	1	verb.emotion	1	0	0	1	1	6
3	wanted	2:37:00::	1	verb.emotion	1	0	0	1	1	7
20	want	2:37:00::	1	verb.emotion	1	0	0	1	1	8
5	want	2:37:00::	1	verb.emotion	1	0	0	1	1	9
2	want	2:37:00::	1	verb.emotion	1	0	0	0	1	10
10	want	2:37:00::	1	verb.emotion	1	0	0	0	1	11
2	want	2:37:00::	1	verb.emotion	1	0	0	0	1	12
2	want	2:37:00::	1	verb.emotion	1	0	0	0	1	13
2	want	2:37:00::	1	verb.emotion	1	0	0	0	1	14
3	want	2:37:00::	1	verb.emotion	1	0	0	0	1	15
33	wanted	2:37:00::	1	verb.emotion	1	0	0	0	1	16
1	wanted	2:37:00::	1	verb.emotion	1	0	0	0	1	17
3	want	2:37:00::	1	verb.emotion	1	0	0	0	1	18
9	want	2:37:00::	1	verb.emotion	1	0	0	0	1	19
28	wanted	2:37:00::	1	verb.emotion	1	0	0	0	0	20
8	wanted	2:37:00::	1	verb.emotion	1	0	0	0	0	21
15	want	2:37:00::	1	verb.emotion	1	0	0	0	0	22
2	want	2:37:00::	1	verb.emotion	1	0	0	0	0	23
2	want	2:37:00::	1	verb.emotion	1	0	0	0	0	24
2	wanted	2:34:00::	2	verb.consumption	2	2	2	2	2	25
1	want	2:37:00::	1	verb.emotion	2	2	2	2	2	26
7	wants	2:37:00::	1	verb.emotion	2	2	2	2	2	27
12	want	2:37:00::	1	verb.emotion	2	0	2	2	2	28
1	want	2:34:00::	2	verb.consumption	2	0	2	2	2	29
3	want	2:37:00::	1	verb.emotion	2	0	0	2	2	30
3	wanted	2:37:00::	1	verb.emotion	2	0	0	2	2	31
2	wanted	2:37:00::	1	verb.emotion	2	0	0	2	2	32
5	want	2:37:00::	1	verb.emotion	2	0	0	2	2	33
3	wants	2:37:00::	1	verb.emotion	2	0	0	2	2	34
36	wants	2:37:00::	1	verb.emotion	2	0	0	0	2	35
18	wants	2:37:00::	1	verb.emotion	2	0	0	0	2	36
10	wanted	2:37:00::	1	verb.emotion	2	0	0	0	2	37
1	want	2:35:00::	3	verb.contact	2	0	0	0	2	38
7	wanted	2:34:00::	2	verb.consumption	2	0	0	0	2	39
10	wanted	2:37:00::	1	verb.emotion	2	0	0	0	2	40
32	wanted	2:37:00::	1	verb.emotion	2	0	0	0	2	41
4	want	2:37:00::	1	verb.emotion	2	0	0	0	2	42
7	wants	2:37:00::	1	verb.emotion	2	0	0	0	2	43
18	wanted	2:37:00::	1	verb.emotion	2	0	0	0	2	44
28	wants	2:37:00::	1	verb.emotion	2	0	0	0	0	45
10	want	2:37:00::	1	verb.emotion	2	0	0	0	0	46
1	wanted	2:37:00::	1	verb.emotion	2	0	0	0	0	47
1	wanted	2:37:00::	1	verb.emotion	2	0	0	0	0	48
3	want	2:37:00::	1	verb.emotion	2	0	0	0	0	49
