position	word	lexsn	wnsn	supersense	X25	X3	X5	X10	X20	index
17	spent	2:42:00::	1	verb.stative	1	1	1	1	1	0
9	spent	2:42:00::	1	verb.stative	1	1	1	1	1	1
20	spend	2:40:00::	2	verb.possession	1	1	1	1	1	2
10	spend	2:42:00::	1	verb.stative	1	0	1	1	1	3
28	spent	2:42:00::	1	verb.stative	1	0	1	1	1	4
11	spend	2:42:00::	1	verb.stative	1	0	0	1	1	5
8	spent	2:40:00::	2	verb.possession	1	0	0	1	1	6
2	spent	2:40:00::	2	verb.possession	1	0	0	1	1	7
32	spends	2:40:00::	2	verb.possession	1	0	0	1	1	8
9	spent	2:42:00::	1	verb.stative	1	0	0	1	1	9
14	spending	2:42:00::	1	verb.stative	1	0	0	0	1	10
20	spent	2:42:00::	1	verb.stative	1	0	0	0	1	11
4	spent	2:40:00::	2	verb.possession	1	0	0	0	1	12
2	spent	2:42:00::	1	verb.stative	1	0	0	0	1	13
9	spend	2:42:00::	1	verb.stative	1	0	0	0	1	14
14	spent	2:42:00::	1	verb.stative	1	0	0	0	1	15
9	spend	2:40:00::	2	verb.possession	1	0	0	0	1	16
2	spending	2:42:00::	1	verb.stative	1	0	0	0	1	17
28	spend	2:42:00::	1	verb.stative	1	0	0	0	1	18
29	spent	2:42:00::	1	verb.stative	1	0	0	0	1	19
27	spent	2:42:00::	1	verb.stative	1	0	0	0	0	20
11	spent	2:42:00::	1	verb.stative	1	0	0	0	0	21
6	spent	2:42:00::	1	verb.stative	1	0	0	0	0	22
19	spent	2:40:00::	2	verb.possession	1	0	0	0	0	23
5	spend	2:42:00::	1	verb.stative	1	0	0	0	0	24
9	spent	2:42:00::	1	verb.stative	2	2	2	2	2	25
1	spend	2:40:00::	2	verb.possession	2	2	2	2	2	26
29	spent	2:42:00::	1	verb.stative	2	2	2	2	2	27
15	spend	2:42:00::	1	verb.stative	2	0	2	2	2	28
13	spend	2:42:00::	1	verb.stative	2	0	2	2	2	29
15	spent	2:42:00::	1	verb.stative	2	0	0	2	2	30
9	spends	2:40:00::	2	verb.possession	2	0	0	2	2	31
6	spent	2:42:00::	1	verb.stative	2	0	0	2	2	32
6	spends	2:42:00::	1	verb.stative	2	0	0	2	2	33
5	spent	2:42:00::	1	verb.stative	2	0	0	2	2	34
6	spent	2:42:00::	1	verb.stative	2	0	0	0	2	35
36	spend	2:40:00::	2	verb.possession	2	0	0	0	2	36
68	spending	2:42:00::	1	verb.stative	2	0	0	0	2	37
12	spend	2:42:00::	1	verb.stative	2	0	0	0	2	38
9	spending	2:40:00::	2	verb.possession	2	0	0	0	2	39
7	spend	2:42:00::	1	verb.stative	2	0	0	0	2	40
5	spending	2:40:00::	2	verb.possession	2	0	0	0	2	41
26	spent	2:40:00::	2	verb.possession	2	0	0	0	2	42
24	spend	2:42:00::	1	verb.stative	2	0	0	0	2	43
22	spend	2:42:00::	1	verb.stative	2	0	0	0	2	44
9	spend	2:42:00::	1	verb.stative	2	0	0	0	0	45
4	spent	2:42:00::	1	verb.stative	2	0	0	0	0	46
9	spend	2:40:00::	2	verb.possession	2	0	0	0	0	47
17	spent	2:42:00::	1	verb.stative	2	0	0	0	0	48
19	spent	2:40:00::	2	verb.possession	2	0	0	0	0	49
