position	word	lexsn	wnsn	supersense	X25	X3	X5	X10	X20	index
12	permitted	2:32:00::	1	verb.communication	1	1	1	1	1	0
2	permitted	2:32:00::	1	verb.communication	1	1	1	1	1	1
9	permit	2:32:00::	1	verb.communication	1	1	1	1	1	2
14	permit	2:32:00::	1	verb.communication	1	0	1	1	1	3
37	permit	2:32:00::	1	verb.communication	1	0	1	1	1	4
15	permit	2:32:00::	1	verb.communication	1	0	0	1	1	5
25	permitted	2:32:00::	1	verb.communication	1	0	0	1	1	6
22	permitted	2:32:00::	1	verb.communication	1	0	0	1	1	7
20	permit	2:32:00::	1	verb.communication	1	0	0	1	1	8
6	permitted	2:32:00::	1	verb.communication	1	0	0	1	1	9
2	Permit	2:32:00::	1	verb.communication	1	0	0	0	1	10
15	permitted	2:32:00::	1	verb.communication	1	0	0	0	1	11
20	permitted	2:32:00::	1	verb.communication	1	0	0	0	1	12
26	permitted	2:32:00::	1	verb.communication	1	0	0	0	1	13
15	permitted	2:32:00::	1	verb.communication	1	0	0	0	1	14
12	permitted	2:32:00::	1	verb.communication	1	0	0	0	1	15
30	permits	2:32:00::	1	verb.communication	1	0	0	0	1	16
2	permit	2:32:00::	1	verb.communication	1	0	0	0	1	17
34	permitting	2:32:00::	1	verb.communication	1	0	0	0	1	18
12	permit	2:32:00::	1	verb.communication	1	0	0	0	1	19
5	permit	2:32:00::	1	verb.communication	1	0	0	0	0	20
76	permitted	2:32:00::	1	verb.communication	1	0	0	0	0	21
4	permitted	2:32:00::	1	verb.communication	1	0	0	0	0	22
13	permit	2:32:00::	1	verb.communication	1	0	0	0	0	23
14	permitted	2:32:00::	1	verb.communication	1	0	0	0	0	24
5	permits	2:41:00::	2	verb.social	2	2	2	2	2	25
28	permit	2:41:00::	2	verb.social	2	2	2	2	2	26
10	permitted	2:41:00::	2	verb.social	2	2	2	2	2	27
5	permit	2:41:00::	2	verb.social	2	0	2	2	2	28
19	permit	2:41:00::	2	verb.social	2	0	2	2	2	29
28	permit	2:41:00::	2	verb.social	2	0	0	2	2	30
8	permit	2:41:00::	2	verb.social	2	0	0	2	2	31
2	permitted	2:41:00::	2	verb.social	2	0	0	2	2	32
18	permit	2:41:00::	2	verb.social	2	0	0	2	2	33
38	permitted	2:41:00::	2	verb.social	2	0	0	2	2	34
8	permit	2:41:00::	2	verb.social	2	0	0	0	2	35
17	permits	2:41:00::	2	verb.social	2	0	0	0	2	36
36	permit	2:41:00::	2	verb.social	2	0	0	0	2	37
1	permits	2:41:00::	2	verb.social	2	0	0	0	2	38
16	permitting	2:41:00::	2	verb.social	2	0	0	0	2	39
21	permitting	2:41:00::	2	verb.social	2	0	0	0	2	40
5	permits	2:41:00::	2	verb.social	2	0	0	0	2	41
6	permit	2:41:00::	2	verb.social	2	0	0	0	2	42
4	permits	2:41:00::	2	verb.social	2	0	0	0	2	43
27	permits	2:41:00::	2	verb.social	2	0	0	0	2	44
24	permit	2:41:00::	2	verb.social	2	0	0	0	0	45
7	permitted	2:41:00::	2	verb.social	2	0	0	0	0	46
5	permitting	2:41:00::	2	verb.social	2	0	0	0	0	47
2	permit	2:41:00::	2	verb.social	2	0	0	0	0	48
71	permit	2:41:00::	2	verb.social	2	0	0	0	0	49
