position	word	lexsn	wnsn	supersense	X25	X3	X5	X10	X20	index
2	probably	4:02:00::	1	adv.all	1	1	1	1	1	0
6	probably	4:02:00::	1	adv.all	1	1	1	1	1	1
1	probably	4:02:00::	1	adv.all	1	1	1	1	1	2
1	probably	4:02:00::	1	adv.all	1	0	1	1	1	3
27	probably	4:02:00::	1	adv.all	1	0	1	1	1	4
7	probably	4:02:00::	1	adv.all	1	0	0	1	1	5
7	probably	4:02:00::	1	adv.all	1	0	0	1	1	6
22	probably	4:02:00::	1	adv.all	1	0	0	1	1	7
8	probably	4:02:00::	1	adv.all	1	0	0	1	1	8
14	probably	4:02:00::	1	adv.all	1	0	0	1	1	9
2	probably	4:02:00::	1	adv.all	1	0	0	0	1	10
1	probably	4:02:00::	1	adv.all	1	0	0	0	1	11
4	probably	4:02:00::	1	adv.all	1	0	0	0	1	12
12	probably	4:02:00::	1	adv.all	1	0	0	0	1	13
14	probably	4:02:00::	1	adv.all	1	0	0	0	1	14
24	probably	4:02:00::	1	adv.all	1	0	0	0	1	15
0	Probably	4:02:00::	1	adv.all	1	0	0	0	1	16
14	probably	4:02:00::	1	adv.all	1	0	0	0	1	17
9	probably	4:02:00::	1	adv.all	1	0	0	0	1	18
24	probably	4:02:00::	1	adv.all	1	0	0	0	1	19
35	probably	4:02:00::	1	adv.all	1	0	0	0	0	20
22	probably	4:02:00::	1	adv.all	1	0	0	0	0	21
16	probably	4:02:00::	1	adv.all	1	0	0	0	0	22
0	Probably	4:02:00::	1	adv.all	1	0	0	0	0	23
16	probably	4:02:00::	1	adv.all	1	0	0	0	0	24
2	probably	4:02:00::	1	adv.all	2	2	2	2	2	25
23	probably	4:02:00::	1	adv.all	2	2	2	2	2	26
0	Probably	4:02:00::	1	adv.all	2	2	2	2	2	27
5	probably	4:02:00::	1	adv.all	2	0	2	2	2	28
26	probably	4:02:00::	1	adv.all	2	0	2	2	2	29
13	probably	4:02:00::	1	adv.all	2	0	0	2	2	30
2	probably	4:02:00::	1	adv.all	2	0	0	2	2	31
5	probably	4:02:00::	1	adv.all	2	0	0	2	2	32
9	probably	4:02:00::	1	adv.all	2	0	0	2	2	33
9	probably	4:02:00::	1	adv.all	2	0	0	2	2	34
10	probably	4:02:00::	1	adv.all	2	0	0	0	2	35
10	probably	4:02:00::	1	adv.all	2	0	0	0	2	36
3	probably	4:02:00::	1	adv.all	2	0	0	0	2	37
2	probably	4:02:00::	1	adv.all	2	0	0	0	2	38
0	Probably	4:02:00::	1	adv.all	2	0	0	0	2	39
5	probably	4:02:00::	1	adv.all	2	0	0	0	2	40
16	probably	4:02:00::	1	adv.all	2	0	0	0	2	41
3	probably	4:02:00::	1	adv.all	2	0	0	0	2	42
16	probably	4:02:00::	1	adv.all	2	0	0	0	2	43
14	probably	4:02:00::	1	adv.all	2	0	0	0	2	44
2	probably	4:02:00::	1	adv.all	2	0	0	0	0	45
2	probably	4:02:00::	1	adv.all	2	0	0	0	0	46
16	probably	4:02:00::	1	adv.all	2	0	0	0	0	47
14	probably	4:02:00::	1	adv.all	2	0	0	0	0	48
22	probably	4:02:00::	1	adv.all	2	0	0	0	0	49
