position	word	lexsn	wnsn	supersense	X25	X3	X5	X10	X20	index
3	suggested	2:32:00::	1	verb.communication	1	1	1	1	1	0
11	suggested	2:32:00::	1	verb.communication	1	1	1	1	1	1
3	suggested	2:32:00::	1	verb.communication	1	1	1	1	1	2
32	suggested	2:32:00::	1	verb.communication	1	0	1	1	1	3
4	suggest	2:32:02::	3	verb.communication	1	0	1	1	1	4
9	suggested	2:32:00::	1	verb.communication	1	0	0	1	1	5
5	suggested	2:32:00::	1	verb.communication	1	0	0	1	1	6
9	suggested	2:32:00::	1	verb.communication	1	0	0	1	1	7
46	suggested	2:32:03::	4	verb.communication	1	0	0	1	1	8
3	suggested	2:32:03::	4	verb.communication	1	0	0	1	1	9
17	suggesting	2:32:00::	1	verb.communication	1	0	0	0	1	10
6	suggested	2:32:01::	5	verb.communication	1	0	0	0	1	11
14	suggests	2:32:01::	5	verb.communication	1	0	0	0	1	12
23	suggests	2:32:04::	2	verb.communication	1	0	0	0	1	13
4	suggested	2:32:00::	1	verb.communication	1	0	0	0	1	14
2	suggest	2:32:03::	4	verb.communication	1	0	0	0	1	15
5	suggested	2:32:00::	1	verb.communication	1	0	0	0	1	16
5	suggest	2:32:00::	1	verb.communication	1	0	0	0	1	17
8	suggest	2:32:00::	1	verb.communication	1	0	0	0	1	18
12	suggested	2:32:02::	3	verb.communication	1	0	0	0	1	19
2	suggested	2:32:04::	2	verb.communication	1	0	0	0	0	20
2	suggested	2:32:04::	2	verb.communication	1	0	0	0	0	21
22	suggests	2:32:03::	4	verb.communication	1	0	0	0	0	22
1	suggested	2:32:00::	1	verb.communication	1	0	0	0	0	23
19	suggested	2:32:01::	5	verb.communication	1	0	0	0	0	24
4	suggested	2:32:00::	1	verb.communication	2	2	2	2	2	25
25	suggested	2:32:00::	1	verb.communication	2	2	2	2	2	26
1	suggest	2:32:00::	1	verb.communication	2	2	2	2	2	27
8	suggests	2:32:04::	2	verb.communication	2	0	2	2	2	28
21	suggest	2:32:00::	1	verb.communication	2	0	2	2	2	29
4	suggested	2:32:02::	3	verb.communication	2	0	0	2	2	30
20	suggest	2:32:00::	1	verb.communication	2	0	0	2	2	31
9	suggests	2:32:04::	2	verb.communication	2	0	0	2	2	32
0	Suggest	2:32:00::	1	verb.communication	2	0	0	2	2	33
12	suggested	2:32:01::	5	verb.communication	2	0	0	2	2	34
3	suggested	2:32:00::	1	verb.communication	2	0	0	0	2	35
5	suggesting	2:32:00::	1	verb.communication	2	0	0	0	2	36
8	suggesting	2:32:01::	5	verb.communication	2	0	0	0	2	37
1	suggested	2:32:00::	1	verb.communication	2	0	0	0	2	38
6	suggest	2:32:04::	2	verb.communication	2	0	0	0	2	39
4	suggest	2:32:03::	4	verb.communication	2	0	0	0	2	40
10	suggested	2:32:04::	2	verb.communication	2	0	0	0	2	41
3	suggested	2:32:00::	1	verb.communication	2	0	0	0	2	42
32	suggested	2:32:02::	3	verb.communication	2	0	0	0	2	43
2	suggested	2:32:00::	1	verb.communication	2	0	0	0	2	44
7	suggested	2:32:04::	2	verb.communication	2	0	0	0	0	45
20	suggested	2:32:00::	1	verb.communication	2	0	0	0	0	46
4	suggest	2:32:03::	4	verb.communication	2	0	0	0	0	47
10	suggest	2:32:03::	4	verb.communication	2	0	0	0	0	48
3	suggesting	2:32:00::	1	verb.communication	2	0	0	0	0	49
