position	word	lexsn	wnsn	supersense	X25	X3	X5	X10	X20	index
23	including	2:42:00::	1	verb.stative	1	1	1	1	1	0
12	including	2:42:00::	1	verb.stative	1	1	1	1	1	1
16	included	2:42:00::	1	verb.stative	1	1	1	1	1	2
26	included	2:30:00::	3	verb.change	1	0	1	1	1	3
70	including	2:42:00::	1	verb.stative	1	0	1	1	1	4
53	including	2:30:00::	3	verb.change	1	0	0	1	1	5
32	included	2:42:00::	1	verb.stative	1	0	0	1	1	6
22	including	2:42:00::	1	verb.stative	1	0	0	1	1	7
1	includes	2:42:00::	1	verb.stative	1	0	0	1	1	8
8	include	2:42:00::	1	verb.stative	1	0	0	1	1	9
20	including	2:31:00::	2	verb.cognition	1	0	0	0	1	10
14	including	2:30:00::	3	verb.change	1	0	0	0	1	11
15	include	2:42:00::	1	verb.stative	1	0	0	0	1	12
2	included	2:42:00::	1	verb.stative	1	0	0	0	1	13
22	including	2:31:00::	2	verb.cognition	1	0	0	0	1	14
4	includes	2:42:00::	1	verb.stative	1	0	0	0	1	15
7	includes	2:42:00::	1	verb.stative	1	0	0	0	1	16
12	include	2:42:00::	1	verb.stative	1	0	0	0	1	17
8	includes	2:42:00::	1	verb.stative	1	0	0	0	1	18
19	included	2:42:00::	1	verb.stative	1	0	0	0	1	19
25	including	2:42:00::	1	verb.stative	1	0	0	0	0	20
2	included	2:42:00::	1	verb.stative	1	0	0	0	0	21
12	includes	2:42:00::	1	verb.stative	1	0	0	0	0	22
6	includes	2:42:00::	1	verb.stative	1	0	0	0	0	23
1	included	2:42:00::	1	verb.stative	1	0	0	0	0	24
25	includes	2:42:00::	1	verb.stative	2	2	2	2	2	25
6	include	2:42:00::	1	verb.stative	2	2	2	2	2	26
5	included	2:42:00::	1	verb.stative	2	2	2	2	2	27
32	includes	2:42:00::	1	verb.stative	2	0	2	2	2	28
28	including	2:42:00::	1	verb.stative	2	0	2	2	2	29
9	including	2:42:00::	1	verb.stative	2	0	0	2	2	30
15	including	2:31:00::	2	verb.cognition	2	0	0	2	2	31
1	include	2:42:00::	1	verb.stative	2	0	0	2	2	32
25	including	2:42:00::	1	verb.stative	2	0	0	2	2	33
25	include	2:42:00::	1	verb.stative	2	0	0	2	2	34
8	included	2:42:00::	1	verb.stative	2	0	0	0	2	35
7	including	2:42:00::	1	verb.stative	2	0	0	0	2	36
19	including	2:42:00::	1	verb.stative	2	0	0	0	2	37
12	included	2:42:00::	1	verb.stative	2	0	0	0	2	38
19	include	2:42:00::	1	verb.stative	2	0	0	0	2	39
8	including	2:41:03::	4	verb.social	2	0	0	0	2	40
17	including	2:42:00::	1	verb.stative	2	0	0	0	2	41
12	include	2:31:00::	2	verb.cognition	2	0	0	0	2	42
2	include	2:42:00::	1	verb.stative	2	0	0	0	2	43
2	include	2:42:00::	1	verb.stative	2	0	0	0	2	44
7	included	2:31:00::	2	verb.cognition	2	0	0	0	0	45
1	included	2:42:00::	1	verb.stative	2	0	0	0	0	46
18	including	2:42:00::	1	verb.stative	2	0	0	0	0	47
28	including	2:42:00::	1	verb.stative	2	0	0	0	0	48
23	including	2:42:00::	1	verb.stative	2	0	0	0	0	49
