position	word	lexsn	wnsn	supersense	X25	X3	X5	X10	X20	index
17	kind	1:09:00::	1	noun.cognition	1	1	1	1	1	0
3	kind	1:09:00::	1	noun.cognition	1	1	1	1	1	1
14	kind	1:09:00::	1	noun.cognition	1	1	1	1	1	2
17	kind	1:09:00::	1	noun.cognition	1	0	1	1	1	3
36	kind	1:09:00::	1	noun.cognition	1	0	1	1	1	4
15	kind	1:09:00::	1	noun.cognition	1	0	0	1	1	5
14	kind	1:09:00::	1	noun.cognition	1	0	0	1	1	6
14	kinds	1:09:00::	1	noun.cognition	1	0	0	1	1	7
7	kind	1:09:00::	1	noun.cognition	1	0	0	1	1	8
2	kind	1:09:00::	1	noun.cognition	1	0	0	1	1	9
5	kind	1:09:00::	1	noun.cognition	1	0	0	0	1	10
1	kind	1:09:00::	1	noun.cognition	1	0	0	0	1	11
3	kind	1:09:00::	1	noun.cognition	1	0	0	0	1	12
11	kind	1:09:00::	1	noun.cognition	1	0	0	0	1	13
6	kinds	1:09:00::	1	noun.cognition	1	0	0	0	1	14
8	kind	1:09:00::	1	noun.cognition	1	0	0	0	1	15
1	kind	1:09:00::	1	noun.cognition	1	0	0	0	1	16
14	kind	1:09:00::	1	noun.cognition	1	0	0	0	1	17
16	kind	1:09:00::	1	noun.cognition	1	0	0	0	1	18
58	kind	1:09:00::	1	noun.cognition	1	0	0	0	1	19
15	kind	1:09:00::	1	noun.cognition	1	0	0	0	0	20
6	kind	1:09:00::	1	noun.cognition	1	0	0	0	0	21
40	kind	1:09:00::	1	noun.cognition	1	0	0	0	0	22
3	kind	1:09:00::	1	noun.cognition	1	0	0	0	0	23
8	kind	1:09:00::	1	noun.cognition	1	0	0	0	0	24
36	kind	1:09:00::	1	noun.cognition	2	2	2	2	2	25
3	kind	1:09:00::	1	noun.cognition	2	2	2	2	2	26
5	kind	1:09:00::	1	noun.cognition	2	2	2	2	2	27
2	kind	1:09:00::	1	noun.cognition	2	0	2	2	2	28
13	kind	1:09:00::	1	noun.cognition	2	0	2	2	2	29
10	kind	1:09:00::	1	noun.cognition	2	0	0	2	2	30
23	kind	1:09:00::	1	noun.cognition	2	0	0	2	2	31
13	kind	1:09:00::	1	noun.cognition	2	0	0	2	2	32
9	kind	1:09:00::	1	noun.cognition	2	0	0	2	2	33
3	kind	1:09:00::	1	noun.cognition	2	0	0	2	2	34
16	kind	1:09:00::	1	noun.cognition	2	0	0	0	2	35
22	kind	1:09:00::	1	noun.cognition	2	0	0	0	2	36
34	kinds	1:09:00::	1	noun.cognition	2	0	0	0	2	37
1	kind	1:09:00::	1	noun.cognition	2	0	0	0	2	38
11	kind	1:09:00::	1	noun.cognition	2	0	0	0	2	39
9	kind	1:09:00::	1	noun.cognition	2	0	0	0	2	40
6	kinds	1:09:00::	1	noun.cognition	2	0	0	0	2	41
13	kind	1:09:00::	1	noun.cognition	2	0	0	0	2	42
5	kind	1:09:00::	1	noun.cognition	2	0	0	0	2	43
19	kind	1:09:00::	1	noun.cognition	2	0	0	0	2	44
5	kinds	1:09:00::	1	noun.cognition	2	0	0	0	0	45
5	kind	1:09:00::	1	noun.cognition	2	0	0	0	0	46
1	kind	1:09:00::	1	noun.cognition	2	0	0	0	0	47
18	kind	1:09:00::	1	noun.cognition	2	0	0	0	0	48
15	kinds	1:09:00::	1	noun.cognition	2	0	0	0	0	49
