position	word	lexsn	wnsn	supersense	X25	X3	X5	X10	X20	index
3	proposed	2:32:00::	1	verb.communication	1	1	1	1	1	0
2	proposed	2:31:00::	2	verb.cognition	1	1	1	1	1	1
2	proposed	2:32:00::	1	verb.communication	1	1	1	1	1	2
17	proposes	2:32:00::	1	verb.communication	1	0	1	1	1	3
2	proposed	2:32:00::	1	verb.communication	1	0	1	1	1	4
6	propose	2:32:00::	1	verb.communication	1	0	0	1	1	5
3	proposed	2:31:00::	2	verb.cognition	1	0	0	1	1	6
6	proposed	2:32:00::	1	verb.communication	1	0	0	1	1	7
2	proposed	2:32:00::	1	verb.communication	1	0	0	1	1	8
31	proposes	2:31:01::	3	verb.cognition	1	0	0	1	1	9
13	proposing	2:31:00::	2	verb.cognition	1	0	0	0	1	10
23	proposes	2:31:00::	2	verb.cognition	1	0	0	0	1	11
1	proposed	2:31:00::	2	verb.cognition	1	0	0	0	1	12
4	proposes	2:31:01::	3	verb.cognition	1	0	0	0	1	13
2	proposing	2:31:00::	2	verb.cognition	1	0	0	0	1	14
27	proposed	2:32:00::	1	verb.communication	1	0	0	0	1	15
3	propose	2:32:00::	1	verb.communication	1	0	0	0	1	16
10	propose	2:31:00::	2	verb.cognition	1	0	0	0	1	17
1	propose	2:31:00::	2	verb.cognition	1	0	0	0	1	18
2	propose	2:31:00::	2	verb.cognition	1	0	0	0	1	19
18	proposed	2:32:00::	1	verb.communication	1	0	0	0	0	20
4	proposed	2:31:00::	2	verb.cognition	1	0	0	0	0	21
2	proposed	2:32:00::	1	verb.communication	1	0	0	0	0	22
12	proposes	2:31:01::	3	verb.cognition	1	0	0	0	0	23
13	propose	2:32:01::	5	verb.communication	1	0	0	0	0	24
13	proposed	2:31:00::	2	verb.cognition	2	2	2	2	2	25
2	proposed	2:32:00::	1	verb.communication	2	2	2	2	2	26
4	proposed	2:31:00::	2	verb.cognition	2	2	2	2	2	27
14	proposed	2:31:00::	2	verb.cognition	2	0	2	2	2	28
9	propose	2:31:01::	3	verb.cognition	2	0	2	2	2	29
9	proposed	2:32:00::	1	verb.communication	2	0	0	2	2	30
2	propose	2:31:00::	2	verb.cognition	2	0	0	2	2	31
17	proposed	2:32:00::	1	verb.communication	2	0	0	2	2	32
4	proposed	2:31:00::	2	verb.cognition	2	0	0	2	2	33
2	proposed	2:32:00::	1	verb.communication	2	0	0	2	2	34
2	proposed	2:32:00::	1	verb.communication	2	0	0	0	2	35
8	proposed	2:31:00::	2	verb.cognition	2	0	0	0	2	36
34	proposed	2:31:01::	3	verb.cognition	2	0	0	0	2	37
1	proposed	2:31:00::	2	verb.cognition	2	0	0	0	2	38
27	proposed	2:41:00::	4	verb.social	2	0	0	0	2	39
14	proposes	2:32:00::	1	verb.communication	2	0	0	0	2	40
4	proposed	2:31:00::	2	verb.cognition	2	0	0	0	2	41
8	proposed	2:31:00::	2	verb.cognition	2	0	0	0	2	42
22	propose	2:32:00::	1	verb.communication	2	0	0	0	2	43
4	proposed	2:32:00::	1	verb.communication	2	0	0	0	2	44
7	proposed	2:32:00::	1	verb.communication	2	0	0	0	0	45
10	proposes	2:32:00::	1	verb.communication	2	0	0	0	0	46
9	proposing	2:31:01::	3	verb.cognition	2	0	0	0	0	47
10	proposed	2:31:00::	2	verb.cognition	2	0	0	0	0	48
1	propose	2:32:00::	1	verb.communication	2	0	0	0	0	49
