position	word	lexsn	wnsn	supersense	X25	X3	X5	X10	X20	index
2	operate	2:41:00::	1	verb.social	1	1	1	1	1	0
9	operate	2:41:00::	1	verb.social	1	1	1	1	1	1
28	operating	2:35:03::	2	verb.contact	1	1	1	1	1	2
23	operated	2:41:00::	1	verb.social	1	0	1	1	1	3
1	operated	2:41:00::	1	verb.social	1	0	1	1	1	4
5	operated	2:35:00::	3	verb.contact	1	0	0	1	1	5
0	Operating	2:41:00::	1	verb.social	1	0	0	1	1	6
7	operating	2:35:03::	2	verb.contact	1	0	0	1	1	7
6	operates	2:41:00::	1	verb.social	1	0	0	1	1	8
18	operate	2:41:00::	1	verb.social	1	0	0	1	1	9
0	Operating	2:35:03::	2	verb.contact	1	0	0	0	1	10
24	operate	2:41:00::	1	verb.social	1	0	0	0	1	11
10	operates	2:35:03::	2	verb.contact	1	0	0	0	1	12
2	operate	2:41:00::	1	verb.social	1	0	0	0	1	13
9	operating	2:41:00::	1	verb.social	1	0	0	0	1	14
0	Operating	2:35:03::	2	verb.contact	1	0	0	0	1	15
18	operating	2:35:03::	2	verb.contact	1	0	0	0	1	16
2	operates	2:41:00::	1	verb.social	1	0	0	0	1	17
3	operating	2:35:00::	3	verb.contact	1	0	0	0	1	18
19	operating	2:35:03::	2	verb.contact	1	0	0	0	1	19
8	operate	2:35:03::	2	verb.contact	1	0	0	0	0	20
8	operating	2:30:00::	5	verb.change	1	0	0	0	0	21
20	operating	2:35:00::	3	verb.contact	1	0	0	0	0	22
4	operates	2:35:03::	2	verb.contact	1	0	0	0	0	23
5	operating	2:41:00::	1	verb.social	1	0	0	0	0	24
16	operates	2:41:00::	1	verb.social	2	2	2	2	2	25
8	operate	2:35:03::	2	verb.contact	2	2	2	2	2	26
4	operated	2:35:00::	3	verb.contact	2	2	2	2	2	27
9	operate	2:35:03::	2	verb.contact	2	0	2	2	2	28
11	operates	2:35:00::	3	verb.contact	2	0	2	2	2	29
24	operate	2:35:03::	2	verb.contact	2	0	0	2	2	30
21	operate	2:35:03::	2	verb.contact	2	0	0	2	2	31
15	operated	2:35:03::	2	verb.contact	2	0	0	2	2	32
23	operated	2:35:03::	2	verb.contact	2	0	0	2	2	33
11	operate	2:35:00::	3	verb.contact	2	0	0	2	2	34
22	operates	2:41:00::	1	verb.social	2	0	0	0	2	35
11	operate	2:41:00::	1	verb.social	2	0	0	0	2	36
2	operate	2:33:00::	4	verb.competition	2	0	0	0	2	37
9	operating	2:41:00::	1	verb.social	2	0	0	0	2	38
12	operate	2:41:00::	1	verb.social	2	0	0	0	2	39
3	operated	2:35:00::	3	verb.contact	2	0	0	0	2	40
16	operated	2:41:00::	1	verb.social	2	0	0	0	2	41
6	operate	2:35:03::	2	verb.contact	2	0	0	0	2	42
3	operated	2:41:00::	1	verb.social	2	0	0	0	2	43
5	operate	2:35:00::	3	verb.contact	2	0	0	0	2	44
25	operate	2:35:00::	3	verb.contact	2	0	0	0	0	45
2	operate	2:35:03::	2	verb.contact	2	0	0	0	0	46
3	operate	2:35:03::	2	verb.contact	2	0	0	0	0	47
2	operate	2:41:00::	1	verb.social	2	0	0	0	0	48
2	operated	2:35:00::	3	verb.contact	2	0	0	0	0	49
