position	word	lexsn	wnsn	supersense	X25	X3	X5	X10	X20	index
40	item	1:10:00::	1	noun.communication	1	1	1	1	1	0
45	items	1:06:00::	3	noun.artifact	1	1	1	1	1	1
1	items	1:06:00::	3	noun.artifact	1	1	1	1	1	2
26	items	1:06:00::	3	noun.artifact	1	0	1	1	1	3
13	items	1:24:00::	2	noun.relation	1	0	1	1	1	4
14	items	1:24:00::	2	noun.relation	1	0	0	1	1	5
1	items	1:06:00::	3	noun.artifact	1	0	0	1	1	6
9	items	1:06:00::	3	noun.artifact	1	0	0	1	1	7
32	items	1:06:00::	3	noun.artifact	1	0	0	1	1	8
10	items	1:10:00::	1	noun.communication	1	0	0	1	1	9
13	items	1:24:00::	2	noun.relation	1	0	0	0	1	10
2	item	1:06:00::	3	noun.artifact	1	0	0	0	1	11
9	item	1:06:00::	3	noun.artifact	1	0	0	0	1	12
5	items	1:10:00::	1	noun.communication	1	0	0	0	1	13
8	item	1:10:00::	1	noun.communication	1	0	0	0	1	14
5	item	1:10:00::	1	noun.communication	1	0	0	0	1	15
42	items	1:10:00::	1	noun.communication	1	0	0	0	1	16
17	item	1:10:00::	1	noun.communication	1	0	0	0	1	17
7	items	1:24:00::	2	noun.relation	1	0	0	0	1	18
20	item	1:09:00::	4	noun.cognition	1	0	0	0	1	19
12	item	1:10:00::	1	noun.communication	1	0	0	0	0	20
12	item	1:10:00::	1	noun.communication	1	0	0	0	0	21
54	items	1:24:00::	2	noun.relation	1	0	0	0	0	22
9	items	1:24:00::	2	noun.relation	1	0	0	0	0	23
11	item	1:24:00::	2	noun.relation	1	0	0	0	0	24
24	items	1:06:00::	3	noun.artifact	2	2	2	2	2	25
66	item	1:10:00::	1	noun.communication	2	2	2	2	2	26
13	items	1:10:00::	1	noun.communication	2	2	2	2	2	27
6	item	1:10:00::	1	noun.communication	2	0	2	2	2	28
6	item	1:10:00::	1	noun.communication	2	0	2	2	2	29
8	item	1:10:00::	1	noun.communication	2	0	0	2	2	30
38	items	1:24:00::	2	noun.relation	2	0	0	2	2	31
17	items	1:24:00::	2	noun.relation	2	0	0	2	2	32
5	item	1:24:00::	2	noun.relation	2	0	0	2	2	33
8	items	1:24:00::	2	noun.relation	2	0	0	2	2	34
7	items	1:09:00::	4	noun.cognition	2	0	0	0	2	35
11	items	1:24:00::	2	noun.relation	2	0	0	0	2	36
11	item	1:10:00::	1	noun.communication	2	0	0	0	2	37
2	items	1:06:00::	3	noun.artifact	2	0	0	0	2	38
6	item	1:10:00::	1	noun.communication	2	0	0	0	2	39
17	item	1:10:00::	1	noun.communication	2	0	0	0	2	40
6	items	1:24:00::	2	noun.relation	2	0	0	0	2	41
20	items	1:06:00::	3	noun.artifact	2	0	0	0	2	42
9	items	1:24:00::	2	noun.relation	2	0	0	0	2	43
1	item	1:06:00::	3	noun.artifact	2	0	0	0	2	44
22	item	1:10:00::	1	noun.communication	2	0	0	0	0	45
6	item	1:10:00::	1	noun.communication	2	0	0	0	0	46
9	items	1:10:00::	1	noun.communication	2	0	0	0	0	47
29	items	1:24:00::	2	noun.relation	2	0	0	0	0	48
17	item	1:10:00::	1	noun.communication	2	0	0	0	0	49
