position	word	lexsn	wnsn	supersense	X25	X3	X5	X10	X20	index
19	law	1:14:00::	1	noun.group	1	1	1	1	1	0
13	law	1:10:00::	2	noun.communication	1	1	1	1	1	1
2	law	1:10:00::	2	noun.communication	1	1	1	1	1	2
18	Law	1:14:00::	1	noun.group	1	0	1	1	1	3
9	law	1:14:00::	1	noun.group	1	0	1	1	1	4
39	laws	1:10:00::	2	noun.communication	1	0	0	1	1	5
10	laws	1:10:00::	2	noun.communication	1	0	0	1	1	6
19	law	1:09:01::	4	noun.cognition	1	0	0	1	1	7
26	law	1:14:00::	1	noun.group	1	0	0	1	1	8
1	law	1:14:00::	1	noun.group	1	0	0	1	1	9
23	law	1:14:00::	1	noun.group	1	0	0	0	1	10
8	law	1:09:01::	4	noun.cognition	1	0	0	0	1	11
14	law	1:14:00::	1	noun.group	1	0	0	0	1	12
23	law	1:14:00::	1	noun.group	1	0	0	0	1	13
4	law	1:09:00::	3	noun.cognition	1	0	0	0	1	14
11	law	1:10:00::	2	noun.communication	1	0	0	0	1	15
1	law	1:10:00::	2	noun.communication	1	0	0	0	1	16
8	law	1:14:00::	1	noun.group	1	0	0	0	1	17
10	law	1:14:00::	1	noun.group	1	0	0	0	1	18
9	law	1:14:00::	1	noun.group	1	0	0	0	1	19
11	law	1:10:00::	2	noun.communication	1	0	0	0	0	20
6	law	1:09:02::	5	noun.cognition	1	0	0	0	0	21
18	law	1:09:00::	3	noun.cognition	1	0	0	0	0	22
23	laws	1:09:00::	3	noun.cognition	1	0	0	0	0	23
10	laws	1:14:00::	1	noun.group	1	0	0	0	0	24
29	law	1:14:00::	1	noun.group	2	2	2	2	2	25
8	law	1:10:00::	2	noun.communication	2	2	2	2	2	26
12	law	1:14:00::	1	noun.group	2	2	2	2	2	27
6	law	1:14:00::	1	noun.group	2	0	2	2	2	28
9	laws	1:09:00::	3	noun.cognition	2	0	2	2	2	29
15	law	1:14:00::	1	noun.group	2	0	0	2	2	30
3	law	1:09:00::	3	noun.cognition	2	0	0	2	2	31
4	law	1:14:00::	1	noun.group	2	0	0	2	2	32
51	law	1:14:00::	1	noun.group	2	0	0	2	2	33
31	law	1:14:00::	1	noun.group	2	0	0	2	2	34
45	law	1:14:00::	1	noun.group	2	0	0	0	2	35
3	law	1:09:00::	3	noun.cognition	2	0	0	0	2	36
22	laws	1:10:00::	2	noun.communication	2	0	0	0	2	37
0	Law	1:14:00::	1	noun.group	2	0	0	0	2	38
16	law	1:14:00::	1	noun.group	2	0	0	0	2	39
9	laws	1:10:00::	2	noun.communication	2	0	0	0	2	40
39	laws	1:10:00::	2	noun.communication	2	0	0	0	2	41
10	Law	1:04:00::	6	noun.act	2	0	0	0	2	42
20	law	1:10:00::	2	noun.communication	2	0	0	0	2	43
11	law	1:14:00::	1	noun.group	2	0	0	0	2	44
23	law	1:14:00::	1	noun.group	2	0	0	0	0	45
12	law	1:10:00::	2	noun.communication	2	0	0	0	0	46
18	laws	1:10:00::	2	noun.communication	2	0	0	0	0	47
21	laws	1:14:00::	1	noun.group	2	0	0	0	0	48
27	law	1:14:00::	1	noun.group	2	0	0	0	0	49
