position	word	lexsn	wnsn	supersense	X25	X3	X5	X10	X20	index
9	requires	2:32:01::	2	verb.communication	1	1	1	1	1	0
3	required	2:42:00::	1	verb.stative	1	1	1	1	1	1
14	requiring	2:42:00::	1	verb.stative	1	1	1	1	1	2
8	requires	2:32:00::	3	verb.communication	1	0	1	1	1	3
3	required	2:32:00::	3	verb.communication	1	0	1	1	1	4
13	require	2:34:00::	4	verb.consumption	1	0	0	1	1	5
6	required	2:42:00::	1	verb.stative	1	0	0	1	1	6
12	require	2:42:00::	1	verb.stative	1	0	0	1	1	7
16	requires	2:32:01::	2	verb.communication	1	0	0	1	1	8
15	required	2:42:00::	1	verb.stative	1	0	0	1	1	9
24	required	2:42:00::	1	verb.stative	1	0	0	0	1	10
9	required	2:42:00::	1	verb.stative	1	0	0	0	1	11
41	required	2:42:00::	1	verb.stative	1	0	0	0	1	12
3	requires	2:42:00::	1	verb.stative	1	0	0	0	1	13
8	required	2:42:00::	1	verb.stative	1	0	0	0	1	14
4	required	2:42:00::	1	verb.stative	1	0	0	0	1	15
3	required	2:42:00::	1	verb.stative	1	0	0	0	1	16
0	Require	2:32:00::	3	verb.communication	1	0	0	0	1	17
8	require	2:42:00::	1	verb.stative	1	0	0	0	1	18
17	require	2:42:00::	1	verb.stative	1	0	0	0	1	19
2	require	2:32:01::	2	verb.communication	1	0	0	0	0	20
3	requires	2:42:00::	1	verb.stative	1	0	0	0	0	21
13	required	2:32:00::	3	verb.communication	1	0	0	0	0	22
15	require	2:42:00::	1	verb.stative	1	0	0	0	0	23
4	require	2:42:00::	1	verb.stative	1	0	0	0	0	24
40	required	2:42:00::	1	verb.stative	2	2	2	2	2	25
10	require	2:42:00::	1	verb.stative	2	2	2	2	2	26
40	required	2:34:00::	4	verb.consumption	2	2	2	2	2	27
10	require	2:42:00::	1	verb.stative	2	0	2	2	2	28
33	requiring	2:42:00::	1	verb.stative	2	0	2	2	2	29
3	requires	2:42:00::	1	verb.stative	2	0	0	2	2	30
8	required	2:42:00::	1	verb.stative	2	0	0	2	2	31
24	required	2:42:00::	1	verb.stative	2	0	0	2	2	32
14	requiring	2:42:00::	1	verb.stative	2	0	0	2	2	33
15	required	2:32:00::	3	verb.communication	2	0	0	2	2	34
9	required	2:42:00::	1	verb.stative	2	0	0	0	2	35
5	required	2:42:00::	1	verb.stative	2	0	0	0	2	36
2	requires	2:42:00::	1	verb.stative	2	0	0	0	2	37
28	require	2:42:00::	1	verb.stative	2	0	0	0	2	38
2	required	2:32:01::	2	verb.communication	2	0	0	0	2	39
5	required	2:42:00::	1	verb.stative	2	0	0	0	2	40
3	require	2:42:00::	1	verb.stative	2	0	0	0	2	41
11	required	2:32:00::	3	verb.communication	2	0	0	0	2	42
8	requires	2:42:00::	1	verb.stative	2	0	0	0	2	43
23	require	2:42:00::	1	verb.stative	2	0	0	0	2	44
14	requires	2:42:00::	1	verb.stative	2	0	0	0	0	45
23	required	2:42:00::	1	verb.stative	2	0	0	0	0	46
17	require	2:42:00::	1	verb.stative	2	0	0	0	0	47
4	required	2:42:00::	1	verb.stative	2	0	0	0	0	48
18	require	2:34:00::	4	verb.consumption	2	0	0	0	0	49
