position	word	lexsn	wnsn	supersense	X25	X3	X5	X10	X20	index
41	marked	2:31:09::	3	verb.cognition	1	1	1	1	1	0
3	marked	2:31:01::	4	verb.cognition	1	1	1	1	1	1
5	marked	2:35:09::	1	verb.contact	1	1	1	1	1	2
15	mark	2:31:09::	3	verb.cognition	1	0	1	1	1	3
22	marking	2:31:01::	4	verb.cognition	1	0	1	1	1	4
7	marking	2:30:00::	5	verb.change	1	0	0	1	1	5
23	marked	2:41:00::	6	verb.social	1	0	0	1	1	6
34	marked	2:31:09::	3	verb.cognition	1	0	0	1	1	7
19	mark	2:35:02::	8	verb.contact	1	0	0	1	1	8
2	marked	2:31:01::	4	verb.cognition	1	0	0	1	1	9
5	marked	2:35:09::	1	verb.contact	1	0	0	0	1	10
6	mark	2:32:02::	2	verb.communication	1	0	0	0	1	11
0	Mark	2:30:00::	5	verb.change	1	0	0	0	1	12
34	mark	2:35:09::	1	verb.contact	1	0	0	0	1	13
14	mark	2:35:09::	1	verb.contact	1	0	0	0	1	14
3	marks	2:31:01::	4	verb.cognition	1	0	0	0	1	15
17	marking	2:31:01::	4	verb.cognition	1	0	0	0	1	16
2	marked	2:39:00::	7	verb.perception	1	0	0	0	1	17
33	marked	2:41:00::	6	verb.social	1	0	0	0	1	18
13	marked	2:32:02::	2	verb.communication	1	0	0	0	1	19
13	marked	2:31:09::	3	verb.cognition	1	0	0	0	0	20
11	marked	2:35:09::	1	verb.contact	1	0	0	0	0	21
19	marked	2:31:09::	3	verb.cognition	1	0	0	0	0	22
4	marked	2:31:01::	4	verb.cognition	1	0	0	0	0	23
3	marks	2:32:02::	2	verb.communication	1	0	0	0	0	24
0	Mark	2:30:00::	5	verb.change	2	2	2	2	2	25
2	marked	2:31:09::	3	verb.cognition	2	2	2	2	2	26
8	marks	2:31:09::	3	verb.cognition	2	2	2	2	2	27
14	mark	2:35:09::	1	verb.contact	2	0	2	2	2	28
4	marks	2:32:02::	2	verb.communication	2	0	2	2	2	29
38	marked	2:31:09::	3	verb.cognition	2	0	0	2	2	30
3	marked	2:31:09::	3	verb.cognition	2	0	0	2	2	31
14	marks	2:32:02::	2	verb.communication	2	0	0	2	2	32
8	marked	2:31:09::	3	verb.cognition	2	0	0	2	2	33
8	marked	2:35:09::	1	verb.contact	2	0	0	2	2	34
34	mark	2:32:02::	2	verb.communication	2	0	0	0	2	35
14	marked	2:35:09::	1	verb.contact	2	0	0	0	2	36
30	marked	2:32:02::	2	verb.communication	2	0	0	0	2	37
13	marked	2:32:02::	2	verb.communication	2	0	0	0	2	38
3	marks	2:31:01::	4	verb.cognition	2	0	0	0	2	39
4	mark	2:35:09::	1	verb.contact	2	0	0	0	2	40
4	marked	2:31:01::	4	verb.cognition	2	0	0	0	2	41
18	marks	2:31:09::	3	verb.cognition	2	0	0	0	2	42
1	mark	2:30:00::	5	verb.change	2	0	0	0	2	43
24	marking	2:31:01::	4	verb.cognition	2	0	0	0	2	44
4	marked	2:31:09::	3	verb.cognition	2	0	0	0	0	45
16	marks	2:32:02::	2	verb.communication	2	0	0	0	0	46
28	marked	2:31:09::	3	verb.cognition	2	0	0	0	0	47
23	marking	2:32:02::	2	verb.communication	2	0	0	0	0	48
12	mark	2:35:09::	1	verb.contact	2	0	0	0	0	49
