position	word	lexsn	wnsn	supersense	X25	X3	X5	X10	X20	index
17	step	1:04:02::	1	noun.act	1	1	1	1	1	0
25	step	1:04:02::	1	noun.act	1	1	1	1	1	1
3	step	1:04:00::	3	noun.act	1	1	1	1	1	2
11	steps	1:23:00::	2	noun.quantity	1	0	1	1	1	3
2	step	1:04:02::	1	noun.act	1	0	1	1	1	4
14	step	1:06:00::	4	noun.artifact	1	0	0	1	1	5
2	step	1:04:02::	1	noun.act	1	0	0	1	1	6
2	step	1:04:02::	1	noun.act	1	0	0	1	1	7
21	steps	1:04:02::	1	noun.act	1	0	0	1	1	8
11	step	1:23:00::	2	noun.quantity	1	0	0	1	1	9
15	step	1:04:02::	1	noun.act	1	0	0	0	1	10
8	step	1:23:00::	2	noun.quantity	1	0	0	0	1	11
34	steps	1:04:02::	1	noun.act	1	0	0	0	1	12
7	step	1:04:02::	1	noun.act	1	0	0	0	1	13
14	step	1:04:02::	1	noun.act	1	0	0	0	1	14
2	steps	1:23:00::	2	noun.quantity	1	0	0	0	1	15
22	steps	1:04:02::	1	noun.act	1	0	0	0	1	16
11	step	1:04:02::	1	noun.act	1	0	0	0	1	17
22	step	1:23:00::	2	noun.quantity	1	0	0	0	1	18
5	step	1:04:02::	1	noun.act	1	0	0	0	1	19
16	steps	1:04:00::	3	noun.act	1	0	0	0	0	20
25	step	1:04:02::	1	noun.act	1	0	0	0	0	21
17	step	1:04:02::	1	noun.act	1	0	0	0	0	22
19	step	1:23:00::	2	noun.quantity	1	0	0	0	0	23
7	steps	1:04:02::	1	noun.act	1	0	0	0	0	24
35	step	1:04:02::	1	noun.act	2	2	2	2	2	25
2	steps	1:04:02::	1	noun.act	2	2	2	2	2	26
10	step	1:23:00::	2	noun.quantity	2	2	2	2	2	27
2	step	1:04:02::	1	noun.act	2	0	2	2	2	28
3	step	1:23:00::	2	noun.quantity	2	0	2	2	2	29
4	step	1:04:02::	1	noun.act	2	0	0	2	2	30
10	step	1:06:00::	4	noun.artifact	2	0	0	2	2	31
14	step	1:04:02::	1	noun.act	2	0	0	2	2	32
15	step	1:04:02::	1	noun.act	2	0	0	2	2	33
32	step	1:23:00::	2	noun.quantity	2	0	0	2	2	34
2	step	1:04:02::	1	noun.act	2	0	0	0	2	35
2	steps	1:04:02::	1	noun.act	2	0	0	0	2	36
10	step	1:26:00::	5	noun.state	2	0	0	0	2	37
19	steps	1:23:00::	2	noun.quantity	2	0	0	0	2	38
19	step	1:04:00::	3	noun.act	2	0	0	0	2	39
14	step	1:04:00::	3	noun.act	2	0	0	0	2	40
2	steps	1:04:02::	1	noun.act	2	0	0	0	2	41
15	step	1:04:02::	1	noun.act	2	0	0	0	2	42
18	steps	1:23:00::	2	noun.quantity	2	0	0	0	2	43
9	step	1:04:02::	1	noun.act	2	0	0	0	2	44
1	steps	1:04:00::	3	noun.act	2	0	0	0	0	45
50	step	1:04:02::	1	noun.act	2	0	0	0	0	46
25	steps	1:04:02::	1	noun.act	2	0	0	0	0	47
7	step	1:04:02::	1	noun.act	2	0	0	0	0	48
11	steps	1:04:02::	1	noun.act	2	0	0	0	0	49
