position	word	lexsn	wnsn	supersense	X25	X3	X5	X10	X20	index
4	programs	1:09:00::	1	noun.cognition	1	1	1	1	1	0
22	program	1:09:00::	1	noun.cognition	1	1	1	1	1	1
6	program	1:09:00::	1	noun.cognition	1	1	1	1	1	2
17	programs	1:09:00::	1	noun.cognition	1	0	1	1	1	3
25	programs	1:09:00::	1	noun.cognition	1	0	1	1	1	4
15	program	1:09:00::	1	noun.cognition	1	0	0	1	1	5
1	program	1:10:01::	3	noun.communication	1	0	0	1	1	6
27	program	1:09:00::	1	noun.cognition	1	0	0	1	1	7
5	program	1:09:00::	1	noun.cognition	1	0	0	1	1	8
11	program	1:09:01::	2	noun.cognition	1	0	0	1	1	9
2	program	1:09:01::	2	noun.cognition	1	0	0	0	1	10
23	programs	1:09:00::	1	noun.cognition	1	0	0	0	1	11
8	program	1:09:01::	2	noun.cognition	1	0	0	0	1	12
28	program	1:09:00::	1	noun.cognition	1	0	0	0	1	13
9	program	1:09:00::	1	noun.cognition	1	0	0	0	1	14
12	programs	1:09:00::	1	noun.cognition	1	0	0	0	1	15
34	program	1:09:00::	1	noun.cognition	1	0	0	0	1	16
15	program	1:09:00::	1	noun.cognition	1	0	0	0	1	17
10	program	1:09:01::	2	noun.cognition	1	0	0	0	1	18
20	programs	1:09:00::	1	noun.cognition	1	0	0	0	1	19
2	programs	1:09:01::	2	noun.cognition	1	0	0	0	0	20
2	program	1:09:00::	1	noun.cognition	1	0	0	0	0	21
13	programs	1:09:01::	2	noun.cognition	1	0	0	0	0	22
4	program	1:09:01::	2	noun.cognition	1	0	0	0	0	23
4	programs	1:09:01::	2	noun.cognition	1	0	0	0	0	24
13	program	1:09:00::	1	noun.cognition	2	2	2	2	2	25
6	program	1:09:00::	1	noun.cognition	2	2	2	2	2	26
4	program	1:09:00::	1	noun.cognition	2	2	2	2	2	27
11	program	1:09:00::	1	noun.cognition	2	0	2	2	2	28
28	program	1:09:00::	1	noun.cognition	2	0	2	2	2	29
3	program	1:09:00::	1	noun.cognition	2	0	0	2	2	30
10	program	1:09:00::	1	noun.cognition	2	0	0	2	2	31
5	program	1:09:00::	1	noun.cognition	2	0	0	2	2	32
11	program	1:09:00::	1	noun.cognition	2	0	0	2	2	33
23	program	1:09:00::	1	noun.cognition	2	0	0	2	2	34
17	Program	1:09:00::	1	noun.cognition	2	0	0	0	2	35
16	program	1:09:00::	1	noun.cognition	2	0	0	0	2	36
9	program	1:09:01::	2	noun.cognition	2	0	0	0	2	37
181	program	1:09:00::	1	noun.cognition	2	0	0	0	2	38
4	program	1:09:01::	2	noun.cognition	2	0	0	0	2	39
11	programs	1:09:00::	1	noun.cognition	2	0	0	0	2	40
10	program	1:09:00::	1	noun.cognition	2	0	0	0	2	41
5	program	1:09:01::	2	noun.cognition	2	0	0	0	2	42
7	programs	1:09:00::	1	noun.cognition	2	0	0	0	2	43
1	program	1:09:00::	1	noun.cognition	2	0	0	0	2	44
16	programs	1:09:00::	1	noun.cognition	2	0	0	0	0	45
4	program	1:09:00::	1	noun.cognition	2	0	0	0	0	46
3	program	1:09:00::	1	noun.cognition	2	0	0	0	0	47
4	program	1:09:00::	1	noun.cognition	2	0	0	0	0	48
13	program	1:09:01::	2	noun.cognition	2	0	0	0	0	49
