position	word	lexsn	wnsn	supersense	X25	X3	X5	X10	X20	index
8	letters	1:10:00::	1	noun.communication	1	1	1	1	1	0
10	letters	1:10:00::	1	noun.communication	1	1	1	1	1	1
43	letters	1:10:01::	2	noun.communication	1	1	1	1	1	2
25	letter	1:10:00::	1	noun.communication	1	0	1	1	1	3
12	letter	1:10:00::	1	noun.communication	1	0	1	1	1	4
26	letter	1:10:00::	1	noun.communication	1	0	0	1	1	5
17	letter	1:10:00::	1	noun.communication	1	0	0	1	1	6
15	letters	1:10:00::	1	noun.communication	1	0	0	1	1	7
1	letters	1:10:00::	1	noun.communication	1	0	0	1	1	8
23	letter	1:10:00::	1	noun.communication	1	0	0	1	1	9
7	letter	1:10:00::	1	noun.communication	1	0	0	0	1	10
25	letters	1:10:00::	1	noun.communication	1	0	0	0	1	11
10	letter	1:10:00::	1	noun.communication	1	0	0	0	1	12
11	letters	1:10:00::	1	noun.communication	1	0	0	0	1	13
2	letter	1:10:00::	1	noun.communication	1	0	0	0	1	14
12	letters	1:10:00::	1	noun.communication	1	0	0	0	1	15
10	letters	1:10:00::	1	noun.communication	1	0	0	0	1	16
41	letters	1:10:00::	1	noun.communication	1	0	0	0	1	17
5	letters	1:10:01::	2	noun.communication	1	0	0	0	1	18
3	letters	1:10:00::	1	noun.communication	1	0	0	0	1	19
27	letters	1:10:00::	1	noun.communication	1	0	0	0	0	20
12	letters	1:10:00::	1	noun.communication	1	0	0	0	0	21
17	letter	1:10:00::	1	noun.communication	1	0	0	0	0	22
9	letters	1:10:00::	1	noun.communication	1	0	0	0	0	23
2	letter	1:10:00::	1	noun.communication	1	0	0	0	0	24
1	letter	1:10:00::	1	noun.communication	2	2	2	2	2	25
3	letter	1:10:00::	1	noun.communication	2	2	2	2	2	26
10	letters	1:10:00::	1	noun.communication	2	2	2	2	2	27
2	letters	1:10:00::	1	noun.communication	2	0	2	2	2	28
1	letters	1:10:00::	1	noun.communication	2	0	2	2	2	29
11	letter	1:10:00::	1	noun.communication	2	0	0	2	2	30
3	letters	1:10:00::	1	noun.communication	2	0	0	2	2	31
10	letters	1:10:00::	1	noun.communication	2	0	0	2	2	32
18	letters	1:10:00::	1	noun.communication	2	0	0	2	2	33
3	letters	1:10:00::	1	noun.communication	2	0	0	2	2	34
19	letters	1:10:00::	1	noun.communication	2	0	0	0	2	35
0	Letters	1:10:00::	1	noun.communication	2	0	0	0	2	36
10	letters	1:10:00::	1	noun.communication	2	0	0	0	2	37
33	letter	1:10:00::	1	noun.communication	2	0	0	0	2	38
12	letters	1:10:00::	1	noun.communication	2	0	0	0	2	39
17	letter	1:10:00::	1	noun.communication	2	0	0	0	2	40
26	letters	1:10:00::	1	noun.communication	2	0	0	0	2	41
2	letters	1:10:00::	1	noun.communication	2	0	0	0	2	42
7	letters	1:10:00::	1	noun.communication	2	0	0	0	2	43
24	letters	1:10:00::	1	noun.communication	2	0	0	0	2	44
5	letter	1:10:00::	1	noun.communication	2	0	0	0	0	45
1	letters	1:10:00::	1	noun.communication	2	0	0	0	0	46
4	letters	1:10:00::	1	noun.communication	2	0	0	0	0	47
13	letter	1:10:01::	2	noun.communication	2	0	0	0	0	48
15	letters	1:10:00::	1	noun.communication	2	0	0	0	0	49
