lemma	pos	s_JSD_X3	s_JSD_X5	s_JSD_X10	s_JSD_X20	s_JSD_X25
evidence	n	1.0	1.0	1.0	1.0	1.0
conduct	v	1.0	1.0	1.0	1.0	1.0
follow	v	1.0	1.0	1.0	1.0	1.0
policy	n	1.0	1.0	1.0	1.0	1.0
place	v	1.0	1.0	1.0	1.0	1.0
serve	v	1.0	1.0	1.0	1.0	1.0
add	v	1.0	1.0	1.0	1.0	1.0
work	v	1.0	1.0	1.0	1.0	1.0
pass	v	1.0	1.0	1.0	1.0	1.0
permit	v	1.0	1.0	1.0	1.0	1.0
age	n	1.0	1.0	1.0	1.0	1.0
home	n	1.0	1.0	1.0	1.0	1.0
enter	v	1.0	1.0	1.0	1.0	1.0
wait	v	1.0	1.0	1.0	1.0	1.0
course	n	1.0	1.0	1.0	1.0	1.0
allow	v	1.0	1.0	1.0	1.0	1.0
expect	v	1.0	1.0	1.0	1.0	1.0
study	n	1.0	1.0	1.0	1.0	1.0
determine	v	1.0	1.0	1.0	1.0	1.0
work	n	1.0	1.0	1.0	1.0	1.0
open	v	1.0	1.0	1.0	1.0	1.0
seek	v	1.0	1.0	1.0	1.0	1.0
direct	v	1.0	1.0	1.0	1.0	1.0
church	n	1.0	1.0	1.0	1.0	1.0
shoot	v	1.0	1.0	1.0	1.0	1.0
death	n	1.0	1.0	1.0	1.0	1.0
carry	v	1.0	1.0	1.0	1.0	1.0
property	n	1.0	1.0	1.0	1.0	1.0
lead	v	1.0	1.0	1.0	1.0	1.0
leave	v	1.0	1.0	1.0	1.0	1.0
miss	v	1.0	1.0	1.0	1.0	1.0
represent	v	1.0	1.0	1.0	1.0	1.0
destroy	v	1.0	1.0	1.0	1.0	1.0
design	v	1.0	1.0	1.0	1.0	1.0
establish	v	1.0	1.0	1.0	1.0	1.0
extend	v	1.0	1.0	1.0	1.0	1.0
accept	v	1.0	1.0	1.0	1.0	1.0
pay	v	1.0	1.0	1.0	1.0	1.0
information	n	1.0	1.0	1.0	1.0	1.0
lose	v	1.0	1.0	1.0	1.0	1.0
water	n	1.0	1.0	1.0	1.0	1.0
subject	n	1.0	1.0	1.0	1.0	1.0
center	n	1.0	1.0	1.0	1.0	1.0
play	v	1.0	1.0	1.0	1.0	1.0
foot	n	1.0	1.0	1.0	1.0	1.0
head	n	1.0	1.0	1.0	1.0	1.0
record	n	1.0	1.0	1.0	1.0	1.0
field	n	1.0	1.0	1.0	1.0	1.0
develop	v	1.0	1.0	1.0	1.0	1.0
return	v	1.0	1.0	1.0	1.0	1.0
thing	n	1.0	1.0	1.0	1.0	1.0
pressure	n	1.0	1.0	1.0	1.0	1.0
need	v	1.0	1.0	1.0	1.0	1.0
performance	n	1.0	1.0	1.0	1.0	1.0
cause	v	1.0	1.0	1.0	1.0	1.0
form	v	1.0	1.0	1.0	1.0	1.0
way	n	1.0	1.0	1.0	1.0	1.0
light	n	1.0	1.0	1.0	1.0	1.0
stop	v	1.0	1.0	1.0	1.0	1.0
national	a	1.0	1.0	1.0	1.0	1.0
wish	v	1.0	1.0	1.0	1.0	1.0
remain	v	1.0	1.0	1.0	1.0	1.0
form	n	1.0	1.0	1.0	1.0	1.0
fall	v	1.0	1.0	1.0	1.0	1.0
save	v	1.0	1.0	1.0	1.0	1.0
change	n	1.0	1.0	1.0	1.0	1.0
sit	v	1.0	1.0	1.0	1.0	1.0
power	n	1.0	1.0	1.0	1.0	1.0
occur	v	1.0	1.0	1.0	1.0	1.0
country	n	1.0	1.0	1.0	1.0	1.0
experience	n	1.0	1.0	1.0	1.0	1.0
wonder	v	1.0	1.0	1.0	1.0	1.0
enjoy	v	1.0	1.0	1.0	1.0	1.0
observe	v	1.0	1.0	1.0	1.0	1.0
rate	n	1.0	1.0	1.0	1.0	1.0
suppose	v	1.0	1.0	1.0	1.0	1.0
maintain	v	1.0	1.0	1.0	1.0	1.0
picture	n	1.0	1.0	1.0	1.0	1.0
settle	v	1.0	1.0	1.0	1.0	1.0
treat	v	1.0	1.0	1.0	1.0	1.0
face	n	1.0	1.0	1.0	1.0	1.0
business	n	1.0	1.0	1.0	1.0	1.0
watch	v	1.0	1.0	1.0	1.0	1.0
strike	v	1.0	1.0	1.0	1.0	1.0
refer	v	1.0	1.0	1.0	1.0	1.0
support	v	1.0	1.0	1.0	1.0	1.0
section	n	1.0	1.0	1.0	1.0	1.0
paper	n	1.0	1.0	1.0	1.0	1.0
basis	n	1.0	1.0	1.0	1.0	1.0
function	n	1.0	1.0	1.0	1.0	1.0
prepare	v	1.0	1.0	1.0	1.0	1.0
apply	v	1.0	1.0	1.0	1.0	1.0
activity	n	1.0	1.0	1.0	1.0	1.0
replace	v	1.0	1.0	1.0	1.0	1.0
cut	v	1.0	1.0	1.0	1.0	1.0
table	n	1.0	1.0	1.0	1.0	1.0
say	v	0.0	0.0	0.2278138721002641	0.2106834258020215	0.1736088725761076
produce	v	0.7354264633345439	0.4472135954999579	0.5248702222610335	0.3834507183533481	0.3060147758460114
far	r	0.7354264633345439	0.8218812263437746	0.3309553282048378	0.1868087793007283	0.2012662188761287
end	n	1.0	1.0	0.6515452783833623	0.377276208948536	0.4030606790274944
election	n	0.0	0.0	0.0	0.0	0.1424585834571342
location	n	0.0	0.0	0.0	0.0	0.0
report	n	0.2858394058654446	0.6029487559817766	0.5626872148636278	0.2828675294918594	0.2352676551670249
possible	a	0.4368918683394205	0.0	0.1199102184055996	0.0643932764095418	0.1489468666942618
win	v	0.4368918683394205	0.0	0.0	0.0438711523655934	0.0358661606955217
receive	v	0.816496580927726	0.6324555320336759	0.3924484336480399	0.322607259767747	0.3013074579267409
consider	v	0.5773502691896257	0.4990215421876156	0.5248702222610335	0.4323651542141893	0.40740339582645
number	n	0.5773502691896257	0.3384149860344037	0.3182633774849778	0.241771661026858	0.2033389139323647
size	n	0.4368918683394205	0.3286815269308577	0.2278138721002641	0.1595695865091221	0.1424585834571342
city	n	0.6776045432457228	0.4862641233527597	0.3309553282048377	0.2202614732833324	0.1426027374340545
law	n	0.2858394058654446	0.3528615164390318	0.4812449711814844	0.3090531983298727	0.2867433084063842
recommend	v	0.0	0.0	0.0	0.0813343025658813	0.0567940652221914
act	v	0.2858394058654446	0.5273252365595997	0.383314884356172	0.2670855822097272	0.2139659741474538
study	v	0.5773502691896257	0.3384149860344037	0.4156938295979787	0.0901981096382474	0.2130723577600422
improve	v	0.0	0.3286815269308577	0.0	0.0643932764095418	0.0
operate	v	0.4555422588952882	0.6029487559817766	0.5438817408634726	0.2551831819245471	0.2745206410672866
best	a	0.0	0.0	0.0	0.0	0.0
government	n	0.4368918683394205	0.3286815269308577	0.2278138721002641	0.2278138721002641	0.0721749922904907
believe	v	0.816496580927726	0.3384149860344037	0.3429740625438332	0.0677714005344884	0.1788963762763636
office	n	0.5773502691896257	0.5570819551699948	0.2192821923554156	0.0512821717779788	0.0729006491027486
achieve	v	0.0	0.0	0.0	0.0	0.0
great	a	0.7354264633345439	0.6895569231153775	0.5182089113914057	0.3319025443020396	0.2603698683826668
reduce	v	0.4368918683394205	0.4862641233527597	0.4144720185476921	0.4299767330892859	0.3957650092388398
cost	n	0.0	0.3286815269308577	0.3286815269308577	0.3286815269308577	0.2648691447809823
result	n	1.0	0.7993972432754062	0.2789168934850075	0.2571410345887257	0.1782188141955715
step	n	0.5773502691896257	0.3528615164390318	0.2392955314800776	0.1847617805021677	0.157110662503522
problem	n	0.5773502691896257	0.5570819551699948	0.5570819551699948	0.2859386525247208	0.1411709901041736
provide	v	0.0	0.0	0.2278138721002641	0.1764307582195159	0.1513437826755137
effective	a	0.4555422588952882	0.3528615164390317	0.3103196802374153	0.1907896223145186	0.1875378682872466
major	a	0.0	0.1975751820353932	0.0958432337768927	0.1643407634654288	0.1632758872080232
item	n	0.2858394058654446	0.5608250197456116	0.4640404920710236	0.2016378040580765	0.1636327995789531
general	a	0.0	0.0	0.0	0.0	0.142502559820523
program	n	0.0	0.0	0.3286815269308577	0.1727447743886764	0.2222314712829374
state	n	0.816496580927726	0.2214102517213379	0.180972654295282	0.1774771368875851	0.1980353495057009
money	n	0.0	0.3286815269308577	0.3286815269308577	0.0643932764095418	0.0
realize	v	0.6776045432457228	0.4862641233527597	0.1912851164961913	0.1715165374769833	0.111789398995529
feel	v	0.816496580927726	0.7242314890859505	0.5696588889709816	0.4560446679623305	0.3990478760007618
available	a	0.0	0.0	0.0	0.0	0.0
continue	v	0.4555422588952882	0.3321751116143774	0.1001973429344877	0.0788432107868042	0.1785288796488289
action	n	0.4555422588952882	0.5608250197456116	0.5245914666958763	0.2236067977499789	0.2224982224204622
new	a	0.0	0.3286815269308577	0.2278138721002641	0.2918422637029004	0.2560714302873075
eliminate	v	0.0	0.186685710646737	0.0	0.2305795068894287	0.2572933076693568
political	a	0.0	0.0	0.267013292292778	0.2828135779600907	0.2286561142380418
purpose	n	0.0	0.0	0.186685710646737	0.2411487688317757	0.1955760735483478
price	n	0.6776045432457228	0.4862641233527597	0.3386176323016848	0.2480311984988571	0.2601163621976891
matter	n	0.0	0.0	0.0	0.068502507153333	0.0594339721168801
employ	v	0.4368918683394205	0.4862641233527597	0.1199102184055996	0.0	0.0
doctor	n	0.0	0.0	0.0	0.2236067977499789	0.2
night	n	0.0	0.0	0.0	0.1595695865091221	0.2029842210155223
plan	n	0.0	0.3286815269308577	0.1210863365768369	0.1519381323125278	0.1286120010303127
employee	n	0.0	0.0	0.0	0.0	0.0
file	v	0.4368918683394205	0.3286815269308577	0.0	0.1944278373908859	0.2996739893842328
wife	n	0.0	0.0	0.0	0.0	0.0
live	v	0.5773502691896257	0.4472135954999579	0.3848177229341152	0.2848294444854908	0.1763550989172736
year	n	0.4368918683394205	0.4862641233527597	0.3286815269308577	0.2278138721002641	0.2029842210155223
person	n	0.0	0.0	0.0	0.0	0.0
present	a	0.2858394058654446	0.1704388616053608	0.0854351026245885	0.0867717682948717	0.0350018623964362
announce	v	0.6776045432457228	0.3321751116143774	0.3391648287140414	0.2289241708814787	0.2130742789004876
run	v	1.0	1.0	0.7870946425164889	0.7979767381794283	0.7047221493038105
strong	a	0.4368918683394205	0.4472135954999579	0.4216570092756991	0.2614722240359111	0.2304947786555475
hold	v	0.7354264633345439	0.6700914113516948	0.5935226009857072	0.4806492063960993	0.4550302001308579
bring	v	0.816496580927726	0.6625978814909681	0.2785483856950966	0.1822414100773767	0.282842712474619
audience	n	0.0	0.0	0.1199102184055996	0.0	0.0
force	v	0.7354264633345439	0.7745966692414834	0.5589566206552571	0.4318760962623867	0.3984830395586009
obtain	v	0.6776045432457228	0.4862641233527597	0.3286815269308577	0.0643932764095418	0.1054347801531585
attend	v	0.4368918683394205	0.5570819551699948	0.390029275293858	0.3162277660168379	0.282842712474619
ask	v	0.0	0.0	0.0891476782244526	0.1915148861687448	0.1436975297133731
want	v	0.4368918683394205	0.4862641233527597	0.3286815269308577	0.3286815269308577	0.2915894594836891
make	v	0.816496580927726	0.7242314890859505	0.6663551801117873	0.5860219111941147	0.491280787495356
face	v	0.4555422588952882	0.1975751820353932	0.4760288318809838	0.1989506182991127	0.2628760382992787
party	n	0.7354264633345439	0.7173037730088039	0.6616225321950374	0.2955402922328624	0.2722338119249906
time	n	0.2858394058654446	0.3384149860344037	0.5949922462291422	0.3534282962055258	0.3026875653510275
start	v	0.7354264633345439	0.6700914113516947	0.4028096633545756	0.2423074258868665	0.2749460487585922
head	v	0.4555422588952882	0.3384149860344037	0.3286815269308577	0.3440331319188222	0.2926910690845568
home	r	0.0	0.3286815269308577	0.0	0.0	0.0
mention	v	0.0	0.186685710646737	0.3157648756809151	0.0821570876539533	0.0
learn	v	0.0	0.3384149860344037	0.230831938188098	0.1709158889492261	0.0
ready	a	0.0	0.186685710646737	0.2162980547239742	0.2664489128150812	0.2375073535614275
issue	v	0.5773502691896257	0.4990215421876156	0.3021672226386541	0.2440245749387483	0.2284746872018799
act	n	0.4555422588952882	0.5248702222610335	0.2836935383857739	0.24443998903992	0.2607403864715336
begin	v	0.4555422588952882	0.3528615164390318	0.3528615164390318	0.3251919127260515	0.2906120015067759
let	v	0.4368918683394205	0.3286815269308577	0.0	0.0813343025658813	0.0
source	n	0.816496580927726	0.7242314890859505	0.4889130316900121	0.3387323035705931	0.2437437122898497
road	n	0.0	0.0	0.0	0.0	0.1424585834571342
old	a	0.6776045432457228	0.4165738222103728	0.4448682962424712	0.3810478709982158	0.3505942089966977
propose	v	0.2858394058654446	0.5608250197456116	0.2789168934850075	0.1614354911199084	0.2
tell	v	0.4555422588952882	0.4472135954999579	0.2747521614407187	0.3005104433031939	0.1771903153869078
offer	v	0.5773502691896257	0.4889130316900121	0.452104061310337	0.2736626327688073	0.2855024546498317
group	n	0.0	0.0	0.0	0.0	0.0
body	n	0.6776045432457228	0.4862641233527597	0.4028096633545756	0.3996986216377031	0.3219811812053894
day	n	0.0	0.1975751820353932	0.1397067510113931	0.2469452702943678	0.1899541057217813
increase	n	0.6776045432457228	0.5608250197456116	0.4150206885238542	0.2462901649348854	0.2705691196057105
similar	a	0.6776045432457228	0.6291387780159147	0.4113330221378465	0.1199102184055996	0.1054347801531585
word	n	0.6776045432457228	0.7810163551494856	0.2600051079543572	0.2821104798569642	0.2956580815812064
education	n	0.4368918683394205	0.3286815269308577	0.4472135954999579	0.1855651600999448	0.2723959529389329
public	a	0.0	0.186685710646737	0.186685710646737	0.1433530716908048	0.2298276223879831
member	n	0.4368918683394205	0.3286815269308577	0.0	0.0	0.0721749922904907
read	v	0.6776045432457228	0.186685710646737	0.4364877217665714	0.3351677556803552	0.3176163633151797
event	n	0.4368918683394205	0.3286815269308577	0.0	0.0643932764095418	0.1054347801531585
long	a	0.0	0.0	0.2600051079543572	0.170915888949226	0.1521879123803175
just	r	0.4555422588952882	0.4889130316900121	0.3711392934036672	0.3270155972743602	0.3679074395562604
n't	r	0.0	0.0	0.0	0.0	0.0
trouble	n	0.5773502691896257	0.6324555320336759	0.3711392934036672	0.2161279780131954	0.2018689917136205
mark	v	0.7354264633345439	0.6324555320336759	0.6168322492556956	0.3891664647083385	0.3585066983978202
soon	r	0.0	0.0	0.0	0.0	0.0
local	a	0.6776045432457228	0.6700914113516948	0.7080194753311136	0.3005155751826966	0.3691208213438592
gun	n	0.0	0.0	0.0	0.0	0.0
certain	a	0.4368918683394205	0.4472135954999579	0.4144720185476921	0.3311293844116832	0.2928829745986496
week	n	0.0	0.4862641233527597	0.3286815269308577	0.2278138721002641	0.2505284145776563
question	n	0.6776045432457228	0.5273252365595997	0.180972654295282	0.2220436133645685	0.1871245916551296
appear	v	0.5773502691896257	0.3528615164390318	0.3162277660168379	0.3621045878591844	0.4069269067871146
little	a	0.7354264633345439	0.662597881490968	0.4928233423313069	0.2326368971369615	0.1529260313964412
help	v	0.0	0.0	0.267013292292778	0.2202614732833324	0.1283443222915074
merely	r	0.0	0.0	0.0	0.0	0.0
means	n	0.4368918683394205	0.3286815269308577	0.2278138721002641	0.0643932764095418	0.1337029296325865
report	v	0.4555422588952882	0.3384149860344037	0.2945621745497538	0.3201438968212889	0.2203778266125328
declare	v	1.0	0.7745966692414834	0.416573822210373	0.4949815415694875	0.4522790770481883
sound	v	0.4555422588952882	0.3528615164390318	0.2192821923554156	0.0824371251414576	0.1411709901041736
deny	v	0.5773502691896257	0.4889130316900121	0.2909891332630118	0.2238455765216942	0.1905928377869305
include	v	0.0	0.3286815269308577	0.390029275293858	0.3197744218735899	0.2885426351334038
argue	v	0.0	0.186685710646737	0.0	0.0928321566774183	0.0
probably	r	0.0	0.0	0.0	0.0	0.0
special	a	0.816496580927726	0.7745966692414834	0.5051436947918998	0.3589413487828333	0.3060577417272414
student	n	0.6776045432457228	0.6291387780159147	0.4862641233527597	0.1537115058786017	0.1337029296325865
require	v	0.5773502691896257	0.6700914113516947	0.3707449687075433	0.1102962562957246	0.1825311297507875
child	n	0.0	0.186685710646737	0.186685710646737	0.045350250584471	0.0
come	v	0.5773502691896257	0.4889130316900121	0.4204525272423656	0.3573825322073526	0.3114838057619733
school	n	0.4368918683394205	0.0	0.1210863365768369	0.1598329098173158	0.1513437826755137
hear	v	0.4368918683394205	0.0	0.1199102184055996	0.1066249515807425	0.0856108016906664
think	v	0.4555422588952882	0.4889130316900121	0.4150206885238542	0.3554264786559981	0.3445335827334798
letter	n	0.4368918683394205	0.3286815269308577	0.2278138721002641	0.2278138721002641	0.0721749922904907
people	n	0.0	0.0	0.2283042609901358	0.1820235906824431	0.1513437826755137
later	r	0.0	0.0	0.2278138721002641	0.1984991617058802	0.1054347801531585
finally	r	0.0	0.4889130316900121	0.2214102517213379	0.1391366826998484	0.0806623068883939
send	v	0.5773502691896257	0.5608250197456116	0.5260991614367887	0.35719053206098	0.3314743601946741
instead	r	0.0	0.0	0.0983291787828278	0.042962057701503	0.0693919247167457
company	n	0.7354264633345439	0.6324555320336759	0.4998230898202701	0.4253832784247578	0.4205275410772814
right	n	0.5773502691896257	0.5570819551699948	0.2192821923554156	0.2911722283643858	0.1578044674802669
suggest	v	0.0	0.4472135954999579	0.502769486091587	0.2332712933517274	0.1107409637024326
need	n	0.4368918683394205	0.3286815269308577	0.1001973429344877	0.1488474764373269	0.1309980881167757
select	v	0.0	0.0	0.0	0.0	0.0
house	n	0.0	0.0	0.0	0.2278138721002641	0.2029842210155223
decide	v	0.0	0.0	0.0	0.1595695865091221	0.1424585834571342
kind	n	0.0	0.0	0.0	0.0	0.0
idea	n	0.4368918683394205	0.3286815269308577	0.2278138721002641	0.2236067977499789	0.2
kill	v	0.0	0.0	0.0	0.0	0.0
set	v	1.0	0.8511822659005843	0.7242314890859505	0.4383032956374749	0.4158003734093421
big	a	0.4368918683394205	0.4862641233527597	0.2283042609901358	0.1820235906824431	0.2
insist	v	0.0	0.3286815269308577	0.2278138721002641	0.1764307582195159	0.1578044674802669
effort	n	0.4368918683394205	0.3286815269308577	0.2495107710938078	0.2106834258020215	0.2216284807143417
place	n	0.816496580927726	0.5248702222610335	0.5450678173336113	0.4953899113314	0.513789739732839
end	v	0.2858394058654446	0.3384149860344037	0.1857358252859168	0.0708502206458502	0.1057737579577381
increase	v	0.2858394058654446	0.0	0.2581737925218739	0.0425282500099162	0.0684796027815606
large	a	0.0	0.0	0.0	0.0	0.0
spend	v	0.0	0.0	0.186685710646737	0.0	0.0370778247525442
statement	n	0.4368918683394205	0.3286815269308577	0.1199102184055996	0.2262953410599261	0.2310091418292429
boy	n	0.4368918683394205	0.4472135954999579	0.2289241708814787	0.2285950150038024	0.1513437826755137
method	n	0.0	0.0	0.2278138721002641	0.0	0.0
teach	v	0.0	0.0	0.2278138721002641	0.1595695865091221	0.1424585834571342
history	n	1.0	0.4889130316900121	0.2711710702692296	0.1692074930172018	0.1549479619657235
normal	a	0.0	0.0	0.0	0.0	0.0
join	v	0.4368918683394205	0.0	0.1246555597616907	0.0	0.157020830714077
degree	n	0.7354264633345439	0.7173037730088039	0.4588526289278582	0.3430264250017558	0.4412868032654178
family	n	0.4555422588952882	0.4165738222103728	0.2392955314800776	0.2846563266050137	0.2889924010947029
volume	n	0.4368918683394205	0.4472135954999579	0.1226082421235418	0.1761511404341744	0.2090494272901616
case	n	0.4555422588952882	0.4165738222103728	0.503272673297164	0.4612588139018473	0.4351816934094752
community	n	0.0	0.3286815269308577	0.390029275293858	0.3600596187561963	0.2885426351334038
able	a	0.4368918683394205	0.3286815269308577	0.2278138721002641	0.0815054034988019	0.0
deal	v	0.5773502691896257	0.5696588889709816	0.3528615164390318	0.2939399258061358	0.2893061447423528
drop	v	0.0	0.3321751116143774	0.3391648287140414	0.4848058821738693	0.4901250096404286
exist	v	0.0	0.3286815269308577	0.2278138721002641	0.1595695865091221	0.0
game	n	0.4555422588952882	0.4889130316900121	0.1975751820353932	0.2183268136658153	0.3051688500293331
single	a	0.0	0.0	0.0	0.0	0.0
draw	v	0.2858394058654446	0.4990215421876156	0.7242314890859505	0.6044816377431544	0.5320061760550472
wide	a	0.7354264633345439	0.5570819551699948	0.3317220335327928	0.2846465520767816	0.2508329594975163
prove	v	0.5773502691896257	0.5570819551699948	0.0	0.1717163990263019	0.1664606442743646
perform	v	0.7354264633345439	0.6324555320336758	0.4028096633545756	0.2618675083472372	0.3094831395607723
fail	v	0.6776045432457228	0.1704388616053608	0.0891476782244526	0.1602125686570035	0.1443922928500716
second	a	0.0	0.3286815269308577	0.2278138721002641	0.0813343025658813	0.0721749922904907
hour	n	0.6776045432457228	0.4862641233527597	0.4113330221378465	0.0508892851174599	0.0410282320606599
minute	n	0.0	0.0	0.0	0.0	0.2029842210155223
cross	v	0.4368918683394205	0.6291387780159147	0.5846364929856486	0.3339717205422471	0.2496654640169845
hard	a	1.0	0.6895569231153776	0.3778063639136682	0.3465454201804485	0.3245913584018639
throw	v	0.4555422588952882	0.3321751116143774	0.4586287221446385	0.3613954716489473	0.4637235913845934
try	v	0.4368918683394205	0.3286815269308577	0.2278138721002641	0.0	0.0721749922904907
close	a	0.816496580927726	0.5248702222610335	0.5019198881041468	0.2737073026758314	0.2815644109759976
play	n	0.7354264633345439	0.6700914113516947	0.4631681150216038	0.4156938295979787	0.346971165730417
difficult	a	0.0	0.0	0.0	0.1595695865091221	0.1424585834571342
wall	n	0.0	0.0	0.0	0.0813343025658813	0.0721749922904907
break	v	1.0	1.0	0.8366600265340756	0.752579265460682	0.7105647401586506
today	n	0.0	0.3286815269308577	0.1199102184055996	0.1984991617058802	0.1751990916865461
military	a	0.4368918683394205	0.0	0.0	0.0821570876539533	0.078839098370036
complete	v	0.4368918683394205	0.3286815269308577	0.3286815269308577	0.3713830650016636	0.2965203174389526
fly	v	0.5773502691896257	0.6324555320336759	0.4028096633545756	0.1883627567808418	0.2437544566410961
hope	v	0.4555422588952882	0.3384149860344037	0.0	0.05666590282777	0.1090175009062239
job	n	0.4368918683394205	0.3286815269308577	0.0983291787828278	0.2615419719147848	0.3180538951639639
know	v	0.4555422588952882	0.1975751820353932	0.1001973429344877	0.0	0.1427934349414287
share	v	0.6776045432457228	0.1975751820353932	0.3407846825074348	0.1911959197013284	0.2509050734638733
plan	v	0.4555422588952882	0.4889130316900121	0.3309553282048378	0.1632228288072381	0.1669364895234253
ago	r	0.0	0.0	0.0	0.0	0.0
summer	n	0.0	0.0	0.0	0.0	0.0
arrive	v	0.0	0.0	0.0	0.0	0.0
really	r	0.2858394058654446	0.1704388616053608	0.174083729392848	0.1319140868736712	0.1390578929612436
gain	v	0.5773502691896257	0.7173037730088039	0.6324555320336759	0.3792680678386341	0.3399620918852727
early	a	0.4368918683394205	0.6324555320336759	0.4605200820912247	0.2997437433453173	0.3280953882999285
stage	n	0.4555422588952882	0.4889130316900121	0.3643502457837508	0.1762234130262484	0.2392962709014157
condition	n	0.0	0.3286815269308577	0.2278138721002641	0.1692074930172018	0.2079434569257205
horse	n	0.0	0.0	0.0	0.1595695865091221	0.1424585834571342
claim	v	0.7354264633345439	0.7173037730088039	0.3661183948544856	0.3063401169975142	0.2540233500525502
month	n	0.4368918683394205	0.1704388616053608	0.0854351026245885	0.1278020141530312	0.0344214641654195
young	a	0.0	0.0	0.0	0.0	0.1424585834571342
season	n	0.0	0.0	0.1199102184055996	0.1066249515807425	0.0796920740147706
woman	n	0.0	0.0	0.0	0.0	0.1424585834571342
finish	v	0.4555422588952882	0.4990215421876156	0.3157648756809151	0.1370221989092506	0.2431187037422792
right	a	0.4555422588952882	0.2214102517213379	0.186685710646737	0.2684189432835002	0.2435363605167136
position	n	1.0	0.8218812263437746	0.7902602418087684	0.3536784407357325	0.3110865005515293
use	v	0.0	0.0	0.0	0.0	0.1424585834571342
pull	v	0.4368918683394205	0.4862641233527597	0.4113330221378465	0.244456515845006	0.3023380889148344
leg	n	0.0	0.3286815269308577	0.2278138721002641	0.2278138721002641	0.320760862975094
catch	v	1.0	0.8944271909999159	0.7071067811865475	0.5182418276519084	0.4799343738393337
swing	v	1.0	0.5924335409416769	0.5072103620652213	0.3162277660168379	0.3682447969661773
explain	v	0.0	0.4472135954999579	0.2283042609901358	0.1107051258606689	0.0723725823804604
short	a	0.4555422588952882	0.3528615164390318	0.3384149860344037	0.1025938283072157	0.1948981304676784
line	n	0.816496580927726	0.7242314890859504	0.7745966692414834	0.61447951649669	0.5482584997355403
good	a	0.5773502691896257	0.5570819551699948	0.5570819551699948	0.4601461717479331	0.4295448296158926
feeling	n	0.7354264633345439	0.4889130316900121	0.2166340244951967	0.2610531100243257	0.1636227108765015
attention	n	0.4368918683394205	0.3321751116143774	0.3162277660168379	0.2785409775849974	0.2578877082218997
turn	v	0.0	0.186685710646737	0.5401482649985775	0.4212848482408223	0.4214001253931299
kid	n	0.0	0.0	0.0	0.0	0.0
stay	v	0.5773502691896257	0.5608250197456116	0.3683098914091944	0.2568564580193616	0.3479772136386082
express	v	0.5773502691896257	0.1975751820353932	0.2747521614407188	0.1788870383677746	0.0425550603308509
particular	a	0.4368918683394205	0.4990215421876156	0.2324129365435583	0.1096519217300452	0.1451402320768182
contribute	v	0.816496580927726	0.662597881490968	0.333378053156172	0.2334956887923221	0.2038047883272111
lie	v	0.4555422588952882	0.5608250197456116	0.4297379151030997	0.3878089590175309	0.3899330186324268
hit	v	0.7354264633345439	0.6700914113516947	0.426349154062707	0.3919816046452141	0.3750039020114019
look	v	0.4368918683394205	0.3528615164390318	0.3939164281773636	0.2786666699628691	0.2375597738974227
better	a	0.0	0.0	0.0	0.1081278674705719	0.1386200220745114
film	n	0.2858394058654446	0.4359053257176522	0.4115107500365466	0.1120321171999394	0.0887278431837911
treatment	n	0.4555422588952882	0.0	0.1857358252859168	0.1745560564553941	0.1691492398337894
suffer	v	0.5773502691896257	0.6700914113516947	0.6251578428667953	0.4694585432965725	0.3913751317822195
important	a	0.0	0.0	0.0	0.2278138721002641	0.142502559820523
hand	n	0.4368918683394205	0.3286815269308577	0.3286815269308577	0.3542814112447748	0.3167578581877424
meet	v	1.0	1.0	0.7333105584322193	0.5518994135985343	0.5245650594504715
like	v	0.6776045432457228	0.6625978814909681	0.326013574799638	0.3136457021068974	0.299327131857622
result	v	0.0	0.186685710646737	0.2581737925218739	0.0425282500099162	0.0344214641654195
book	n	0.0	0.3286815269308577	0.3162277660168379	0.2844061472221638	0.2657501588066573
point	n	1.0	0.6895569231153775	0.7484406629075586	0.5511076257269768	0.4252019784711866
various	a	0.4555422588952882	0.4359053257176522	0.3384149860344037	0.2873495928594732	0.2679117910100955
area	n	0.6776045432457228	0.6291387780159147	0.5570819551699948	0.3073990275845921	0.3336577391178132
walk	v	0.4368918683394205	0.3286815269308577	0.3286815269308577	0.3193818641047364	0.2850524740712031
corner	n	0.816496580927726	0.6324555320336759	0.5865400464263395	0.4392984481678169	0.4675434975234537
arm	n	0.0	0.0	0.0	0.2278138721002641	0.2029842210155223
dark	a	0.5773502691896257	0.4472135954999579	0.4998230898202701	0.366505975548309	0.2578229098201646
world	n	0.7354264633345439	0.6700914113516947	0.4609040071146538	0.1932461237207249	0.2044256034620194
high	a	0.4368918683394205	0.186685710646737	0.0	0.2750782927743937	0.0775442610039583
man	n	0.5773502691896257	0.0	0.2495107710938078	0.2297327929242982	0.2525199584670615
away	r	0.4368918683394205	0.4472135954999579	0.463716272128362	0.3704590550875662	0.3805838529418801
talk	v	0.4368918683394205	0.0	0.0	0.1599432174347074	0.1533341374937641
quite	r	0.0	0.4359053257176522	0.3672101586299056	0.1739251067819307	0.1122506924596136
suddenly	r	0.0	0.186685710646737	0.0854351026245885	0.0438711523655934	0.1390578929612436
fact	n	0.6776045432457228	0.6291387780159147	0.27800792421881	0.184133018741104	0.1733775998323355
reach	v	0.7354264633345439	0.7745966692414834	0.6738069256640214	0.488062706066018	0.3906811446945781
heart	n	1.0	0.8511822659005843	0.4738261809816476	0.0933428553233685	0.1508673918845107
real	a	0.0	0.3286815269308577	0.3661183948544856	0.3908061239788841	0.286432464077758
remember	v	0.0	0.3528615164390318	0.091943113258612	0.0866971194349185	0.1538778761944801
period	n	0.0	0.0	0.0	0.0	0.0
figure	n	0.6776045432457228	0.6895569231153775	0.6301578575982585	0.5361088167523013	0.4719352640532459
situation	n	0.2858394058654446	0.186685710646737	0.0983291787828278	0.1433530716908048	0.1165830012767292
especially	r	0.0	0.0	0.0	0.0	0.0
level	n	0.6776045432457228	0.4165738222103728	0.3384149860344037	0.3168568849519698	0.2749459536726431
refuse	v	0.4368918683394205	0.3286815269308577	0.4572094414698825	0.4577077930670811	0.3776531932110518
list	n	0.0	0.0	0.0	0.1595695865091221	0.1424585834571342
recognize	v	0.7354264633345439	0.3885582330007866	0.4541859211310267	0.3440356268903592	0.3594273138700926
human	a	1.0	0.3384149860344037	0.27800792421881	0.0	0.0434808633477841
drive	v	1.0	0.662597881490968	0.4872902952265285	0.3275799095977438	0.3031746516539206
spirit	n	0.816496580927726	0.5248702222610335	0.4671470847923745	0.3493059017979889	0.3315571304008434
encourage	v	0.4368918683394205	0.3528615164390317	0.4016438785898744	0.3020120525540121	0.2747300106102348
distance	n	0.4368918683394205	0.0	0.2495107710938078	0.2885318839091537	0.2928829745986496
write	v	0.5773502691896257	0.6324555320336759	0.3399102949007289	0.2072942828108636	0.1311841060702921
small	a	0.0	0.3286815269308577	0.0	0.1597351506512866	0.1425504306900873
happen	v	0.0	0.4862641233527597	0.4113330221378465	0.1749476691138384	0.1386200220745116
sure	a	0.6776045432457228	0.186685710646737	0.3639485654820795	0.2841724510414362	0.2676288669820578
force	n	0.816496580927726	0.7242314890859504	0.5039997748737592	0.3490585353887315	0.3424568872938582
remove	v	0.4368918683394205	0.4862641233527597	0.4113330221378465	0.3302127698457495	0.2513358779047363
father	n	0.4555422588952882	0.4472135954999579	0.3162277660168379	0.274800506465307	0.2456025759024717
supply	v	0.5773502691896257	0.4472135954999579	0.390029275293858	0.2748573431085119	0.1678067407658562
discuss	v	0.4368918683394205	0.0	0.0	0.0508892851174599	0.0796920740147706
concern	v	0.4368918683394205	0.4862641233527597	0.0891476782244526	0.045350250584471	0.0729003279600478
reason	n	0.7354264633345439	0.5570819551699948	0.3002509802181266	0.2236067977499789	0.151384191943157
open	a	0.7354264633345439	0.5696588889709816	0.5051436947918998	0.4309533329449017	0.441064568853765
mean	v	0.7354264633345439	0.6625978814909681	0.4812449711814843	0.3488495577389023	0.2804910443467749
indicate	v	0.7354264633345439	0.4472135954999579	0.41544666284356	0.3076021844554286	0.2467741490157939
town	n	0.4368918683394205	0.4472135954999579	0.41544666284356	0.3480342920441538	0.2934037719169092
likely	a	0.0	0.0	0.0	0.2278138721002641	0.2915894594836891
stand	v	0.4555422588952882	0.4165738222103728	0.4115107500365467	0.4624749085387565	0.4325782875648862
low	a	0.6776045432457228	0.6291387780159147	0.27800792421881	0.2893203220560903	0.130924812472371
sort	n	0.0	0.0	0.0	0.1595695865091221	0.1424585834571342
different	a	0.2858394058654446	0.0	0.0	0.1972374968608078	0.1717046497567629
usually	r	0.0	0.0	0.0	0.0	0.0
husband	n	0.0	0.0	0.0	0.0	0.0
present	v	0.7354264633345439	0.6324555320336758	0.4415956595059628	0.4512755016397821	0.3920433314101946
true	a	0.4368918683394205	0.3286815269308577	0.0	0.19451852789694	0.2649046286202169
agree	v	0.4368918683394205	0.186685710646737	0.186685710646737	0.0	0.2
care	v	0.0	0.3286815269308577	0.3286815269308577	0.3299620665999259	0.2476596010082397
handle	v	0.7354264633345439	0.6029487559817766	0.3347816392953896	0.3216343734165878	0.3092058211581949
push	v	0.5773502691896257	0.4472135954999579	0.2694363183905441	0.2493296295125234	0.1829655185106721
possibility	n	0.6776045432457228	0.8218812263437746	0.4223621961344548	0.3283871242241647	0.195074222249672
spread	v	0.5773502691896257	0.6895569231153775	0.5949922462291422	0.5179690275522039	0.4295604734063864
temperature	n	0.0	0.0	0.0	0.0	0.0
type	n	0.4368918683394205	0.3286815269308577	0.2278138721002641	0.0	0.0
range	n	0.4368918683394205	0.3321751116143774	0.3965631745212014	0.1719424155675425	0.2491005625989807
white	a	0.0	0.0	0.0	0.0508892851174599	0.0442517905210119
american	a	0.0	0.0	0.0	0.0813343025658813	0.0721749922904907
surface	n	0.4368918683394205	0.3286815269308577	0.4144720185476921	0.2783539533710499	0.3024942452055294
control	v	0.5773502691896257	0.3528615164390318	0.1857358252859168	0.1738358739722221	0.153278919594655
patient	n	0.0	0.0	0.0	0.0	0.0
compare	v	0.0	0.5570819551699948	0.1565606904163785	0.1319140868736713	0.1260745549786633
particularly	r	0.0	0.0	0.0	0.0	0.0
individual	n	0.0	0.3286815269308577	0.1199102184055996	0.1433530716908048	0.0796920740147706
tend	v	0.0	0.3286815269308577	0.3286815269308577	0.3600596187561963	0.3539115905141823
technique	n	0.4368918683394205	0.4862641233527597	0.3286815269308577	0.0	0.0
common	a	0.7354264633345439	0.6324555320336758	0.4189137742022179	0.3489054585405574	0.3292730109792958
value	n	0.2858394058654446	0.5273252365595997	0.3822583224210212	0.2145471340123961	0.1382653291261153
grow	v	0.4368918683394205	0.4889130316900121	0.5296055359622296	0.4909251646927167	0.4868233920288136
experiment	n	0.4368918683394205	0.6291387780159147	0.3661183948544856	0.1259483484083311	0.067165837921172
sound	n	1.0	0.6324555320336757	0.5458093082768736	0.2604344217935223	0.2538513309609501
guess	v	0.7354264633345439	0.2214102517213379	0.3384149860344037	0.2001602682312402	0.1797012522325758
somewhat	r	0.0	0.0	0.3286815269308577	0.3286815269308577	0.2915894594836891
avoid	v	1.0	0.4889130316900121	0.2747521614407188	0.2659717177818689	0.1672986871460595
process	n	0.4368918683394205	0.0	0.0	0.045350250584471	0.1505349755854454
contain	v	0.0	0.0	0.2278138721002641	0.3286815269308577	0.2560714302873075
production	n	0.6776045432457228	0.5608250197456116	0.5949922462291422	0.260226455685956	0.1237452429385175
language	n	0.4368918683394205	0.4862641233527597	0.2283042609901358	0.2283042609901358	0.2034072639341991
visit	v	0.7354264633345439	0.6324555320336759	0.4640404920710237	0.4305443706506969	0.3314689032199055
music	n	0.4368918683394205	0.0	0.0983291787828278	0.0	0.0442517905210119
reflect	v	0.0	0.3321751116143774	0.3317220335327928	0.1537462265802731	0.1688804036521244
answer	n	0.816496580927726	0.6324555320336758	0.5248702222610335	0.1803663680966971	0.2009933656563863
simple	a	0.4368918683394205	0.4862641233527597	0.3386176323016848	0.2785409775849974	0.2049299253195883
easy	a	0.0	0.3286815269308577	0.3286815269308577	0.2236067977499789	0.2126567075045131
understand	v	0.5773502691896257	0.6324555320336759	0.5477225575051661	0.3317220335327928	0.2044615971464347
mother	n	0.0	0.0	0.0	0.0	0.0
love	v	0.7354264633345439	0.7173037730088039	0.2166340244951967	0.1603521133167258	0.1552204996508373
attitude	n	0.0	0.0	0.2278138721002641	0.2817647809224863	0.2505284145776563
prevent	v	0.2858394058654446	0.1704388616053608	0.34454187085071	0.1278020141530312	0.0344214641654195
voice	n	0.4368918683394205	0.186685710646737	0.2392955314800776	0.2348832739639245	0.2133769116933404
development	n	1.0	0.6700914113516948	0.5917574493679977	0.3066850278736874	0.2172825096419015
growth	n	0.4555422588952882	0.3321751116143774	0.41544666284356	0.3179390946731231	0.1150365317128522
use	n	0.0	0.0	0.2283042609901358	0.274800506465307	0.2262277943460048
speak	v	0.4368918683394205	0.4862641233527597	0.5335491314557254	0.1096519217300452	0.1421814201732859
object	n	0.4368918683394205	0.4472135954999579	0.390029275293858	0.1597351506512866	0.1578044674802669
war	n	0.0	0.0	0.0891476782244526	0.2602264556859558	0.2166231047909427
fight	v	0.6776045432457228	0.0	0.0854351026245885	0.2278606804197999	0.1438306556704741
measure	v	0.6776045432457228	0.4990215421876156	0.3103196802374153	0.1110209964196646	0.1490541958351009
assume	v	0.4555422588952882	0.3321751116143774	0.3848177229341152	0.205507140999689	0.250687605151867
raise	v	0.816496580927726	0.7242314890859504	0.5355061854689258	0.4569634600150329	0.2994786847155817
mind	n	0.4368918683394205	0.4862641233527597	0.267013292292778	0.3152237405941168	0.2776341802160466
success	n	0.4555422588952882	0.0	0.2495107710938077	0.2859427134896988	0.3160901600163537
life	n	1.0	1.0	0.7660070983192517	0.5478840013018433	0.4605374741209549
rise	v	0.5773502691896257	0.6324555320336759	0.5288491298770048	0.3740901177989388	0.397902300573072
state	v	0.6776045432457228	0.3528615164390317	0.0983291787828278	0.1066249515807425	0.1707116530375834
die	v	0.0	0.0	0.0	0.0	0.0
piece	n	0.4555422588952882	0.6324555320336758	0.3939164281773635	0.4421309345831832	0.42164502637724
material	n	0.0	0.3286815269308577	0.267013292292778	0.247570848341734	0.2261070227760923
hang	v	0.816496580927726	0.6700914113516947	0.426349154062707	0.261193178986717	0.2329087142385867
create	v	0.4555422588952882	0.3528615164390318	0.2289241708814787	0.1448001237707477	0.1216057894767201
buy	v	0.0	0.0	0.0	0.0	0.1424585834571342
friend	n	0.0	0.0	0.2278138721002641	0.1595695865091221	0.1424585834571342
reveal	v	0.816496580927726	0.4889130316900121	0.5635877993514598	0.4626400854016133	0.3710389080155462
procedure	n	0.4368918683394205	0.0	0.2162980547239742	0.0	0.0387405152300717
religious	a	0.4368918683394205	0.4862641233527597	0.4113330221378465	0.3981282797995001	0.4068222213210945
repeat	v	0.7354264633345439	0.7173037730088039	0.5039997748737592	0.3454637815675899	0.3364159340238565
heavy	a	0.816496580927726	0.7242314890859505	0.5586400862892926	0.6202746048743324	0.5242615791965443
girl	n	0.5773502691896257	0.4472135954999579	0.4119403538871589	0.3004523574551054	0.2889924010947029
imagine	v	0.4368918683394205	0.3286815269308577	0.3286815269308577	0.1199102184055996	0.1489468666942618
certainly	r	0.0	0.0	0.0	0.0	0.0
demand	v	0.2858394058654446	0.3528615164390317	0.0896188939097114	0.1039326861248914	0.1640166143948196
sing	v	0.4368918683394205	0.186685710646737	0.174083729392848	0.2137441323819913	0.1020415541725256
notice	v	0.4368918683394205	0.4165738222103728	0.3157648756809151	0.2242403197706604	0.2405407906922965
close	v	0.7354264633345439	0.5696588889709816	0.2747521614407188	0.3063556509467651	0.2181735741557099
air	n	0.4555422588952882	0.5608250197456116	0.4241306785292097	0.3465278075010166	0.2967055229009767
space	n	0.6776045432457228	0.7993972432754062	0.5750294797698278	0.3758872681262548	0.3454158443589749
modern	a	0.7354264633345439	0.3528615164390318	0.1210863365768369	0.2285950150038025	0.2314900155968222
sell	v	0.4368918683394205	0.4472135954999579	0.3386176323016848	0.0	0.0
earth	n	0.4555422588952882	0.5608250197456116	0.2698172714372326	0.2698172714372326	0.2119879633443327
eye	n	0.0	0.0	0.0	0.1595695865091221	0.2029842210155223
total	a	0.4555422588952882	0.5608250197456116	0.2618023602748182	0.2417961651005087	0.2269027595227946
century	n	0.0	0.0	0.0	0.0	0.0
role	n	0.6776045432457228	0.3321751116143774	0.2495107710938078	0.1464603149758093	0.2041975700114213
sense	n	0.816496580927726	0.6324555320336759	0.3426744479529202	0.1764307582195158	0.2190315875236279
pattern	n	0.6776045432457228	0.1975751820353932	0.2785483856950966	0.2629987556861462	0.2284252335865714
quality	n	0.4555422588952882	0.4889130316900121	0.3324841877052302	0.3209767371064833	0.1654915520528319
room	n	0.4368918683394205	0.3286815269308577	0.3162277660168379	0.1764307582195159	0.1425504306900873
art	n	0.2858394058654446	0.4165738222103728	0.27800792421881	0.1185674111546726	0.0415404400306619
stare	v	0.0	0.0	0.2278138721002641	0.1595695865091221	0.1424585834571342
view	n	0.816496580927726	0.8944271909999159	0.5907812620313091	0.3071098434042369	0.2723487831863861
sample	n	0.0	0.0	0.0983291787828278	0.0	0.0410282320606599
example	n	0.4368918683394205	0.3286815269308577	0.390029275293858	0.3661183948544856	0.2934037719169092
moment	n	0.6776045432457228	0.4862641233527597	0.27800792421881	0.160068655913224	0.15071390962062
choose	v	0.4368918683394205	0.4472135954999579	0.2495107710938078	0.0901981096382474	0.1411709901041736
complete	a	0.6776045432457228	0.4862641233527597	0.4113330221378465	0.2817647809224863	0.1278775313234631
effect	n	0.0	0.3286815269308577	0.2278138721002641	0.3072763359172927	0.2746512165765068
difference	n	0.4368918683394205	0.3321751116143774	0.2495107710938078	0.1766624238537811	0.1830815205326506
bear	v	0.5773502691896257	0.5248702222610335	0.2945621745497538	0.3552508100017313	0.3238861682084165
basic	a	0.5773502691896257	0.3321751116143774	0.2297327929242982	0.1956681144068516	0.2272364410577903
involve	v	0.4555422588952882	0.4990215421876156	0.5260991614367887	0.2850115264004915	0.2559663179293749
industry	n	0.2858394058654446	0.3528615164390317	0.186685710646737	0.0508892851174599	0.0410282320606599
land	n	0.7354264633345439	0.7242314890859505	0.6499377283904454	0.4244411761519133	0.4735674546973241
base	v	0.0	0.0	0.0	0.0	0.0
eat	v	0.4368918683394205	0.0	0.1199102184055996	0.2495107710938078	0.2048811157234209
story	n	0.7354264633345439	0.4889130316900121	0.2698172714372326	0.2624351111305167	0.2443308701846979
forget	v	0.2858394058654446	0.0	0.27800792421881	0.2433002239435605	0.2297465856209237
opportunity	n	0.0	0.0	0.0	0.0	0.0
ride	v	0.4368918683394205	0.4472135954999579	0.267013292292778	0.2236067977499789	0.2
simply	r	0.0	0.3286815269308577	0.2289241708814787	0.3289251634070752	0.3970275359569279
individual	a	0.0	0.3286815269308577	0.4572094414698825	0.4798372533492241	0.3613661095743634
meaning	n	0.2858394058654446	0.186685710646737	0.0983291787828278	0.1319140868736712	0.1390578929612436
thought	n	0.7354264633345439	0.4990215421876156	0.3302127698457495	0.0871898263493166	0.1131324213851054
tree	n	0.0	0.0	0.0	0.0	0.0
fear	n	0.0	0.0	0.0	0.0	0.1424585834571342
trial	n	0.2858394058654446	0.1704388616053608	0.174083729392848	0.1614354911199084	0.1656672406889759
attempt	v	0.4368918683394205	0.3286815269308577	0.302167222638654	0.0475780038431947	0.1114861646603985
identify	v	0.4368918683394205	0.5570819551699948	0.3528615164390318	0.2153892764883102	0.170786513727284
society	n	0.0	0.0	0.2278138721002641	0.1595695865091221	0.2029842210155223
god	n	0.4368918683394205	0.4862641233527597	0.2162980547239742	0.1444886247187058	0.2173723149402329
necessary	a	0.4368918683394205	0.3286815269308577	0.2278138721002641	0.1595695865091221	0.1424585834571342
religion	n	0.4368918683394205	0.3286815269308577	0.1199102184055996	0.0643932764095418	0.0490265405560158
ground	n	0.5773502691896257	0.5570819551699948	0.4472135954999579	0.2878521653410851	0.2958778110242915
clear	a	0.0	0.4862641233527597	0.390029275293858	0.3294026824057586	0.2970434940046468
following	a	0.4368918683394205	0.3286815269308577	0.3309553282048377	0.1603793627715201	0.1506143583445617
change	v	0.6776045432457228	0.6029487559817766	0.5924335409416769	0.4849480561958497	0.4355765138457975
literature	n	0.4368918683394205	0.3321751116143774	0.1210863365768369	0.2234441181910926	0.1820359505351052
wear	v	0.0	0.3286815269308577	0.3386176323016848	0.2236067977499789	0.2457029962189183
morning	n	0.4368918683394205	0.3286815269308577	0.2278138721002641	0.1595695865091221	0.1424585834571342
mass	n	0.7354264633345439	0.7173037730088039	0.5617285897829133	0.453724623043068	0.3691326592629971
admit	v	0.0	0.0	0.0	0.1597351506512866	0.1662602516153548
build	v	0.4368918683394205	0.0	0.2283042609901358	0.2781695790883607	0.2308928545275782
feed	v	0.6776045432457228	0.4990215421876156	0.2726433034225027	0.3192482530807975	0.3297063565432656
nature	n	0.7354264633345439	0.3384149860344037	0.27800792421881	0.2541168683146698	0.1944711960899629
affect	v	0.6776045432457228	0.0	0.2694363183905441	0.1807211920486345	0.1877354216346091
theory	n	0.4368918683394205	0.186685710646737	0.267013292292778	0.2435633872193139	0.1613512836744804
training	n	0.0	0.0	0.0	0.0	0.0
smile	v	0.0	0.0	0.0	0.0	0.0
touch	v	0.7354264633345439	0.8218812263437746	0.6732632350631319	0.558798375885101	0.505214017615042
note	v	0.4555422588952882	0.3528615164390318	0.2286243160314297	0.2618023602748183	0.2722195713722519
plant	n	0.2858394058654446	0.3528615164390317	0.34454187085071	0.2703775285259666	0.2868734456414714
cover	v	0.7354264633345439	0.8511822659005843	0.4939931437396804	0.402312458316591	0.3506789017142897
vary	v	0.2858394058654446	0.0	0.3939164281773636	0.1409825913844648	0.1528724758224596
discover	v	0.4555422588952882	0.3885582330007866	0.4321653325701632	0.321887146867305	0.3701340653588074
listen	v	0.4368918683394205	0.0	0.186685710646737	0.045350250584471	0.1443922928500716
social	a	0.2858394058654446	0.186685710646737	0.302167222638654	0.2262953410599261	0.2015103400980293
animal	n	0.0	0.0	0.0	0.0	0.0
region	n	0.4368918683394205	0.3286815269308577	0.4113330221378465	0.1984991617058802	0.1751990916865461
building	n	0.6776045432457228	0.3528615164390318	0.2495107710938078	0.1764307582195159	0.1578044674802669
door	n	0.0	0.0	0.1199102184055996	0.1660875558071887	0.2042139038788535
floor	n	0.4368918683394205	0.4862641233527597	0.3908671847888979	0.3289251634070752	0.2860149379100171
car	n	0.0	0.0	0.0	0.0	0.0
collect	v	0.5773502691896257	0.4165738222103728	0.3975817235427012	0.2979111362345413	0.3208735261870423
economic	a	0.0	0.3286815269308577	0.2283042609901358	0.1820235906824431	0.1425504306900873
answer	v	0.4368918683394205	0.3321751116143774	0.3302127698457495	0.1946216830101226	0.2037629216934532
product	n	0.5773502691896257	0.7173037730088039	0.5082092651587214	0.3692892329021882	0.4117102829689133
approach	v	0.6776045432457228	0.6291387780159147	0.4144720185476921	0.2325756230042596	0.2498052137905386
street	n	0.0	0.0	0.0	0.2236067977499789	0.2
demonstrate	v	0.7354264633345439	0.662597881490968	0.383314884356172	0.472142978679453	0.4517057807571266
analysis	n	0.0	0.0	0.3162277660168379	0.2236067977499789	0.1755825709136027
cell	n	0.2858394058654446	0.3528615164390317	0.0	0.0	0.0
measurement	n	0.2858394058654446	0.0	0.0854351026245885	0.1790021400766494	0.2138697771206352
data	n	0.0	0.0	0.0	0.0	0.0
stress	n	0.0	0.4862641233527597	0.4113330221378465	0.3600596187561963	0.3292518282575105
window	n	0.4368918683394205	0.3286815269308577	0.1199102184055996	0.1764307582195159	0.1281005191080542
hair	n	0.0	0.0	0.0	0.0	0.0
officer	n	0.2858394058654446	0.5273252365595997	0.4412643008541367	0.2012996056950234	0.2222485009146642
sleep	v	0.0	0.0	0.0	0.0	0.0
shake	v	0.4555422588952882	0.4165738222103728	0.3528615164390318	0.4241306785292097	0.3936175593752069
wage	n	0.0	0.0	0.0	0.0	0.0
shelter	n	0.0	0.0	0.0	0.0	0.1424585834571342
jew	n	0.0	0.0	0.0	0.0	0.0
