position	word	lexsn	wnsn	supersense	X25	X3	X5	X10	X20	index
10	means	1:04:00::	1	noun.act	1	1	1	1	1	0
14	means	1:04:00::	1	noun.act	1	1	1	1	1	1
90	means	1:04:00::	1	noun.act	1	1	1	1	1	2
8	means	1:04:00::	1	noun.act	1	0	1	1	1	3
3	means	1:04:00::	1	noun.act	1	0	1	1	1	4
6	means	1:04:00::	1	noun.act	1	0	0	1	1	5
16	means	1:04:00::	1	noun.act	1	0	0	1	1	6
26	means	1:04:00::	1	noun.act	1	0	0	1	1	7
8	means	1:04:00::	1	noun.act	1	0	0	1	1	8
10	means	1:04:00::	1	noun.act	1	0	0	1	1	9
10	means	1:04:00::	1	noun.act	1	0	0	0	1	10
17	means	1:04:00::	1	noun.act	1	0	0	0	1	11
22	means	1:06:00::	2	noun.artifact	1	0	0	0	1	12
14	means	1:06:00::	2	noun.artifact	1	0	0	0	1	13
11	means	1:04:00::	1	noun.act	1	0	0	0	1	14
11	means	1:04:00::	1	noun.act	1	0	0	0	1	15
15	means	1:06:00::	2	noun.artifact	1	0	0	0	1	16
16	means	1:04:00::	1	noun.act	1	0	0	0	1	17
3	means	1:04:00::	1	noun.act	1	0	0	0	1	18
12	means	1:04:00::	1	noun.act	1	0	0	0	1	19
3	means	1:06:00::	2	noun.artifact	1	0	0	0	0	20
20	means	1:04:00::	1	noun.act	1	0	0	0	0	21
28	means	1:04:00::	1	noun.act	1	0	0	0	0	22
16	means	1:06:00::	2	noun.artifact	1	0	0	0	0	23
7	means	1:06:00::	2	noun.artifact	1	0	0	0	0	24
5	means	1:06:00::	2	noun.artifact	2	2	2	2	2	25
10	means	1:04:00::	1	noun.act	2	2	2	2	2	26
5	means	1:04:00::	1	noun.act	2	2	2	2	2	27
34	means	1:04:00::	1	noun.act	2	0	2	2	2	28
28	means	1:04:00::	1	noun.act	2	0	2	2	2	29
32	means	1:04:00::	1	noun.act	2	0	0	2	2	30
25	means	1:04:00::	1	noun.act	2	0	0	2	2	31
11	means	1:04:00::	1	noun.act	2	0	0	2	2	32
19	means	1:04:00::	1	noun.act	2	0	0	2	2	33
34	means	1:04:00::	1	noun.act	2	0	0	2	2	34
47	means	1:04:00::	1	noun.act	2	0	0	0	2	35
13	means	1:04:00::	1	noun.act	2	0	0	0	2	36
9	means	1:04:00::	1	noun.act	2	0	0	0	2	37
9	means	1:04:00::	1	noun.act	2	0	0	0	2	38
47	means	1:04:00::	1	noun.act	2	0	0	0	2	39
36	means	1:04:00::	1	noun.act	2	0	0	0	2	40
15	means	1:04:00::	1	noun.act	2	0	0	0	2	41
22	means	1:06:00::	2	noun.artifact	2	0	0	0	2	42
50	means	1:04:00::	1	noun.act	2	0	0	0	2	43
8	means	1:04:00::	1	noun.act	2	0	0	0	2	44
10	means	1:04:00::	1	noun.act	2	0	0	0	0	45
7	means	1:04:00::	1	noun.act	2	0	0	0	0	46
7	means	1:06:00::	2	noun.artifact	2	0	0	0	0	47
6	means	1:04:00::	1	noun.act	2	0	0	0	0	48
1	means	1:04:00::	1	noun.act	2	0	0	0	0	49
