position	word	lexsn	wnsn	supersense	X25	X3	X5	X10	X20	index
8	told	2:32:01::	3	verb.communication	1	1	1	1	1	0
24	told	2:32:04::	1	verb.communication	1	1	1	1	1	1
2	tell	2:32:04::	1	verb.communication	1	1	1	1	1	2
3	tell	2:32:04::	1	verb.communication	1	0	1	1	1	3
3	tell	2:32:00::	2	verb.communication	1	0	1	1	1	4
3	told	2:32:00::	2	verb.communication	1	0	0	1	1	5
12	told	2:32:04::	1	verb.communication	1	0	0	1	1	6
7	told	2:32:04::	1	verb.communication	1	0	0	1	1	7
10	tell	2:31:00::	5	verb.cognition	1	0	0	1	1	8
5	told	2:32:00::	2	verb.communication	1	0	0	1	1	9
1	told	2:32:00::	2	verb.communication	1	0	0	0	1	10
17	tell	2:32:01::	3	verb.communication	1	0	0	0	1	11
28	told	2:32:00::	2	verb.communication	1	0	0	0	1	12
10	told	2:32:04::	1	verb.communication	1	0	0	0	1	13
3	tell	2:32:04::	1	verb.communication	1	0	0	0	1	14
5	tells	2:32:04::	1	verb.communication	1	0	0	0	1	15
41	tell	2:32:00::	2	verb.communication	1	0	0	0	1	16
6	telling	2:32:04::	1	verb.communication	1	0	0	0	1	17
18	told	2:32:04::	1	verb.communication	1	0	0	0	1	18
16	tell	2:32:04::	1	verb.communication	1	0	0	0	1	19
4	tell	2:32:00::	2	verb.communication	1	0	0	0	0	20
1	tells	2:32:01::	3	verb.communication	1	0	0	0	0	21
6	told	2:32:00::	2	verb.communication	1	0	0	0	0	22
8	told	2:32:02::	4	verb.communication	1	0	0	0	0	23
1	told	2:32:04::	1	verb.communication	1	0	0	0	0	24
24	tell	2:31:00::	5	verb.cognition	2	2	2	2	2	25
1	Tell	2:32:01::	3	verb.communication	2	2	2	2	2	26
10	told	2:32:04::	1	verb.communication	2	2	2	2	2	27
21	told	2:32:04::	1	verb.communication	2	0	2	2	2	28
21	told	2:32:04::	1	verb.communication	2	0	2	2	2	29
7	told	2:32:00::	2	verb.communication	2	0	0	2	2	30
9	tell	2:31:00::	5	verb.cognition	2	0	0	2	2	31
11	telling	2:31:00::	5	verb.cognition	2	0	0	2	2	32
3	told	2:32:00::	2	verb.communication	2	0	0	2	2	33
20	told	2:32:01::	3	verb.communication	2	0	0	2	2	34
10	tell	2:32:00::	2	verb.communication	2	0	0	0	2	35
2	telling	2:32:02::	4	verb.communication	2	0	0	0	2	36
10	told	2:32:01::	3	verb.communication	2	0	0	0	2	37
9	told	2:32:04::	1	verb.communication	2	0	0	0	2	38
2	tell	2:32:00::	2	verb.communication	2	0	0	0	2	39
3	told	2:32:04::	1	verb.communication	2	0	0	0	2	40
12	told	2:32:00::	2	verb.communication	2	0	0	0	2	41
14	told	2:32:00::	2	verb.communication	2	0	0	0	2	42
3	tell	2:32:04::	1	verb.communication	2	0	0	0	2	43
16	tell	2:31:00::	5	verb.cognition	2	0	0	0	2	44
11	telling	2:32:00::	2	verb.communication	2	0	0	0	0	45
23	told	2:32:04::	1	verb.communication	2	0	0	0	0	46
2	told	2:32:04::	1	verb.communication	2	0	0	0	0	47
5	told	2:32:04::	1	verb.communication	2	0	0	0	0	48
1	Tell	2:32:04::	1	verb.communication	2	0	0	0	0	49
