position	word	lexsn	wnsn	supersense	X25	X3	X5	X10	X20	index
8	lost	2:40:02::	1	verb.possession	1	1	1	1	1	0
14	losing	2:40:02::	1	verb.possession	1	1	1	1	1	1
77	lost	2:33:01::	9	verb.competition	1	1	1	1	1	2
15	loses	2:40:02::	1	verb.possession	1	0	1	1	1	3
4	lost	2:40:02::	1	verb.possession	1	0	1	1	1	4
8	lost	2:40:02::	1	verb.possession	1	0	0	1	1	5
1	lost	2:40:02::	1	verb.possession	1	0	0	1	1	6
25	lost	2:40:02::	1	verb.possession	1	0	0	1	1	7
46	lose	2:40:02::	1	verb.possession	1	0	0	1	1	8
6	lost	2:40:02::	1	verb.possession	1	0	0	1	1	9
26	lose	2:40:02::	1	verb.possession	1	0	0	0	1	10
5	lost	2:35:00::	4	verb.contact	1	0	0	0	1	11
5	lost	2:40:02::	1	verb.possession	1	0	0	0	1	12
10	lost	2:40:02::	1	verb.possession	1	0	0	0	1	13
10	lost	2:40:02::	1	verb.possession	1	0	0	0	1	14
23	lost	2:40:02::	1	verb.possession	1	0	0	0	1	15
9	lose	2:40:02::	1	verb.possession	1	0	0	0	1	16
26	lost	2:40:02::	1	verb.possession	1	0	0	0	1	17
15	lost	2:40:02::	1	verb.possession	1	0	0	0	1	18
13	lost	2:40:02::	1	verb.possession	1	0	0	0	1	19
10	lose	2:40:02::	1	verb.possession	1	0	0	0	0	20
4	lost	2:40:02::	1	verb.possession	1	0	0	0	0	21
12	lose	2:40:02::	1	verb.possession	1	0	0	0	0	22
26	lost	2:40:02::	1	verb.possession	1	0	0	0	0	23
20	lost	2:40:02::	1	verb.possession	1	0	0	0	0	24
7	lose	2:33:00::	2	verb.competition	2	2	2	2	2	25
7	lost	2:37:00::	3	verb.emotion	2	2	2	2	2	26
7	lost	2:37:00::	3	verb.emotion	2	2	2	2	2	27
1	lost	2:33:00::	2	verb.competition	2	0	2	2	2	28
3	loses	2:33:00::	2	verb.competition	2	0	2	2	2	29
18	lost	2:33:00::	2	verb.competition	2	0	0	2	2	30
10	lost	2:33:00::	2	verb.competition	2	0	0	2	2	31
3	losing	2:33:00::	2	verb.competition	2	0	0	2	2	32
2	lost	2:40:01::	5	verb.possession	2	0	0	2	2	33
35	losing	2:33:00::	2	verb.competition	2	0	0	2	2	34
12	lost	2:40:01::	5	verb.possession	2	0	0	0	2	35
5	lost	2:37:00::	3	verb.emotion	2	0	0	0	2	36
5	lost	2:40:01::	5	verb.possession	2	0	0	0	2	37
23	lost	2:33:00::	2	verb.competition	2	0	0	0	2	38
5	lost	2:40:01::	5	verb.possession	2	0	0	0	2	39
5	losing	2:33:00::	2	verb.competition	2	0	0	0	2	40
8	lose	2:40:01::	5	verb.possession	2	0	0	0	2	41
10	lose	2:37:00::	3	verb.emotion	2	0	0	0	2	42
1	lost	2:33:00::	2	verb.competition	2	0	0	0	2	43
16	lose	2:33:00::	2	verb.competition	2	0	0	0	2	44
12	losing	2:33:00::	2	verb.competition	2	0	0	0	0	45
15	lost	2:33:00::	2	verb.competition	2	0	0	0	0	46
18	lose	2:40:01::	5	verb.possession	2	0	0	0	0	47
13	lost	2:33:00::	2	verb.competition	2	0	0	0	0	48
1	lost	2:37:00::	3	verb.emotion	2	0	0	0	0	49
