position	word	lexsn	wnsn	supersense	X25	X3	X5	X10	X20	index
41	year	1:28:02::	2	noun.time	1	1	1	1	1	0
9	year	1:28:01::	1	noun.time	1	1	1	1	1	1
19	years	1:28:01::	1	noun.time	1	1	1	1	1	2
8	years	1:28:00::	3	noun.time	1	0	1	1	1	3
11	years	1:28:01::	1	noun.time	1	0	1	1	1	4
3	years	1:28:01::	1	noun.time	1	0	0	1	1	5
3	years	1:28:01::	1	noun.time	1	0	0	1	1	6
1	years	1:28:01::	1	noun.time	1	0	0	1	1	7
6	year	1:28:01::	1	noun.time	1	0	0	1	1	8
32	years	1:28:01::	1	noun.time	1	0	0	1	1	9
6	year	1:28:01::	1	noun.time	1	0	0	0	1	10
6	year	1:28:01::	1	noun.time	1	0	0	0	1	11
1	years	1:28:01::	1	noun.time	1	0	0	0	1	12
12	years	1:28:01::	1	noun.time	1	0	0	0	1	13
3	years	1:28:01::	1	noun.time	1	0	0	0	1	14
2	years	1:28:01::	1	noun.time	1	0	0	0	1	15
2	year	1:28:01::	1	noun.time	1	0	0	0	1	16
7	year	1:28:01::	1	noun.time	1	0	0	0	1	17
2	years	1:28:01::	1	noun.time	1	0	0	0	1	18
3	years	1:28:01::	1	noun.time	1	0	0	0	1	19
2	years	1:28:01::	1	noun.time	1	0	0	0	0	20
23	year	1:28:01::	1	noun.time	1	0	0	0	0	21
41	years	1:28:01::	1	noun.time	1	0	0	0	0	22
40	years	1:28:01::	1	noun.time	1	0	0	0	0	23
24	years	1:28:01::	1	noun.time	1	0	0	0	0	24
3	years	1:28:01::	1	noun.time	2	2	2	2	2	25
4	year	1:28:01::	1	noun.time	2	2	2	2	2	26
15	years	1:28:01::	1	noun.time	2	2	2	2	2	27
27	years	1:28:01::	1	noun.time	2	0	2	2	2	28
3	years	1:28:01::	1	noun.time	2	0	2	2	2	29
1	years	1:28:01::	1	noun.time	2	0	0	2	2	30
14	year	1:28:01::	1	noun.time	2	0	0	2	2	31
3	year	1:28:01::	1	noun.time	2	0	0	2	2	32
15	year	1:28:01::	1	noun.time	2	0	0	2	2	33
23	years	1:28:01::	1	noun.time	2	0	0	2	2	34
20	years	1:28:01::	1	noun.time	2	0	0	0	2	35
13	year	1:28:01::	1	noun.time	2	0	0	0	2	36
4	years	1:28:01::	1	noun.time	2	0	0	0	2	37
13	year	1:28:01::	1	noun.time	2	0	0	0	2	38
5	year	1:28:01::	1	noun.time	2	0	0	0	2	39
3	years	1:28:01::	1	noun.time	2	0	0	0	2	40
7	years	1:28:01::	1	noun.time	2	0	0	0	2	41
7	year	1:28:01::	1	noun.time	2	0	0	0	2	42
10	year	1:28:01::	1	noun.time	2	0	0	0	2	43
3	year	1:28:01::	1	noun.time	2	0	0	0	2	44
6	years	1:28:01::	1	noun.time	2	0	0	0	0	45
8	years	1:28:01::	1	noun.time	2	0	0	0	0	46
9	year	1:28:01::	1	noun.time	2	0	0	0	0	47
4	years	1:28:01::	1	noun.time	2	0	0	0	0	48
13	years	1:28:01::	1	noun.time	2	0	0	0	0	49
