position	word	lexsn	wnsn	supersense	X25	X3	X5	X10	X20	index
1	right	1:07:00::	1	noun.attribute	1	1	1	1	1	0
35	right	1:07:00::	1	noun.attribute	1	1	1	1	1	1
3	right	1:15:00::	2	noun.location	1	1	1	1	1	2
37	right	1:15:00::	2	noun.location	1	0	1	1	1	3
2	right	1:07:00::	1	noun.attribute	1	0	1	1	1	4
22	right	1:07:00::	1	noun.attribute	1	0	0	1	1	5
16	right	1:06:00::	3	noun.artifact	1	0	0	1	1	6
4	right	1:07:00::	1	noun.attribute	1	0	0	1	1	7
5	right	1:15:00::	2	noun.location	1	0	0	1	1	8
20	rights	1:07:00::	1	noun.attribute	1	0	0	1	1	9
22	right	1:07:00::	1	noun.attribute	1	0	0	0	1	10
26	rights	1:07:00::	1	noun.attribute	1	0	0	0	1	11
17	right	1:07:00::	1	noun.attribute	1	0	0	0	1	12
8	right	1:07:00::	1	noun.attribute	1	0	0	0	1	13
4	rights	1:07:00::	1	noun.attribute	1	0	0	0	1	14
1	right	1:15:00::	2	noun.location	1	0	0	0	1	15
18	right	1:15:00::	2	noun.location	1	0	0	0	1	16
129	rights	1:07:00::	1	noun.attribute	1	0	0	0	1	17
25	right	1:04:00::	6	noun.act	1	0	0	0	1	18
8	rights	1:07:00::	1	noun.attribute	1	0	0	0	1	19
21	right	1:14:00::	4	noun.group	1	0	0	0	0	20
3	right	1:07:00::	1	noun.attribute	1	0	0	0	0	21
27	right	1:06:00::	3	noun.artifact	1	0	0	0	0	22
9	rights	1:07:00::	1	noun.attribute	1	0	0	0	0	23
7	right	1:07:00::	1	noun.attribute	1	0	0	0	0	24
13	right	1:07:00::	1	noun.attribute	2	2	2	2	2	25
28	right	1:06:00::	3	noun.artifact	2	2	2	2	2	26
53	right	1:07:00::	1	noun.attribute	2	2	2	2	2	27
32	right	1:07:00::	1	noun.attribute	2	0	2	2	2	28
7	right	1:07:00::	1	noun.attribute	2	0	2	2	2	29
21	right	1:15:00::	2	noun.location	2	0	0	2	2	30
1	right	1:07:00::	1	noun.attribute	2	0	0	2	2	31
4	right	1:07:00::	1	noun.attribute	2	0	0	2	2	32
29	right	1:07:00::	1	noun.attribute	2	0	0	2	2	33
5	right	1:07:00::	1	noun.attribute	2	0	0	2	2	34
22	right	1:07:00::	1	noun.attribute	2	0	0	0	2	35
8	rights	1:07:00::	1	noun.attribute	2	0	0	0	2	36
8	rights	1:07:00::	1	noun.attribute	2	0	0	0	2	37
11	right	1:15:00::	2	noun.location	2	0	0	0	2	38
2	right	1:15:00::	2	noun.location	2	0	0	0	2	39
25	right	1:14:00::	4	noun.group	2	0	0	0	2	40
7	Right	1:14:00::	4	noun.group	2	0	0	0	2	41
6	right	1:07:00::	1	noun.attribute	2	0	0	0	2	42
17	rights	1:07:00::	1	noun.attribute	2	0	0	0	2	43
17	right	1:07:00::	1	noun.attribute	2	0	0	0	2	44
34	rights	1:07:00::	1	noun.attribute	2	0	0	0	0	45
32	right	1:07:00::	1	noun.attribute	2	0	0	0	0	46
12	right	1:15:00::	2	noun.location	2	0	0	0	0	47
4	right	1:06:00::	3	noun.artifact	2	0	0	0	0	48
8	right	1:15:00::	2	noun.location	2	0	0	0	0	49
