position	word	lexsn	wnsn	supersense	X25	X3	X5	X10	X20	index
33	properties	1:07:00::	2	noun.attribute	1	1	1	1	1	0
7	properties	1:07:00::	2	noun.attribute	1	1	1	1	1	1
29	properties	1:07:00::	2	noun.attribute	1	1	1	1	1	2
25	properties	1:07:00::	2	noun.attribute	1	0	1	1	1	3
31	properties	1:15:00::	3	noun.location	1	0	1	1	1	4
14	properties	1:07:00::	2	noun.attribute	1	0	0	1	1	5
7	properties	1:07:00::	2	noun.attribute	1	0	0	1	1	6
25	properties	1:07:00::	2	noun.attribute	1	0	0	1	1	7
12	property	1:15:00::	3	noun.location	1	0	0	1	1	8
8	properties	1:07:00::	2	noun.attribute	1	0	0	1	1	9
20	property	1:07:00::	2	noun.attribute	1	0	0	0	1	10
26	properties	1:07:00::	2	noun.attribute	1	0	0	0	1	11
9	property	1:15:00::	3	noun.location	1	0	0	0	1	12
9	properties	1:07:00::	2	noun.attribute	1	0	0	0	1	13
10	properties	1:07:00::	2	noun.attribute	1	0	0	0	1	14
12	properties	1:07:00::	2	noun.attribute	1	0	0	0	1	15
14	property	1:07:00::	2	noun.attribute	1	0	0	0	1	16
42	properties	1:07:00::	2	noun.attribute	1	0	0	0	1	17
69	property	1:07:00::	2	noun.attribute	1	0	0	0	1	18
26	property	1:07:00::	2	noun.attribute	1	0	0	0	1	19
28	properties	1:07:00::	2	noun.attribute	1	0	0	0	0	20
30	properties	1:07:00::	2	noun.attribute	1	0	0	0	0	21
2	properties	1:07:00::	2	noun.attribute	1	0	0	0	0	22
9	properties	1:07:00::	2	noun.attribute	1	0	0	0	0	23
16	properties	1:07:00::	2	noun.attribute	1	0	0	0	0	24
4	property	1:21:00::	1	noun.possession	2	2	2	2	2	25
6	property	1:21:00::	1	noun.possession	2	2	2	2	2	26
14	property	1:21:00::	1	noun.possession	2	2	2	2	2	27
23	property	1:21:00::	1	noun.possession	2	0	2	2	2	28
7	property	1:21:00::	1	noun.possession	2	0	2	2	2	29
15	property	1:21:00::	1	noun.possession	2	0	0	2	2	30
1	property	1:21:00::	1	noun.possession	2	0	0	2	2	31
10	property	1:21:00::	1	noun.possession	2	0	0	2	2	32
20	property	1:21:00::	1	noun.possession	2	0	0	2	2	33
22	property	1:21:00::	1	noun.possession	2	0	0	2	2	34
17	property	1:21:00::	1	noun.possession	2	0	0	0	2	35
3	property	1:21:00::	1	noun.possession	2	0	0	0	2	36
5	property	1:21:00::	1	noun.possession	2	0	0	0	2	37
29	property	1:21:00::	1	noun.possession	2	0	0	0	2	38
15	property	1:21:00::	1	noun.possession	2	0	0	0	2	39
3	property	1:21:00::	1	noun.possession	2	0	0	0	2	40
1	property	1:21:00::	1	noun.possession	2	0	0	0	2	41
27	property	1:21:00::	1	noun.possession	2	0	0	0	2	42
13	property	1:21:00::	1	noun.possession	2	0	0	0	2	43
29	properties	1:21:00::	1	noun.possession	2	0	0	0	2	44
29	property	1:21:00::	1	noun.possession	2	0	0	0	0	45
7	property	1:21:00::	1	noun.possession	2	0	0	0	0	46
7	property	1:21:00::	1	noun.possession	2	0	0	0	0	47
14	property	1:21:00::	1	noun.possession	2	0	0	0	0	48
32	property	1:21:00::	1	noun.possession	2	0	0	0	0	49
