position	word	lexsn	wnsn	supersense	X25	X3	X5	X10	X20	index
25	roads	1:06:00::	1	noun.artifact	1	1	1	1	1	0
6	road	1:06:00::	1	noun.artifact	1	1	1	1	1	1
1	roads	1:06:00::	1	noun.artifact	1	1	1	1	1	2
21	roads	1:06:00::	1	noun.artifact	1	0	1	1	1	3
26	road	1:06:00::	1	noun.artifact	1	0	1	1	1	4
1	road	1:06:00::	1	noun.artifact	1	0	0	1	1	5
8	roads	1:06:00::	1	noun.artifact	1	0	0	1	1	6
28	road	1:06:00::	1	noun.artifact	1	0	0	1	1	7
7	road	1:06:00::	1	noun.artifact	1	0	0	1	1	8
16	road	1:06:00::	1	noun.artifact	1	0	0	1	1	9
11	road	1:06:00::	1	noun.artifact	1	0	0	0	1	10
34	road	1:06:00::	1	noun.artifact	1	0	0	0	1	11
8	road	1:06:00::	1	noun.artifact	1	0	0	0	1	12
40	road	1:06:00::	1	noun.artifact	1	0	0	0	1	13
14	road	1:06:00::	1	noun.artifact	1	0	0	0	1	14
5	road	1:06:00::	1	noun.artifact	1	0	0	0	1	15
15	road	1:06:00::	1	noun.artifact	1	0	0	0	1	16
25	road	1:06:00::	1	noun.artifact	1	0	0	0	1	17
26	road	1:06:00::	1	noun.artifact	1	0	0	0	1	18
18	road	1:06:00::	1	noun.artifact	1	0	0	0	1	19
27	roads	1:06:00::	1	noun.artifact	1	0	0	0	0	20
5	road	1:06:00::	1	noun.artifact	1	0	0	0	0	21
18	roads	1:06:00::	1	noun.artifact	1	0	0	0	0	22
17	road	1:06:00::	1	noun.artifact	1	0	0	0	0	23
23	roads	1:06:00::	1	noun.artifact	1	0	0	0	0	24
4	road	1:06:00::	1	noun.artifact	2	2	2	2	2	25
7	road	1:06:00::	1	noun.artifact	2	2	2	2	2	26
5	road	1:06:00::	1	noun.artifact	2	2	2	2	2	27
16	road	1:06:00::	1	noun.artifact	2	0	2	2	2	28
10	roads	1:06:00::	1	noun.artifact	2	0	2	2	2	29
5	road	1:06:00::	1	noun.artifact	2	0	0	2	2	30
10	road	1:06:00::	1	noun.artifact	2	0	0	2	2	31
14	road	1:06:00::	1	noun.artifact	2	0	0	2	2	32
10	road	1:06:00::	1	noun.artifact	2	0	0	2	2	33
18	road	1:06:00::	1	noun.artifact	2	0	0	2	2	34
37	road	1:06:00::	1	noun.artifact	2	0	0	0	2	35
25	road	1:06:00::	1	noun.artifact	2	0	0	0	2	36
15	road	1:06:00::	1	noun.artifact	2	0	0	0	2	37
4	road	1:06:00::	1	noun.artifact	2	0	0	0	2	38
12	roads	1:06:00::	1	noun.artifact	2	0	0	0	2	39
10	road	1:06:00::	1	noun.artifact	2	0	0	0	2	40
12	road	1:06:00::	1	noun.artifact	2	0	0	0	2	41
13	road	1:06:00::	1	noun.artifact	2	0	0	0	2	42
12	road	1:06:00::	1	noun.artifact	2	0	0	0	2	43
58	road	1:06:00::	1	noun.artifact	2	0	0	0	2	44
16	road	1:06:00::	1	noun.artifact	2	0	0	0	0	45
3	roads	1:06:00::	1	noun.artifact	2	0	0	0	0	46
2	road	1:04:00::	2	noun.act	2	0	0	0	0	47
36	road	1:06:00::	1	noun.artifact	2	0	0	0	0	48
18	road	1:06:00::	1	noun.artifact	2	0	0	0	0	49
