position	word	lexsn	wnsn	supersense	X25	X3	X5	X10	X20	index
7	place	2:35:00::	1	verb.contact	1	1	1	1	1	0
0	Place	2:35:00::	1	verb.contact	1	1	1	1	1	1
7	placed	2:35:00::	1	verb.contact	1	1	1	1	1	2
7	placed	2:32:01::	5	verb.communication	1	0	1	1	1	3
19	placed	2:35:00::	1	verb.contact	1	0	1	1	1	4
7	places	2:33:03::	7	verb.competition	1	0	0	1	1	5
17	placed	2:35:00::	1	verb.contact	1	0	0	1	1	6
6	place	2:35:00::	1	verb.contact	1	0	0	1	1	7
5	placed	2:35:00::	1	verb.contact	1	0	0	1	1	8
0	Place	2:35:00::	1	verb.contact	1	0	0	1	1	9
18	placed	2:35:00::	1	verb.contact	1	0	0	0	1	10
4	places	2:32:01::	5	verb.communication	1	0	0	0	1	11
3	placed	2:35:00::	1	verb.contact	1	0	0	0	1	12
3	placed	2:35:00::	1	verb.contact	1	0	0	0	1	13
22	placed	2:35:00::	1	verb.contact	1	0	0	0	1	14
5	place	2:35:00::	1	verb.contact	1	0	0	0	1	15
0	Place	2:35:00::	1	verb.contact	1	0	0	0	1	16
7	placing	2:35:00::	1	verb.contact	1	0	0	0	1	17
19	placed	2:35:00::	1	verb.contact	1	0	0	0	1	18
19	place	2:35:00::	1	verb.contact	1	0	0	0	1	19
3	placed	2:35:00::	1	verb.contact	1	0	0	0	0	20
4	placed	2:35:00::	1	verb.contact	1	0	0	0	0	21
18	placed	2:35:00::	1	verb.contact	1	0	0	0	0	22
1	placed	2:35:00::	1	verb.contact	1	0	0	0	0	23
1	place	2:35:00::	1	verb.contact	1	0	0	0	0	24
12	place	2:41:01::	2	verb.social	2	2	2	2	2	25
15	place	2:31:01::	3	verb.cognition	2	2	2	2	2	26
10	placed	2:41:01::	2	verb.social	2	2	2	2	2	27
1	place	2:31:01::	3	verb.cognition	2	0	2	2	2	28
20	placed	2:41:01::	2	verb.social	2	0	2	2	2	29
20	placing	2:41:01::	2	verb.social	2	0	0	2	2	30
21	placed	2:41:01::	2	verb.social	2	0	0	2	2	31
7	placing	2:31:01::	3	verb.cognition	2	0	0	2	2	32
6	placed	2:31:01::	3	verb.cognition	2	0	0	2	2	33
1	places	2:31:01::	3	verb.cognition	2	0	0	2	2	34
18	place	2:31:01::	3	verb.cognition	2	0	0	0	2	35
3	placing	2:41:01::	2	verb.social	2	0	0	0	2	36
6	placed	2:40:00::	4	verb.possession	2	0	0	0	2	37
37	place	2:41:01::	2	verb.social	2	0	0	0	2	38
14	place	2:31:00::	8	verb.cognition	2	0	0	0	2	39
13	place	2:41:01::	2	verb.social	2	0	0	0	2	40
8	placed	2:31:00::	8	verb.cognition	2	0	0	0	2	41
5	placing	2:40:00::	4	verb.possession	2	0	0	0	2	42
7	place	2:40:00::	4	verb.possession	2	0	0	0	2	43
17	placed	2:31:01::	3	verb.cognition	2	0	0	0	2	44
10	placed	2:41:01::	2	verb.social	2	0	0	0	0	45
0	Placing	2:40:00::	4	verb.possession	2	0	0	0	0	46
6	placed	2:41:01::	2	verb.social	2	0	0	0	0	47
13	placed	2:41:01::	2	verb.social	2	0	0	0	0	48
1	placed	2:41:01::	2	verb.social	2	0	0	0	0	49
