position	word	lexsn	wnsn	supersense	X25	X3	X5	X10	X20	index
2	method	1:09:00::	1	noun.cognition	1	1	1	1	1	0
1	methods	1:09:00::	1	noun.cognition	1	1	1	1	1	1
9	methods	1:09:00::	1	noun.cognition	1	1	1	1	1	2
14	method	1:09:00::	1	noun.cognition	1	0	1	1	1	3
17	methods	1:09:00::	1	noun.cognition	1	0	1	1	1	4
4	method	1:09:00::	1	noun.cognition	1	0	0	1	1	5
1	methods	1:07:00::	0	noun.attribute	1	0	0	1	1	6
9	Method	1:09:00::	1	noun.cognition	1	0	0	1	1	7
5	methods	1:09:00::	1	noun.cognition	1	0	0	1	1	8
6	method	1:09:00::	1	noun.cognition	1	0	0	1	1	9
10	methods	1:09:00::	1	noun.cognition	1	0	0	0	1	10
1	method	1:09:00::	1	noun.cognition	1	0	0	0	1	11
17	methods	1:09:00::	1	noun.cognition	1	0	0	0	1	12
13	method	1:09:00::	1	noun.cognition	1	0	0	0	1	13
20	methods	1:09:00::	1	noun.cognition	1	0	0	0	1	14
2	method	1:09:00::	1	noun.cognition	1	0	0	0	1	15
30	methods	1:09:00::	1	noun.cognition	1	0	0	0	1	16
8	method	1:09:00::	1	noun.cognition	1	0	0	0	1	17
18	methods	1:09:00::	1	noun.cognition	1	0	0	0	1	18
23	methods	1:09:00::	1	noun.cognition	1	0	0	0	1	19
9	methods	1:09:00::	1	noun.cognition	1	0	0	0	0	20
9	methods	1:09:00::	1	noun.cognition	1	0	0	0	0	21
5	method	1:09:00::	1	noun.cognition	1	0	0	0	0	22
21	method	1:09:00::	1	noun.cognition	1	0	0	0	0	23
8	methods	1:09:00::	1	noun.cognition	1	0	0	0	0	24
8	methods	1:09:00::	1	noun.cognition	2	2	2	2	2	25
17	methods	1:09:00::	1	noun.cognition	2	2	2	2	2	26
13	method	1:09:00::	1	noun.cognition	2	2	2	2	2	27
22	method	1:09:00::	1	noun.cognition	2	0	2	2	2	28
3	method	1:09:00::	1	noun.cognition	2	0	2	2	2	29
26	methods	1:09:00::	1	noun.cognition	2	0	0	2	2	30
12	method	1:09:00::	1	noun.cognition	2	0	0	2	2	31
21	methods	1:09:00::	1	noun.cognition	2	0	0	2	2	32
18	methods	1:09:00::	1	noun.cognition	2	0	0	2	2	33
10	methods	1:09:00::	1	noun.cognition	2	0	0	2	2	34
6	methods	1:09:00::	1	noun.cognition	2	0	0	0	2	35
24	method	1:09:00::	1	noun.cognition	2	0	0	0	2	36
1	method	1:09:00::	1	noun.cognition	2	0	0	0	2	37
2	methods	1:09:00::	1	noun.cognition	2	0	0	0	2	38
6	method	1:09:00::	1	noun.cognition	2	0	0	0	2	39
13	method	1:09:00::	1	noun.cognition	2	0	0	0	2	40
23	method	1:09:00::	1	noun.cognition	2	0	0	0	2	41
54	methods	1:07:00::	0	noun.attribute	2	0	0	0	2	42
7	methods	1:09:00::	1	noun.cognition	2	0	0	0	2	43
7	method	1:09:00::	1	noun.cognition	2	0	0	0	2	44
34	methods	1:09:00::	1	noun.cognition	2	0	0	0	0	45
17	methods	1:09:00::	1	noun.cognition	2	0	0	0	0	46
15	methods	1:09:00::	1	noun.cognition	2	0	0	0	0	47
2	methods	1:09:00::	1	noun.cognition	2	0	0	0	0	48
12	method	1:09:00::	1	noun.cognition	2	0	0	0	0	49
