position	word	lexsn	wnsn	supersense	X25	X3	X5	X10	X20	index
13	represented	2:42:00::	7	verb.stative	1	1	1	1	1	0
21	representing	2:32:02::	2	verb.communication	1	1	1	1	1	1
4	represented	2:42:01::	6	verb.stative	1	1	1	1	1	2
26	represented	2:32:00::	5	verb.communication	1	0	1	1	1	3
38	representing	2:41:06::	8	verb.social	1	0	1	1	1	4
16	represented	2:32:00::	5	verb.communication	1	0	0	1	1	5
1	represents	2:32:02::	2	verb.communication	1	0	0	1	1	6
14	represents	2:32:02::	2	verb.communication	1	0	0	1	1	7
14	represents	2:32:02::	2	verb.communication	1	0	0	1	1	8
5	represents	2:42:01::	6	verb.stative	1	0	0	1	1	9
15	represents	2:42:00::	7	verb.stative	1	0	0	0	1	10
46	represent	2:32:02::	2	verb.communication	1	0	0	0	1	11
1	represents	2:32:02::	2	verb.communication	1	0	0	0	1	12
7	represents	2:32:02::	2	verb.communication	1	0	0	0	1	13
56	represented	2:32:00::	5	verb.communication	1	0	0	0	1	14
3	represented	2:32:02::	2	verb.communication	1	0	0	0	1	15
15	representing	2:32:02::	2	verb.communication	1	0	0	0	1	16
16	represent	2:32:02::	2	verb.communication	1	0	0	0	1	17
1	represented	2:32:02::	2	verb.communication	1	0	0	0	1	18
10	represent	2:42:00::	7	verb.stative	1	0	0	0	1	19
4	represented	2:42:01::	6	verb.stative	1	0	0	0	0	20
52	represent	2:32:02::	2	verb.communication	1	0	0	0	0	21
7	represents	2:32:02::	2	verb.communication	1	0	0	0	0	22
23	representing	2:32:00::	5	verb.communication	1	0	0	0	0	23
4	represent	2:42:01::	6	verb.stative	1	0	0	0	0	24
5	representing	2:41:02::	3	verb.social	2	2	2	2	2	25
3	represents	2:42:02::	1	verb.stative	2	2	2	2	2	26
0	Representing	2:42:02::	1	verb.stative	2	2	2	2	2	27
21	represented	2:42:02::	1	verb.stative	2	0	2	2	2	28
19	represents	2:42:02::	1	verb.stative	2	0	2	2	2	29
25	represents	2:42:02::	1	verb.stative	2	0	0	2	2	30
4	represent	2:42:02::	1	verb.stative	2	0	0	2	2	31
47	represented	2:41:02::	3	verb.social	2	0	0	2	2	32
7	represented	2:42:02::	1	verb.stative	2	0	0	2	2	33
5	represent	2:42:02::	1	verb.stative	2	0	0	2	2	34
19	represent	2:42:02::	1	verb.stative	2	0	0	0	2	35
32	represents	2:41:00::	4	verb.social	2	0	0	0	2	36
39	represented	2:36:01::	9	verb.creation	2	0	0	0	2	37
28	represented	2:42:02::	1	verb.stative	2	0	0	0	2	38
16	represent	2:41:00::	4	verb.social	2	0	0	0	2	39
29	represented	2:42:02::	1	verb.stative	2	0	0	0	2	40
28	represent	2:42:02::	1	verb.stative	2	0	0	0	2	41
7	represented	2:42:02::	1	verb.stative	2	0	0	0	2	42
21	representing	2:41:00::	4	verb.social	2	0	0	0	2	43
2	representing	2:41:00::	4	verb.social	2	0	0	0	2	44
11	representing	2:36:01::	9	verb.creation	2	0	0	0	0	45
8	represented	2:41:02::	3	verb.social	2	0	0	0	0	46
43	represents	2:42:02::	1	verb.stative	2	0	0	0	0	47
16	represented	2:41:02::	3	verb.social	2	0	0	0	0	48
27	represented	2:41:02::	3	verb.social	2	0	0	0	0	49
