position	word	lexsn	wnsn	supersense	X25	X3	X5	X10	X20	index
2	obtained	2:40:00::	1	verb.possession	1	1	1	1	1	0
11	obtained	2:40:00::	1	verb.possession	1	1	1	1	1	1
23	obtained	2:40:00::	1	verb.possession	1	1	1	1	1	2
14	obtained	2:40:00::	1	verb.possession	1	0	1	1	1	3
91	obtained	2:40:00::	1	verb.possession	1	0	1	1	1	4
9	obtained	2:40:00::	1	verb.possession	1	0	0	1	1	5
10	obtaining	2:40:00::	1	verb.possession	1	0	0	1	1	6
9	obtain	2:40:00::	1	verb.possession	1	0	0	1	1	7
9	obtain	2:40:00::	1	verb.possession	1	0	0	1	1	8
15	obtained	2:40:00::	1	verb.possession	1	0	0	1	1	9
10	obtain	2:40:00::	1	verb.possession	1	0	0	0	1	10
18	obtained	2:40:00::	1	verb.possession	1	0	0	0	1	11
37	obtained	2:40:00::	1	verb.possession	1	0	0	0	1	12
20	obtained	2:30:00::	2	verb.change	1	0	0	0	1	13
20	obtained	2:30:00::	2	verb.change	1	0	0	0	1	14
16	obtained	2:40:00::	1	verb.possession	1	0	0	0	1	15
21	obtained	2:40:00::	1	verb.possession	1	0	0	0	1	16
5	obtained	2:40:00::	1	verb.possession	1	0	0	0	1	17
4	obtained	2:40:00::	1	verb.possession	1	0	0	0	1	18
10	obtained	2:40:00::	1	verb.possession	1	0	0	0	1	19
28	obtained	2:40:00::	1	verb.possession	1	0	0	0	0	20
10	obtain	2:40:00::	1	verb.possession	1	0	0	0	0	21
32	obtain	2:40:00::	1	verb.possession	1	0	0	0	0	22
17	obtaining	2:40:00::	1	verb.possession	1	0	0	0	0	23
34	obtained	2:40:00::	1	verb.possession	1	0	0	0	0	24
10	obtained	2:30:00::	2	verb.change	2	2	2	2	2	25
12	obtained	2:30:00::	2	verb.change	2	2	2	2	2	26
3	obtained	2:40:00::	1	verb.possession	2	2	2	2	2	27
2	obtained	2:40:00::	1	verb.possession	2	0	2	2	2	28
1	obtain	2:40:00::	1	verb.possession	2	0	2	2	2	29
33	obtain	2:40:00::	1	verb.possession	2	0	0	2	2	30
7	obtained	2:40:00::	1	verb.possession	2	0	0	2	2	31
7	obtaining	2:40:00::	1	verb.possession	2	0	0	2	2	32
3	obtained	2:40:00::	1	verb.possession	2	0	0	2	2	33
16	obtained	2:40:00::	1	verb.possession	2	0	0	2	2	34
27	obtain	2:40:00::	1	verb.possession	2	0	0	0	2	35
2	obtained	2:40:00::	1	verb.possession	2	0	0	0	2	36
21	obtain	2:40:00::	1	verb.possession	2	0	0	0	2	37
6	obtained	2:40:00::	1	verb.possession	2	0	0	0	2	38
78	obtain	2:40:00::	1	verb.possession	2	0	0	0	2	39
4	obtain	2:40:00::	1	verb.possession	2	0	0	0	2	40
22	obtain	2:40:00::	1	verb.possession	2	0	0	0	2	41
10	obtained	2:40:00::	1	verb.possession	2	0	0	0	2	42
6	obtained	2:30:00::	2	verb.change	2	0	0	0	2	43
16	obtained	2:40:00::	1	verb.possession	2	0	0	0	2	44
5	obtain	2:40:00::	1	verb.possession	2	0	0	0	0	45
46	obtain	2:40:00::	1	verb.possession	2	0	0	0	0	46
3	obtained	2:40:00::	1	verb.possession	2	0	0	0	0	47
3	obtained	2:40:00::	1	verb.possession	2	0	0	0	0	48
8	obtained	2:30:00::	2	verb.change	2	0	0	0	0	49
