position	word	lexsn	wnsn	supersense	X25	X3	X5	X10	X20	index
9	political	3:00:00::	1	adj.all	1	1	1	1	1	0
2	political	3:01:01::	2	adj.pert	1	1	1	1	1	1
23	political	3:00:00::	1	adj.all	1	1	1	1	1	2
32	political	3:00:00::	1	adj.all	1	0	1	1	1	3
14	political	3:00:00::	1	adj.all	1	0	1	1	1	4
18	political	3:00:00::	1	adj.all	1	0	0	1	1	5
20	political	3:00:00::	1	adj.all	1	0	0	1	1	6
26	political	3:01:01::	2	adj.pert	1	0	0	1	1	7
6	political	3:00:00::	1	adj.all	1	0	0	1	1	8
24	political	3:01:02::	3	adj.pert	1	0	0	1	1	9
1	political	3:01:02::	3	adj.pert	1	0	0	0	1	10
25	political	3:01:02::	3	adj.pert	1	0	0	0	1	11
6	political	3:01:01::	2	adj.pert	1	0	0	0	1	12
0	Political	3:00:00::	1	adj.all	1	0	0	0	1	13
34	political	3:01:01::	2	adj.pert	1	0	0	0	1	14
25	political	3:01:01::	2	adj.pert	1	0	0	0	1	15
9	political	3:01:01::	2	adj.pert	1	0	0	0	1	16
24	political	3:00:00::	1	adj.all	1	0	0	0	1	17
25	political	3:00:00::	1	adj.all	1	0	0	0	1	18
14	political	3:00:00::	1	adj.all	1	0	0	0	1	19
5	political	3:00:00::	1	adj.all	1	0	0	0	0	20
13	political	3:01:01::	2	adj.pert	1	0	0	0	0	21
3	political	3:00:00::	1	adj.all	1	0	0	0	0	22
16	political	3:01:01::	2	adj.pert	1	0	0	0	0	23
16	political	3:00:00::	1	adj.all	1	0	0	0	0	24
9	political	3:00:00::	1	adj.all	2	2	2	2	2	25
23	political	3:00:00::	1	adj.all	2	2	2	2	2	26
7	political	3:01:01::	2	adj.pert	2	2	2	2	2	27
17	political	3:00:00::	1	adj.all	2	0	2	2	2	28
12	political	3:00:00::	1	adj.all	2	0	2	2	2	29
7	political	3:00:00::	1	adj.all	2	0	0	2	2	30
41	political	3:00:00::	1	adj.all	2	0	0	2	2	31
14	political	3:00:00::	1	adj.all	2	0	0	2	2	32
4	political	3:00:00::	1	adj.all	2	0	0	2	2	33
29	political	3:00:00::	1	adj.all	2	0	0	2	2	34
15	political	3:00:00::	1	adj.all	2	0	0	0	2	35
1	political	3:01:01::	2	adj.pert	2	0	0	0	2	36
22	political	3:00:00::	1	adj.all	2	0	0	0	2	37
21	political	3:00:00::	1	adj.all	2	0	0	0	2	38
12	political	3:01:02::	3	adj.pert	2	0	0	0	2	39
3	political	3:00:00::	1	adj.all	2	0	0	0	2	40
7	political	3:00:00::	1	adj.all	2	0	0	0	2	41
29	political	3:00:00::	1	adj.all	2	0	0	0	2	42
6	political	3:00:00::	1	adj.all	2	0	0	0	2	43
16	political	3:00:00::	1	adj.all	2	0	0	0	2	44
36	political	3:00:00::	1	adj.all	2	0	0	0	0	45
9	political	3:01:01::	2	adj.pert	2	0	0	0	0	46
2	political	3:00:00::	1	adj.all	2	0	0	0	0	47
30	political	3:01:02::	3	adj.pert	2	0	0	0	0	48
23	political	3:00:00::	1	adj.all	2	0	0	0	0	49
