position	word	lexsn	wnsn	supersense	X25	X3	X5	X10	X20	index
5	missed	2:38:00::	5	verb.motion	1	1	1	1	1	0
9	miss	2:37:00::	2	verb.emotion	1	1	1	1	1	1
3	miss	2:38:00::	5	verb.motion	1	1	1	1	1	2
12	miss	2:38:00::	5	verb.motion	1	0	1	1	1	3
9	missed	2:42:00::	6	verb.stative	1	0	1	1	1	4
10	missing	2:42:00::	6	verb.stative	1	0	0	1	1	5
19	missed	2:42:00::	6	verb.stative	1	0	0	1	1	6
6	missed	2:37:00::	2	verb.emotion	1	0	0	1	1	7
12	missed	2:37:00::	2	verb.emotion	1	0	0	1	1	8
4	missed	2:37:00::	2	verb.emotion	1	0	0	1	1	9
4	missed	2:37:00::	2	verb.emotion	1	0	0	0	1	10
9	missed	2:42:00::	6	verb.stative	1	0	0	0	1	11
19	misses	2:37:00::	2	verb.emotion	1	0	0	0	1	12
5	missed	2:38:00::	5	verb.motion	1	0	0	0	1	13
6	miss	2:37:00::	2	verb.emotion	1	0	0	0	1	14
4	missed	2:37:00::	2	verb.emotion	1	0	0	0	1	15
8	missed	2:37:00::	2	verb.emotion	1	0	0	0	1	16
14	missed	2:35:00::	7	verb.contact	1	0	0	0	1	17
3	missed	2:35:00::	7	verb.contact	1	0	0	0	1	18
4	miss	2:37:00::	2	verb.emotion	1	0	0	0	1	19
10	missed	2:37:00::	2	verb.emotion	1	0	0	0	0	20
4	miss	2:37:00::	2	verb.emotion	1	0	0	0	0	21
9	missed	2:38:00::	5	verb.motion	1	0	0	0	0	22
31	missing	2:35:00::	7	verb.contact	1	0	0	0	0	23
24	missed	2:35:00::	7	verb.contact	1	0	0	0	0	24
20	miss	2:39:00::	1	verb.perception	2	2	2	2	2	25
31	missed	2:31:00::	4	verb.cognition	2	2	2	2	2	26
6	missing	2:33:00::	0	verb.competition	2	2	2	2	2	27
10	miss	2:42:01::	3	verb.stative	2	0	2	2	2	28
25	miss	2:39:00::	1	verb.perception	2	0	2	2	2	29
6	miss	2:39:00::	1	verb.perception	2	0	0	2	2	30
10	missed	2:42:01::	3	verb.stative	2	0	0	2	2	31
31	miss	2:39:00::	1	verb.perception	2	0	0	2	2	32
2	missed	2:42:01::	3	verb.stative	2	0	0	2	2	33
3	miss	2:31:00::	4	verb.cognition	2	0	0	2	2	34
5	missing	2:31:00::	4	verb.cognition	2	0	0	0	2	35
7	missed	2:31:00::	4	verb.cognition	2	0	0	0	2	36
4	miss	2:33:00::	0	verb.competition	2	0	0	0	2	37
8	missed	2:39:00::	1	verb.perception	2	0	0	0	2	38
18	missed	2:31:00::	4	verb.cognition	2	0	0	0	2	39
10	missing	2:42:01::	3	verb.stative	2	0	0	0	2	40
10	miss	2:42:01::	3	verb.stative	2	0	0	0	2	41
1	missed	2:39:00::	1	verb.perception	2	0	0	0	2	42
4	missed	2:42:01::	3	verb.stative	2	0	0	0	2	43
4	missing	2:39:00::	1	verb.perception	2	0	0	0	2	44
2	miss	2:39:00::	1	verb.perception	2	0	0	0	0	45
6	missed	2:39:00::	1	verb.perception	2	0	0	0	0	46
14	missing	2:42:02::	8	verb.stative	2	0	0	0	0	47
14	missed	2:39:00::	1	verb.perception	2	0	0	0	0	48
5	missing	2:33:00::	0	verb.competition	2	0	0	0	0	49
