position	word	lexsn	wnsn	supersense	X25	X3	X5	X10	X20	index
3	works	2:41:00::	2	verb.social	1	1	1	1	1	0
1	working	2:41:00::	2	verb.social	1	1	1	1	1	1
5	work	2:41:00::	2	verb.social	1	1	1	1	1	2
34	work	2:41:03::	3	verb.social	1	0	1	1	1	3
7	work	2:41:00::	2	verb.social	1	0	1	1	1	4
1	work	2:41:00::	2	verb.social	1	0	0	1	1	5
2	working	2:36:00::	5	verb.creation	1	0	0	1	1	6
1	works	2:41:03::	3	verb.social	1	0	0	1	1	7
1	work	2:41:00::	2	verb.social	1	0	0	1	1	8
9	work	2:41:03::	3	verb.social	1	0	0	1	1	9
36	work	2:41:00::	2	verb.social	1	0	0	0	1	10
53	worked	2:36:00::	5	verb.creation	1	0	0	0	1	11
2	work	2:41:03::	3	verb.social	1	0	0	0	1	12
7	work	2:29:00::	6	verb.body	1	0	0	0	1	13
3	worked	2:41:03::	3	verb.social	1	0	0	0	1	14
14	works	2:41:03::	3	verb.social	1	0	0	0	1	15
5	working	2:41:03::	3	verb.social	1	0	0	0	1	16
3	work	2:30:00::	0	verb.change	1	0	0	0	1	17
1	work	2:41:00::	2	verb.social	1	0	0	0	1	18
11	working	2:41:00::	2	verb.social	1	0	0	0	1	19
7	work	2:41:03::	3	verb.social	1	0	0	0	0	20
3	worked	2:29:00::	6	verb.body	1	0	0	0	0	21
5	worked	2:29:00::	6	verb.body	1	0	0	0	0	22
3	works	2:41:00::	2	verb.social	1	0	0	0	0	23
18	working	2:30:00::	0	verb.change	1	0	0	0	0	24
3	work	2:41:02::	1	verb.social	2	2	2	2	2	25
7	worked	2:41:04::	8	verb.social	2	2	2	2	2	26
14	work	2:41:02::	1	verb.social	2	2	2	2	2	27
18	working	2:35:02::	4	verb.contact	2	0	2	2	2	28
1	working	2:41:02::	1	verb.social	2	0	2	2	2	29
18	work	2:35:02::	4	verb.contact	2	0	0	2	2	30
5	work	2:35:02::	4	verb.contact	2	0	0	2	2	31
24	working	2:41:02::	1	verb.social	2	0	0	2	2	32
20	working	2:41:06::	0	verb.social	2	0	0	2	2	33
12	work	2:35:02::	4	verb.contact	2	0	0	2	2	34
3	working	2:41:02::	1	verb.social	2	0	0	0	2	35
2	worked	2:41:04::	8	verb.social	2	0	0	0	2	36
38	work	2:41:02::	1	verb.social	2	0	0	0	2	37
9	working	2:41:06::	0	verb.social	2	0	0	0	2	38
5	works	2:35:02::	4	verb.contact	2	0	0	0	2	39
9	working	2:41:02::	1	verb.social	2	0	0	0	2	40
17	working	2:41:02::	1	verb.social	2	0	0	0	2	41
6	work	2:38:00::	7	verb.motion	2	0	0	0	2	42
3	work	2:41:02::	1	verb.social	2	0	0	0	2	43
3	work	2:41:02::	1	verb.social	2	0	0	0	2	44
12	working	2:41:02::	1	verb.social	2	0	0	0	0	45
7	worked	2:41:06::	0	verb.social	2	0	0	0	0	46
27	working	2:41:06::	0	verb.social	2	0	0	0	0	47
21	working	2:41:02::	1	verb.social	2	0	0	0	0	48
11	work	2:41:02::	1	verb.social	2	0	0	0	0	49
