position	word	lexsn	wnsn	supersense	X25	X3	X5	X10	X20	index
38	study	2:31:03::	2	verb.cognition	1	1	1	1	1	0
8	studying	2:31:00::	4	verb.cognition	1	1	1	1	1	1
7	studied	2:31:02::	1	verb.cognition	1	1	1	1	1	2
60	studying	2:31:02::	1	verb.cognition	1	0	1	1	1	3
9	studied	2:31:02::	1	verb.cognition	1	0	1	1	1	4
0	study	2:31:02::	1	verb.cognition	1	0	0	1	1	5
4	studying	2:31:02::	1	verb.cognition	1	0	0	1	1	6
5	studied	2:31:03::	2	verb.cognition	1	0	0	1	1	7
47	studying	2:31:03::	2	verb.cognition	1	0	0	1	1	8
26	studied	2:31:03::	2	verb.cognition	1	0	0	1	1	9
4	study	2:31:00::	4	verb.cognition	1	0	0	0	1	10
3	study	2:31:02::	1	verb.cognition	1	0	0	0	1	11
11	studied	2:31:02::	1	verb.cognition	1	0	0	0	1	12
14	studying	2:31:02::	1	verb.cognition	1	0	0	0	1	13
10	study	2:31:02::	1	verb.cognition	1	0	0	0	1	14
7	studied	2:31:02::	1	verb.cognition	1	0	0	0	1	15
1	studied	2:39:00::	3	verb.perception	1	0	0	0	1	16
8	studied	2:31:02::	1	verb.cognition	1	0	0	0	1	17
9	study	2:39:00::	3	verb.perception	1	0	0	0	1	18
14	studied	2:31:02::	1	verb.cognition	1	0	0	0	1	19
23	studied	2:31:02::	1	verb.cognition	1	0	0	0	0	20
1	studying	2:31:02::	1	verb.cognition	1	0	0	0	0	21
37	study	2:31:03::	2	verb.cognition	1	0	0	0	0	22
1	studying	2:39:00::	3	verb.perception	1	0	0	0	0	23
30	study	2:31:02::	1	verb.cognition	1	0	0	0	0	24
4	study	2:31:02::	1	verb.cognition	2	2	2	2	2	25
1	studied	2:39:00::	3	verb.perception	2	2	2	2	2	26
5	studied	2:31:03::	2	verb.cognition	2	2	2	2	2	27
11	studied	2:31:02::	1	verb.cognition	2	0	2	2	2	28
17	studied	2:31:00::	4	verb.cognition	2	0	2	2	2	29
2	studied	2:31:02::	1	verb.cognition	2	0	0	2	2	30
31	studying	2:31:02::	1	verb.cognition	2	0	0	2	2	31
7	studied	2:39:00::	3	verb.perception	2	0	0	2	2	32
3	studied	2:31:02::	1	verb.cognition	2	0	0	2	2	33
5	study	2:31:02::	1	verb.cognition	2	0	0	2	2	34
13	study	2:31:02::	1	verb.cognition	2	0	0	0	2	35
4	studied	2:31:03::	2	verb.cognition	2	0	0	0	2	36
16	studied	2:31:03::	2	verb.cognition	2	0	0	0	2	37
8	study	2:31:02::	1	verb.cognition	2	0	0	0	2	38
25	studied	2:31:03::	2	verb.cognition	2	0	0	0	2	39
4	studied	2:31:02::	1	verb.cognition	2	0	0	0	2	40
3	studied	2:31:02::	1	verb.cognition	2	0	0	0	2	41
3	studied	2:31:02::	1	verb.cognition	2	0	0	0	2	42
12	studying	2:31:02::	1	verb.cognition	2	0	0	0	2	43
7	study	2:31:03::	2	verb.cognition	2	0	0	0	2	44
22	studied	2:39:00::	3	verb.perception	2	0	0	0	0	45
3	studying	2:31:02::	1	verb.cognition	2	0	0	0	0	46
45	studying	2:31:01::	5	verb.cognition	2	0	0	0	0	47
4	studied	2:31:02::	1	verb.cognition	2	0	0	0	0	48
10	study	2:31:01::	5	verb.cognition	2	0	0	0	0	49
