position	word	lexsn	wnsn	supersense	X25	X3	X5	X10	X20	index
1	purpose	1:09:00::	1	noun.cognition	1	1	1	1	1	0
35	purpose	1:09:00::	1	noun.cognition	1	1	1	1	1	1
10	purpose	1:07:00::	2	noun.attribute	1	1	1	1	1	2
1	purpose	1:09:00::	1	noun.cognition	1	0	1	1	1	3
31	purpose	1:09:00::	1	noun.cognition	1	0	1	1	1	4
1	purpose	1:09:00::	1	noun.cognition	1	0	0	1	1	5
2	purposes	1:09:00::	1	noun.cognition	1	0	0	1	1	6
3	purpose	1:09:00::	1	noun.cognition	1	0	0	1	1	7
9	purposes	1:07:00::	2	noun.attribute	1	0	0	1	1	8
52	purposes	1:09:00::	1	noun.cognition	1	0	0	1	1	9
8	purpose	1:09:00::	1	noun.cognition	1	0	0	0	1	10
11	purposes	1:09:00::	1	noun.cognition	1	0	0	0	1	11
10	purposes	1:09:00::	1	noun.cognition	1	0	0	0	1	12
13	purposes	1:09:00::	1	noun.cognition	1	0	0	0	1	13
35	purposes	1:09:00::	1	noun.cognition	1	0	0	0	1	14
14	purpose	1:07:00::	2	noun.attribute	1	0	0	0	1	15
21	purpose	1:09:00::	1	noun.cognition	1	0	0	0	1	16
1	purpose	1:09:00::	1	noun.cognition	1	0	0	0	1	17
7	purposes	1:09:00::	1	noun.cognition	1	0	0	0	1	18
13	purpose	1:09:00::	1	noun.cognition	1	0	0	0	1	19
28	purposes	1:07:00::	2	noun.attribute	1	0	0	0	0	20
18	purposes	1:09:00::	1	noun.cognition	1	0	0	0	0	21
24	purpose	1:09:00::	1	noun.cognition	1	0	0	0	0	22
69	purposes	1:09:00::	1	noun.cognition	1	0	0	0	0	23
23	purposes	1:09:00::	1	noun.cognition	1	0	0	0	0	24
51	purposes	1:09:00::	1	noun.cognition	2	2	2	2	2	25
37	purposes	1:09:00::	1	noun.cognition	2	2	2	2	2	26
11	purpose	1:07:00::	2	noun.attribute	2	2	2	2	2	27
31	purpose	1:09:00::	1	noun.cognition	2	0	2	2	2	28
17	purpose	1:09:00::	1	noun.cognition	2	0	2	2	2	29
4	purposes	1:07:00::	2	noun.attribute	2	0	0	2	2	30
4	purpose	1:07:00::	2	noun.attribute	2	0	0	2	2	31
34	purposes	1:07:00::	2	noun.attribute	2	0	0	2	2	32
22	purpose	1:09:00::	1	noun.cognition	2	0	0	2	2	33
7	purpose	1:09:00::	1	noun.cognition	2	0	0	2	2	34
1	purposes	1:09:00::	1	noun.cognition	2	0	0	0	2	35
14	purpose	1:09:00::	1	noun.cognition	2	0	0	0	2	36
3	purpose	1:07:00::	2	noun.attribute	2	0	0	0	2	37
44	purpose	1:09:00::	1	noun.cognition	2	0	0	0	2	38
9	purpose	1:07:00::	2	noun.attribute	2	0	0	0	2	39
30	purposes	1:09:00::	1	noun.cognition	2	0	0	0	2	40
1	purposes	1:09:00::	1	noun.cognition	2	0	0	0	2	41
14	purposes	1:07:00::	2	noun.attribute	2	0	0	0	2	42
5	purposes	1:07:00::	2	noun.attribute	2	0	0	0	2	43
4	purpose	1:09:00::	1	noun.cognition	2	0	0	0	2	44
22	purpose	1:09:00::	1	noun.cognition	2	0	0	0	0	45
1	purpose	1:09:00::	1	noun.cognition	2	0	0	0	0	46
58	purpose	1:09:00::	1	noun.cognition	2	0	0	0	0	47
1	purpose	1:09:00::	1	noun.cognition	2	0	0	0	0	48
6	purposes	1:07:00::	2	noun.attribute	2	0	0	0	0	49
