position	word	lexsn	wnsn	supersense	X25	X3	X5	X10	X20	index
1	idea	1:09:00::	1	noun.cognition	1	1	1	1	1	0
11	ideas	1:09:00::	1	noun.cognition	1	1	1	1	1	1
3	idea	1:09:01::	2	noun.cognition	1	1	1	1	1	2
7	ideas	1:09:00::	1	noun.cognition	1	0	1	1	1	3
1	idea	1:09:00::	1	noun.cognition	1	0	1	1	1	4
20	idea	1:09:00::	1	noun.cognition	1	0	0	1	1	5
32	idea	1:09:00::	1	noun.cognition	1	0	0	1	1	6
23	ideas	1:09:00::	1	noun.cognition	1	0	0	1	1	7
44	ideas	1:09:00::	1	noun.cognition	1	0	0	1	1	8
19	ideas	1:09:00::	1	noun.cognition	1	0	0	1	1	9
11	idea	1:09:00::	1	noun.cognition	1	0	0	0	1	10
2	ideas	1:09:00::	1	noun.cognition	1	0	0	0	1	11
10	ideas	1:09:00::	1	noun.cognition	1	0	0	0	1	12
1	idea	1:09:00::	1	noun.cognition	1	0	0	0	1	13
10	ideas	1:09:00::	1	noun.cognition	1	0	0	0	1	14
6	idea	1:09:00::	1	noun.cognition	1	0	0	0	1	15
38	idea	1:09:00::	1	noun.cognition	1	0	0	0	1	16
29	ideas	1:09:00::	1	noun.cognition	1	0	0	0	1	17
6	ideas	1:09:00::	1	noun.cognition	1	0	0	0	1	18
14	idea	1:09:00::	1	noun.cognition	1	0	0	0	1	19
4	idea	1:09:00::	1	noun.cognition	1	0	0	0	0	20
3	idea	1:09:00::	1	noun.cognition	1	0	0	0	0	21
4	ideas	1:09:00::	1	noun.cognition	1	0	0	0	0	22
13	idea	1:09:00::	1	noun.cognition	1	0	0	0	0	23
36	idea	1:09:00::	1	noun.cognition	1	0	0	0	0	24
1	ideas	1:09:00::	1	noun.cognition	2	2	2	2	2	25
16	idea	1:09:00::	1	noun.cognition	2	2	2	2	2	26
12	idea	1:09:00::	1	noun.cognition	2	2	2	2	2	27
17	ideas	1:09:00::	1	noun.cognition	2	0	2	2	2	28
12	ideas	1:09:00::	1	noun.cognition	2	0	2	2	2	29
10	idea	1:09:00::	1	noun.cognition	2	0	0	2	2	30
18	ideas	1:09:00::	1	noun.cognition	2	0	0	2	2	31
15	ideas	1:09:00::	1	noun.cognition	2	0	0	2	2	32
8	idea	1:09:00::	1	noun.cognition	2	0	0	2	2	33
5	idea	1:09:00::	1	noun.cognition	2	0	0	2	2	34
5	idea	1:09:02::	4	noun.cognition	2	0	0	0	2	35
13	ideas	1:09:00::	1	noun.cognition	2	0	0	0	2	36
7	idea	1:09:00::	1	noun.cognition	2	0	0	0	2	37
20	ideas	1:09:00::	1	noun.cognition	2	0	0	0	2	38
61	idea	1:09:00::	1	noun.cognition	2	0	0	0	2	39
10	ideas	1:09:00::	1	noun.cognition	2	0	0	0	2	40
1	idea	1:09:00::	1	noun.cognition	2	0	0	0	2	41
14	idea	1:09:00::	1	noun.cognition	2	0	0	0	2	42
28	ideas	1:09:00::	1	noun.cognition	2	0	0	0	2	43
7	ideas	1:09:00::	1	noun.cognition	2	0	0	0	2	44
20	ideas	1:09:00::	1	noun.cognition	2	0	0	0	0	45
16	ideas	1:09:00::	1	noun.cognition	2	0	0	0	0	46
9	ideas	1:09:00::	1	noun.cognition	2	0	0	0	0	47
7	ideas	1:09:00::	1	noun.cognition	2	0	0	0	0	48
14	ideas	1:09:00::	1	noun.cognition	2	0	0	0	0	49
