position	word	lexsn	wnsn	supersense	X25	X3	X5	X10	X20	index
26	strong	3:00:00::	1	adj.all	1	1	1	1	1	0
15	stronger	5:00:00:stressed:00	0	adj.all	1	1	1	1	1	1
5	strongest	3:00:00::	1	adj.all	1	1	1	1	1	2
11	strongest	3:00:00::	1	adj.all	1	0	1	1	1	3
24	strong	3:00:00::	1	adj.all	1	0	1	1	1	4
18	strong	3:00:00::	1	adj.all	1	0	0	1	1	5
23	strong	5:00:00:stressed:00	0	adj.all	1	0	0	1	1	6
27	strong	5:00:00:stressed:00	0	adj.all	1	0	0	1	1	7
28	stronger	3:00:00::	1	adj.all	1	0	0	1	1	8
0	Strong	5:00:00:stressed:00	0	adj.all	1	0	0	1	1	9
15	stronger	3:00:00::	1	adj.all	1	0	0	0	1	10
13	strong	3:00:00::	1	adj.all	1	0	0	0	1	11
12	strong	3:00:00::	1	adj.all	1	0	0	0	1	12
3	stronger	3:00:00::	1	adj.all	1	0	0	0	1	13
44	strong	3:00:00::	1	adj.all	1	0	0	0	1	14
9	strong	5:00:00:intense:00	2	adj.all	1	0	0	0	1	15
4	stronger	3:00:00::	1	adj.all	1	0	0	0	1	16
6	strong	3:00:00::	1	adj.all	1	0	0	0	1	17
25	strong	3:00:00::	1	adj.all	1	0	0	0	1	18
5	stronger	3:00:00::	1	adj.all	1	0	0	0	1	19
25	strong	3:00:00::	1	adj.all	1	0	0	0	0	20
10	strong	5:00:00:stressed:00	0	adj.all	1	0	0	0	0	21
7	strong	3:00:00::	1	adj.all	1	0	0	0	0	22
5	strong	3:00:00::	1	adj.all	1	0	0	0	0	23
4	strong	3:00:00::	1	adj.all	1	0	0	0	0	24
20	strong	3:00:00::	1	adj.all	2	2	2	2	2	25
17	strong	3:00:00::	1	adj.all	2	2	2	2	2	26
17	strong	3:00:00::	1	adj.all	2	2	2	2	2	27
28	stronger	5:00:00:powerful:00	3	adj.all	2	0	2	2	2	28
23	stronger	3:00:00::	1	adj.all	2	0	2	2	2	29
5	strong	5:00:00:intense:00	2	adj.all	2	0	0	2	2	30
28	stronger	5:00:00:stressed:00	0	adj.all	2	0	0	2	2	31
11	strong	5:00:00:intense:00	2	adj.all	2	0	0	2	2	32
27	stronger	3:00:00::	1	adj.all	2	0	0	2	2	33
10	strong	5:00:00:stressed:00	0	adj.all	2	0	0	2	2	34
18	stronger	5:00:00:intense:00	2	adj.all	2	0	0	0	2	35
1	strong	3:00:00::	1	adj.all	2	0	0	0	2	36
51	strong	3:00:00::	1	adj.all	2	0	0	0	2	37
13	strong	3:00:00::	1	adj.all	2	0	0	0	2	38
10	strong	3:00:00::	1	adj.all	2	0	0	0	2	39
10	stronger	5:00:00:intense:00	2	adj.all	2	0	0	0	2	40
1	strong	3:00:00::	1	adj.all	2	0	0	0	2	41
8	strong	3:00:00::	1	adj.all	2	0	0	0	2	42
29	stronger	5:00:00:stressed:00	0	adj.all	2	0	0	0	2	43
13	stronger	3:00:00::	1	adj.all	2	0	0	0	2	44
30	strong	3:00:00::	1	adj.all	2	0	0	0	0	45
5	strong	3:00:00::	1	adj.all	2	0	0	0	0	46
10	strong	3:00:00::	1	adj.all	2	0	0	0	0	47
3	strong	3:00:00::	1	adj.all	2	0	0	0	0	48
16	strong	5:00:00:stressed:00	0	adj.all	2	0	0	0	0	49
