position	word	lexsn	wnsn	supersense	X25	X3	X5	X10	X20	index
13	win	2:33:00::	1	verb.competition	1	1	1	1	1	0
1	winning	2:40:00::	2	verb.possession	1	1	1	1	1	1
1	won	2:33:00::	1	verb.competition	1	1	1	1	1	2
6	won	2:33:00::	1	verb.competition	1	0	1	1	1	3
10	won	2:40:00::	2	verb.possession	1	0	1	1	1	4
12	winning	2:33:00::	1	verb.competition	1	0	0	1	1	5
11	win	2:40:00::	2	verb.possession	1	0	0	1	1	6
15	win	2:33:00::	1	verb.competition	1	0	0	1	1	7
1	won	2:33:00::	1	verb.competition	1	0	0	1	1	8
14	win	2:40:00::	2	verb.possession	1	0	0	1	1	9
27	win	2:40:00::	2	verb.possession	1	0	0	0	1	10
25	won	2:33:00::	1	verb.competition	1	0	0	0	1	11
21	win	2:33:00::	1	verb.competition	1	0	0	0	1	12
11	win	2:33:00::	1	verb.competition	1	0	0	0	1	13
8	won	2:33:00::	1	verb.competition	1	0	0	0	1	14
2	won	2:40:00::	2	verb.possession	1	0	0	0	1	15
10	won	2:33:00::	1	verb.competition	1	0	0	0	1	16
2	won	2:33:00::	1	verb.competition	1	0	0	0	1	17
8	won	2:40:00::	2	verb.possession	1	0	0	0	1	18
22	winning	2:40:00::	2	verb.possession	1	0	0	0	1	19
7	winning	2:33:00::	1	verb.competition	1	0	0	0	0	20
21	won	2:33:00::	1	verb.competition	1	0	0	0	0	21
27	won	2:33:00::	1	verb.competition	1	0	0	0	0	22
5	winning	2:33:00::	1	verb.competition	1	0	0	0	0	23
8	win	2:40:00::	2	verb.possession	1	0	0	0	0	24
27	win	2:33:00::	1	verb.competition	2	2	2	2	2	25
5	won	2:33:00::	1	verb.competition	2	2	2	2	2	26
8	winning	2:33:00::	1	verb.competition	2	2	2	2	2	27
3	won	2:40:00::	2	verb.possession	2	0	2	2	2	28
16	winning	2:40:00::	2	verb.possession	2	0	2	2	2	29
3	won	2:40:00::	2	verb.possession	2	0	0	2	2	30
40	won	2:33:00::	1	verb.competition	2	0	0	2	2	31
8	won	2:33:00::	1	verb.competition	2	0	0	2	2	32
5	win	2:33:00::	1	verb.competition	2	0	0	2	2	33
16	winning	2:40:00::	2	verb.possession	2	0	0	2	2	34
3	won	2:33:00::	1	verb.competition	2	0	0	0	2	35
15	won	2:33:00::	1	verb.competition	2	0	0	0	2	36
7	win	2:40:00::	2	verb.possession	2	0	0	0	2	37
2	winning	2:33:00::	1	verb.competition	2	0	0	0	2	38
1	winning	2:33:00::	1	verb.competition	2	0	0	0	2	39
1	won	2:33:00::	1	verb.competition	2	0	0	0	2	40
9	won	2:33:00::	1	verb.competition	2	0	0	0	2	41
17	win	2:33:00::	1	verb.competition	2	0	0	0	2	42
32	won	2:40:00::	2	verb.possession	2	0	0	0	2	43
15	won	2:40:00::	2	verb.possession	2	0	0	0	2	44
4	won	2:33:00::	1	verb.competition	2	0	0	0	0	45
26	won	2:33:00::	1	verb.competition	2	0	0	0	0	46
1	win	2:40:00::	2	verb.possession	2	0	0	0	0	47
4	won	2:33:00::	1	verb.competition	2	0	0	0	0	48
8	wins	2:33:00::	1	verb.competition	2	0	0	0	0	49
