position	word	lexsn	wnsn	supersense	X25	X3	X5	X10	X20	index
10	similar	3:00:00::	1	adj.all	1	1	1	1	1	0
1	similar	3:00:00::	1	adj.all	1	1	1	1	1	1
9	similar	3:00:00::	1	adj.all	1	1	1	1	1	2
16	similar	3:00:00::	1	adj.all	1	0	1	1	1	3
4	similar	3:00:00::	1	adj.all	1	0	1	1	1	4
0	Similar	3:00:00::	1	adj.all	1	0	0	1	1	5
3	similar	3:00:00::	1	adj.all	1	0	0	1	1	6
5	similar	3:00:00::	1	adj.all	1	0	0	1	1	7
40	similar	3:00:00::	1	adj.all	1	0	0	1	1	8
29	similar	3:00:00::	1	adj.all	1	0	0	1	1	9
45	similar	3:00:00::	1	adj.all	1	0	0	0	1	10
1	similar	3:00:00::	1	adj.all	1	0	0	0	1	11
31	similar	3:00:04::	2	adj.all	1	0	0	0	1	12
0	Similar	3:00:00::	1	adj.all	1	0	0	0	1	13
12	similar	3:00:04::	2	adj.all	1	0	0	0	1	14
6	similar	3:00:00::	1	adj.all	1	0	0	0	1	15
34	similar	3:00:00::	1	adj.all	1	0	0	0	1	16
4	similar	3:00:00::	1	adj.all	1	0	0	0	1	17
0	Similar	3:00:00::	1	adj.all	1	0	0	0	1	18
6	similar	3:00:00::	1	adj.all	1	0	0	0	1	19
3	similar	3:00:00::	1	adj.all	1	0	0	0	0	20
12	similar	3:00:00::	1	adj.all	1	0	0	0	0	21
49	similar	3:00:00::	1	adj.all	1	0	0	0	0	22
0	Similar	3:00:00::	1	adj.all	1	0	0	0	0	23
8	similar	3:00:00::	1	adj.all	1	0	0	0	0	24
2	similar	3:00:04::	2	adj.all	2	2	2	2	2	25
16	similar	3:00:00::	1	adj.all	2	2	2	2	2	26
23	similar	3:00:04::	2	adj.all	2	2	2	2	2	27
17	similar	3:00:00::	1	adj.all	2	0	2	2	2	28
27	similar	3:00:04::	2	adj.all	2	0	2	2	2	29
15	similar	3:00:00::	1	adj.all	2	0	0	2	2	30
14	similar	3:00:00::	1	adj.all	2	0	0	2	2	31
0	Similar	3:00:00::	1	adj.all	2	0	0	2	2	32
8	similar	3:00:00::	1	adj.all	2	0	0	2	2	33
5	similar	3:00:00::	1	adj.all	2	0	0	2	2	34
7	similar	3:00:00::	1	adj.all	2	0	0	0	2	35
0	Similar	3:00:00::	1	adj.all	2	0	0	0	2	36
21	similar	3:00:00::	1	adj.all	2	0	0	0	2	37
2	similar	3:00:00::	1	adj.all	2	0	0	0	2	38
43	similar	3:00:04::	2	adj.all	2	0	0	0	2	39
24	similar	3:00:00::	1	adj.all	2	0	0	0	2	40
6	similar	3:00:00::	1	adj.all	2	0	0	0	2	41
59	similar	3:00:00::	1	adj.all	2	0	0	0	2	42
22	similar	3:00:00::	1	adj.all	2	0	0	0	2	43
3	similar	3:00:00::	1	adj.all	2	0	0	0	2	44
8	similar	3:00:00::	1	adj.all	2	0	0	0	0	45
6	similar	3:00:00::	1	adj.all	2	0	0	0	0	46
1	similar	3:00:00::	1	adj.all	2	0	0	0	0	47
29	similar	3:00:00::	1	adj.all	2	0	0	0	0	48
52	similar	3:00:00::	1	adj.all	2	0	0	0	0	49
