position	word	lexsn	wnsn	supersense	X25	X3	X5	X10	X20	index
30	present	3:00:02::	2	adj.all	1	1	1	1	1	0
12	present	3:00:01::	1	adj.all	1	1	1	1	1	1
11	present	3:00:02::	2	adj.all	1	1	1	1	1	2
19	present	3:00:01::	1	adj.all	1	0	1	1	1	3
2	present	3:00:01::	1	adj.all	1	0	1	1	1	4
2	present	3:00:01::	1	adj.all	1	0	0	1	1	5
14	present	3:00:01::	1	adj.all	1	0	0	1	1	6
6	present	3:00:01::	1	adj.all	1	0	0	1	1	7
9	present	3:00:02::	2	adj.all	1	0	0	1	1	8
16	present	3:00:02::	2	adj.all	1	0	0	1	1	9
30	present	3:00:01::	1	adj.all	1	0	0	0	1	10
9	present	3:00:02::	2	adj.all	1	0	0	0	1	11
15	present	3:00:02::	2	adj.all	1	0	0	0	1	12
1	present	3:00:01::	1	adj.all	1	0	0	0	1	13
47	present	3:00:01::	1	adj.all	1	0	0	0	1	14
6	present	3:00:02::	2	adj.all	1	0	0	0	1	15
27	present	3:00:01::	1	adj.all	1	0	0	0	1	16
40	present	3:00:01::	1	adj.all	1	0	0	0	1	17
6	present	3:00:01::	1	adj.all	1	0	0	0	1	18
8	present	3:00:01::	1	adj.all	1	0	0	0	1	19
11	present	3:00:01::	1	adj.all	1	0	0	0	0	20
6	present	3:00:02::	2	adj.all	1	0	0	0	0	21
58	present	3:00:01::	1	adj.all	1	0	0	0	0	22
35	present	3:00:02::	2	adj.all	1	0	0	0	0	23
27	present	3:00:01::	1	adj.all	1	0	0	0	0	24
2	present	3:00:01::	1	adj.all	2	2	2	2	2	25
9	present	3:00:02::	2	adj.all	2	2	2	2	2	26
3	present	3:00:01::	1	adj.all	2	2	2	2	2	27
20	present	3:00:02::	2	adj.all	2	0	2	2	2	28
7	present	3:00:02::	2	adj.all	2	0	2	2	2	29
4	present	3:00:01::	1	adj.all	2	0	0	2	2	30
14	present	3:00:01::	1	adj.all	2	0	0	2	2	31
11	present	3:00:02::	2	adj.all	2	0	0	2	2	32
0	Present	3:00:02::	2	adj.all	2	0	0	2	2	33
20	present	3:00:01::	1	adj.all	2	0	0	2	2	34
28	present	3:00:01::	1	adj.all	2	0	0	0	2	35
19	present	3:00:02::	2	adj.all	2	0	0	0	2	36
3	present	3:00:01::	1	adj.all	2	0	0	0	2	37
6	present	3:00:01::	1	adj.all	2	0	0	0	2	38
1	present	3:00:01::	1	adj.all	2	0	0	0	2	39
4	present	3:00:01::	1	adj.all	2	0	0	0	2	40
2	present	3:00:02::	2	adj.all	2	0	0	0	2	41
21	present	3:00:02::	2	adj.all	2	0	0	0	2	42
3	present	3:00:02::	2	adj.all	2	0	0	0	2	43
2	present	3:00:01::	1	adj.all	2	0	0	0	2	44
6	present	3:00:01::	1	adj.all	2	0	0	0	0	45
21	present	3:00:02::	2	adj.all	2	0	0	0	0	46
14	present	3:00:01::	1	adj.all	2	0	0	0	0	47
24	present	3:00:01::	1	adj.all	2	0	0	0	0	48
0	Present	3:00:01::	1	adj.all	2	0	0	0	0	49
