position	word	lexsn	wnsn	supersense	X25	X3	X5	X10	X20	index
9	money	1:21:00::	1	noun.possession	1	1	1	1	1	0
11	money	1:21:00::	1	noun.possession	1	1	1	1	1	1
12	money	1:21:00::	1	noun.possession	1	1	1	1	1	2
1	money	1:21:02::	2	noun.possession	1	0	1	1	1	3
13	money	1:21:00::	1	noun.possession	1	0	1	1	1	4
19	money	1:21:00::	1	noun.possession	1	0	0	1	1	5
26	money	1:21:00::	1	noun.possession	1	0	0	1	1	6
19	money	1:21:00::	1	noun.possession	1	0	0	1	1	7
31	money	1:21:02::	2	noun.possession	1	0	0	1	1	8
17	money	1:21:00::	1	noun.possession	1	0	0	1	1	9
6	money	1:21:00::	1	noun.possession	1	0	0	0	1	10
21	money	1:21:00::	1	noun.possession	1	0	0	0	1	11
32	money	1:21:02::	2	noun.possession	1	0	0	0	1	12
18	money	1:21:00::	1	noun.possession	1	0	0	0	1	13
5	money	1:21:00::	1	noun.possession	1	0	0	0	1	14
27	money	1:21:00::	1	noun.possession	1	0	0	0	1	15
13	money	1:21:00::	1	noun.possession	1	0	0	0	1	16
10	money	1:21:00::	1	noun.possession	1	0	0	0	1	17
15	money	1:21:00::	1	noun.possession	1	0	0	0	1	18
24	money	1:21:00::	1	noun.possession	1	0	0	0	1	19
30	money	1:21:00::	1	noun.possession	1	0	0	0	0	20
15	money	1:21:00::	1	noun.possession	1	0	0	0	0	21
10	money	1:21:00::	1	noun.possession	1	0	0	0	0	22
9	money	1:21:00::	1	noun.possession	1	0	0	0	0	23
11	money	1:21:00::	1	noun.possession	1	0	0	0	0	24
22	money	1:21:00::	1	noun.possession	2	2	2	2	2	25
24	money	1:21:00::	1	noun.possession	2	2	2	2	2	26
70	money	1:21:00::	1	noun.possession	2	2	2	2	2	27
7	money	1:21:00::	1	noun.possession	2	0	2	2	2	28
6	money	1:21:00::	1	noun.possession	2	0	2	2	2	29
5	money	1:21:00::	1	noun.possession	2	0	0	2	2	30
24	money	1:21:00::	1	noun.possession	2	0	0	2	2	31
10	money	1:21:00::	1	noun.possession	2	0	0	2	2	32
9	money	1:21:00::	1	noun.possession	2	0	0	2	2	33
51	money	1:21:00::	1	noun.possession	2	0	0	2	2	34
12	money	1:21:00::	1	noun.possession	2	0	0	0	2	35
20	money	1:21:00::	1	noun.possession	2	0	0	0	2	36
0	Money	1:21:00::	1	noun.possession	2	0	0	0	2	37
11	money	1:21:00::	1	noun.possession	2	0	0	0	2	38
5	money	1:21:00::	1	noun.possession	2	0	0	0	2	39
2	money	1:21:02::	2	noun.possession	2	0	0	0	2	40
17	money	1:21:00::	1	noun.possession	2	0	0	0	2	41
13	money	1:21:00::	1	noun.possession	2	0	0	0	2	42
2	money	1:21:02::	2	noun.possession	2	0	0	0	2	43
19	money	1:21:00::	1	noun.possession	2	0	0	0	2	44
1	money	1:21:00::	1	noun.possession	2	0	0	0	0	45
8	money	1:21:00::	1	noun.possession	2	0	0	0	0	46
1	money	1:21:00::	1	noun.possession	2	0	0	0	0	47
7	money	1:21:02::	2	noun.possession	2	0	0	0	0	48
13	money	1:21:00::	1	noun.possession	2	0	0	0	0	49
