position	word	lexsn	wnsn	supersense	X25	X3	X5	X10	X20	index
8	people	1:14:00::	1	noun.group	1	1	1	1	1	0
20	people	1:14:00::	1	noun.group	1	1	1	1	1	1
10	people	1:14:00::	1	noun.group	1	1	1	1	1	2
2	people	1:14:01::	2	noun.group	1	0	1	1	1	3
8	people	1:14:00::	1	noun.group	1	0	1	1	1	4
15	people	1:14:00::	1	noun.group	1	0	0	1	1	5
10	people	1:14:00::	1	noun.group	1	0	0	1	1	6
2	people	1:14:02::	3	noun.group	1	0	0	1	1	7
8	people	1:14:00::	1	noun.group	1	0	0	1	1	8
34	people	1:14:00::	1	noun.group	1	0	0	1	1	9
16	people	1:14:00::	1	noun.group	1	0	0	0	1	10
21	people	1:14:00::	1	noun.group	1	0	0	0	1	11
8	people	1:14:00::	1	noun.group	1	0	0	0	1	12
46	people	1:14:00::	1	noun.group	1	0	0	0	1	13
3	people	1:14:00::	1	noun.group	1	0	0	0	1	14
14	people	1:14:01::	2	noun.group	1	0	0	0	1	15
13	people	1:14:00::	1	noun.group	1	0	0	0	1	16
14	people	1:14:00::	1	noun.group	1	0	0	0	1	17
17	people	1:14:00::	1	noun.group	1	0	0	0	1	18
1	people	1:14:00::	1	noun.group	1	0	0	0	1	19
14	people	1:14:00::	1	noun.group	1	0	0	0	0	20
3	people	1:14:00::	1	noun.group	1	0	0	0	0	21
21	people	1:14:00::	1	noun.group	1	0	0	0	0	22
10	people	1:14:00::	1	noun.group	1	0	0	0	0	23
8	people	1:14:00::	1	noun.group	1	0	0	0	0	24
26	people	1:14:00::	1	noun.group	2	2	2	2	2	25
8	people	1:14:00::	1	noun.group	2	2	2	2	2	26
7	people	1:14:00::	1	noun.group	2	2	2	2	2	27
16	people	1:14:01::	2	noun.group	2	0	2	2	2	28
20	people	1:14:00::	1	noun.group	2	0	2	2	2	29
9	peoples	1:14:00::	1	noun.group	2	0	0	2	2	30
21	people	1:14:00::	1	noun.group	2	0	0	2	2	31
10	people	1:14:00::	1	noun.group	2	0	0	2	2	32
38	people	1:14:00::	1	noun.group	2	0	0	2	2	33
16	people	1:14:00::	1	noun.group	2	0	0	2	2	34
20	people	1:14:00::	1	noun.group	2	0	0	0	2	35
25	people	1:14:00::	1	noun.group	2	0	0	0	2	36
3	people	1:14:00::	1	noun.group	2	0	0	0	2	37
17	people	1:14:00::	1	noun.group	2	0	0	0	2	38
8	people	1:14:00::	1	noun.group	2	0	0	0	2	39
8	people	1:14:00::	1	noun.group	2	0	0	0	2	40
5	people	1:14:00::	1	noun.group	2	0	0	0	2	41
69	people	1:14:00::	1	noun.group	2	0	0	0	2	42
5	people	1:14:00::	1	noun.group	2	0	0	0	2	43
20	people	1:14:00::	1	noun.group	2	0	0	0	2	44
3	people	1:14:01::	2	noun.group	2	0	0	0	0	45
8	people	1:14:00::	1	noun.group	2	0	0	0	0	46
16	people	1:14:00::	1	noun.group	2	0	0	0	0	47
12	people	1:14:00::	1	noun.group	2	0	0	0	0	48
41	people	1:14:01::	2	noun.group	2	0	0	0	0	49
