position	word	lexsn	wnsn	supersense	X25	X3	X5	X10	X20	index
8	open	2:41:00::	2	verb.social	1	1	1	1	1	0
3	opened	2:35:06::	3	verb.contact	1	1	1	1	1	1
12	opened	2:41:00::	2	verb.social	1	1	1	1	1	2
17	open	2:41:00::	2	verb.social	1	0	1	1	1	3
2	opened	2:41:00::	2	verb.social	1	0	1	1	1	4
12	open	2:41:00::	2	verb.social	1	0	0	1	1	5
21	opened	2:35:06::	3	verb.contact	1	0	0	1	1	6
0	Open	2:35:06::	3	verb.contact	1	0	0	1	1	7
10	opened	2:41:00::	2	verb.social	1	0	0	1	1	8
19	opening	2:41:00::	2	verb.social	1	0	0	1	1	9
6	opened	2:35:08::	5	verb.contact	1	0	0	0	1	10
2	opened	2:35:06::	3	verb.contact	1	0	0	0	1	11
4	opening	2:41:00::	2	verb.social	1	0	0	0	1	12
6	opened	2:30:00::	6	verb.change	1	0	0	0	1	13
4	opened	2:41:00::	2	verb.social	1	0	0	0	1	14
16	open	2:41:00::	2	verb.social	1	0	0	0	1	15
2	opened	2:35:06::	3	verb.contact	1	0	0	0	1	16
1	opened	2:41:00::	2	verb.social	1	0	0	0	1	17
3	open	2:41:00::	2	verb.social	1	0	0	0	1	18
24	opening	2:35:06::	3	verb.contact	1	0	0	0	1	19
7	opened	2:41:00::	2	verb.social	1	0	0	0	0	20
7	opening	2:41:00::	2	verb.social	1	0	0	0	0	21
2	opened	2:35:06::	3	verb.contact	1	0	0	0	0	22
11	opened	2:30:00::	6	verb.change	1	0	0	0	0	23
8	opened	2:41:00::	2	verb.social	1	0	0	0	0	24
3	open	2:35:00::	1	verb.contact	2	2	2	2	2	25
1	opened	2:35:00::	1	verb.contact	2	2	2	2	2	26
33	open	2:35:00::	1	verb.contact	2	2	2	2	2	27
6	opened	2:30:01::	7	verb.change	2	0	2	2	2	28
4	open	2:35:00::	1	verb.contact	2	0	2	2	2	29
3	opened	2:35:00::	1	verb.contact	2	0	0	2	2	30
2	opened	2:35:00::	1	verb.contact	2	0	0	2	2	31
3	opened	2:35:00::	1	verb.contact	2	0	0	2	2	32
1	opened	2:35:00::	1	verb.contact	2	0	0	2	2	33
6	opened	2:35:00::	1	verb.contact	2	0	0	2	2	34
25	opened	2:35:00::	1	verb.contact	2	0	0	0	2	35
3	opens	2:41:01::	4	verb.social	2	0	0	0	2	36
3	opening	2:41:01::	4	verb.social	2	0	0	0	2	37
1	opened	2:35:00::	1	verb.contact	2	0	0	0	2	38
8	opened	2:35:00::	1	verb.contact	2	0	0	0	2	39
26	open	2:35:00::	1	verb.contact	2	0	0	0	2	40
7	opened	2:42:00::	8	verb.stative	2	0	0	0	2	41
10	opened	2:35:00::	1	verb.contact	2	0	0	0	2	42
8	opened	2:35:00::	1	verb.contact	2	0	0	0	2	43
1	opened	2:35:00::	1	verb.contact	2	0	0	0	2	44
20	open	2:35:00::	1	verb.contact	2	0	0	0	0	45
1	opened	2:35:00::	1	verb.contact	2	0	0	0	0	46
8	opened	2:35:00::	1	verb.contact	2	0	0	0	0	47
2	opened	2:35:00::	1	verb.contact	2	0	0	0	0	48
29	open	2:35:00::	1	verb.contact	2	0	0	0	0	49
