position	word	lexsn	wnsn	supersense	X25	X3	X5	X10	X20	index
5	realize	2:31:01::	1	verb.cognition	1	1	1	1	1	0
1	realized	2:31:00::	2	verb.cognition	1	1	1	1	1	1
2	realized	2:31:00::	2	verb.cognition	1	1	1	1	1	2
20	realize	2:31:01::	1	verb.cognition	1	0	1	1	1	3
12	realized	2:31:01::	1	verb.cognition	1	0	1	1	1	4
1	realizing	2:31:01::	1	verb.cognition	1	0	0	1	1	5
32	realized	2:36:00::	3	verb.creation	1	0	0	1	1	6
14	realize	2:31:01::	1	verb.cognition	1	0	0	1	1	7
20	realize	2:31:00::	2	verb.cognition	1	0	0	1	1	8
2	realize	2:31:00::	2	verb.cognition	1	0	0	1	1	9
13	realize	2:31:00::	2	verb.cognition	1	0	0	0	1	10
2	realize	2:31:01::	1	verb.cognition	1	0	0	0	1	11
24	realize	2:31:01::	1	verb.cognition	1	0	0	0	1	12
17	realizes	2:31:00::	2	verb.cognition	1	0	0	0	1	13
11	realizing	2:31:00::	2	verb.cognition	1	0	0	0	1	14
7	realizes	2:36:00::	3	verb.creation	1	0	0	0	1	15
15	realize	2:31:01::	1	verb.cognition	1	0	0	0	1	16
7	realize	2:31:00::	2	verb.cognition	1	0	0	0	1	17
14	realize	2:36:00::	3	verb.creation	1	0	0	0	1	18
11	realize	2:31:01::	1	verb.cognition	1	0	0	0	1	19
3	realized	2:31:01::	1	verb.cognition	1	0	0	0	0	20
12	realizing	2:31:00::	2	verb.cognition	1	0	0	0	0	21
3	realize	2:31:00::	2	verb.cognition	1	0	0	0	0	22
1	realized	2:31:01::	1	verb.cognition	1	0	0	0	0	23
7	realize	2:31:01::	1	verb.cognition	1	0	0	0	0	24
3	realized	2:31:01::	1	verb.cognition	2	2	2	2	2	25
4	realize	2:31:01::	1	verb.cognition	2	2	2	2	2	26
4	realized	2:31:01::	1	verb.cognition	2	2	2	2	2	27
9	realized	2:31:01::	1	verb.cognition	2	0	2	2	2	28
6	realized	2:31:01::	1	verb.cognition	2	0	2	2	2	29
2	realized	2:31:01::	1	verb.cognition	2	0	0	2	2	30
12	realize	2:31:00::	2	verb.cognition	2	0	0	2	2	31
18	realized	2:31:01::	1	verb.cognition	2	0	0	2	2	32
9	realize	2:31:00::	2	verb.cognition	2	0	0	2	2	33
11	realized	2:36:00::	3	verb.creation	2	0	0	2	2	34
9	realized	2:31:01::	1	verb.cognition	2	0	0	0	2	35
16	realizing	2:31:01::	1	verb.cognition	2	0	0	0	2	36
5	realize	2:31:01::	1	verb.cognition	2	0	0	0	2	37
3	realized	2:31:00::	2	verb.cognition	2	0	0	0	2	38
20	realize	2:31:00::	2	verb.cognition	2	0	0	0	2	39
4	realize	2:31:01::	1	verb.cognition	2	0	0	0	2	40
13	realized	2:31:01::	1	verb.cognition	2	0	0	0	2	41
34	realize	2:36:00::	3	verb.creation	2	0	0	0	2	42
18	realized	2:31:01::	1	verb.cognition	2	0	0	0	2	43
5	realizing	2:31:00::	2	verb.cognition	2	0	0	0	2	44
1	realized	2:31:00::	2	verb.cognition	2	0	0	0	0	45
7	realize	2:31:00::	2	verb.cognition	2	0	0	0	0	46
10	realize	2:31:01::	1	verb.cognition	2	0	0	0	0	47
5	realize	2:31:01::	1	verb.cognition	2	0	0	0	0	48
59	realized	2:36:00::	3	verb.creation	2	0	0	0	0	49
