position	word	lexsn	wnsn	supersense	X25	X3	X5	X10	X20	index
5	study	1:04:00::	1	noun.act	1	1	1	1	1	0
11	studies	1:04:00::	1	noun.act	1	1	1	1	1	1
6	study	1:04:00::	1	noun.act	1	1	1	1	1	2
26	study	1:04:00::	1	noun.act	1	0	1	1	1	3
1	study	1:04:00::	1	noun.act	1	0	1	1	1	4
76	studies	1:04:00::	1	noun.act	1	0	0	1	1	5
1	studies	1:04:00::	1	noun.act	1	0	0	1	1	6
19	study	1:04:00::	1	noun.act	1	0	0	1	1	7
34	study	1:04:00::	1	noun.act	1	0	0	1	1	8
1	studies	1:04:00::	1	noun.act	1	0	0	1	1	9
3	studies	1:04:00::	1	noun.act	1	0	0	0	1	10
5	study	1:04:00::	1	noun.act	1	0	0	0	1	11
12	study	1:04:00::	1	noun.act	1	0	0	0	1	12
8	study	1:04:00::	1	noun.act	1	0	0	0	1	13
2	study	1:04:00::	1	noun.act	1	0	0	0	1	14
16	studies	1:04:00::	1	noun.act	1	0	0	0	1	15
6	studies	1:04:00::	1	noun.act	1	0	0	0	1	16
12	study	1:04:00::	1	noun.act	1	0	0	0	1	17
10	study	1:04:00::	1	noun.act	1	0	0	0	1	18
23	studies	1:04:00::	1	noun.act	1	0	0	0	1	19
4	study	1:04:00::	1	noun.act	1	0	0	0	0	20
1	study	1:04:00::	1	noun.act	1	0	0	0	0	21
23	studies	1:04:00::	1	noun.act	1	0	0	0	0	22
31	study	1:04:00::	1	noun.act	1	0	0	0	0	23
15	study	1:09:02::	6	noun.cognition	1	0	0	0	0	24
29	studies	1:09:03::	2	noun.cognition	2	2	2	2	2	25
43	study	1:09:03::	2	noun.cognition	2	2	2	2	2	26
3	study	1:09:03::	2	noun.cognition	2	2	2	2	2	27
5	study	1:09:03::	2	noun.cognition	2	0	2	2	2	28
20	study	1:06:00::	5	noun.artifact	2	0	2	2	2	29
2	study	1:10:00::	3	noun.communication	2	0	0	2	2	30
21	study	1:09:03::	2	noun.cognition	2	0	0	2	2	31
29	study	1:10:00::	3	noun.communication	2	0	0	2	2	32
1	study	1:09:03::	2	noun.cognition	2	0	0	2	2	33
2	study	1:09:04::	4	noun.cognition	2	0	0	2	2	34
30	study	1:06:00::	5	noun.artifact	2	0	0	0	2	35
3	study	1:09:03::	2	noun.cognition	2	0	0	0	2	36
12	studies	1:06:01::	7	noun.artifact	2	0	0	0	2	37
23	study	1:09:03::	2	noun.cognition	2	0	0	0	2	38
5	study	1:06:00::	5	noun.artifact	2	0	0	0	2	39
8	study	1:09:01::	8	noun.cognition	2	0	0	0	2	40
8	study	1:09:03::	2	noun.cognition	2	0	0	0	2	41
26	study	1:09:04::	4	noun.cognition	2	0	0	0	2	42
9	studies	1:09:03::	2	noun.cognition	2	0	0	0	2	43
19	study	1:09:03::	2	noun.cognition	2	0	0	0	2	44
10	study	1:06:00::	5	noun.artifact	2	0	0	0	0	45
8	study	1:09:03::	2	noun.cognition	2	0	0	0	0	46
7	study	1:09:04::	4	noun.cognition	2	0	0	0	0	47
7	study	1:09:03::	2	noun.cognition	2	0	0	0	0	48
4	study	1:10:00::	3	noun.communication	2	0	0	0	0	49
