position	word	lexsn	wnsn	supersense	X25	X3	X5	X10	X20	index
50	join	2:41:00::	1	verb.social	1	1	1	1	1	0
23	joining	2:41:00::	1	verb.social	1	1	1	1	1	1
16	joined	2:41:00::	1	verb.social	1	1	1	1	1	2
4	joined	2:35:01::	2	verb.contact	1	0	1	1	1	3
11	join	2:35:01::	2	verb.contact	1	0	1	1	1	4
0	Join	2:35:01::	2	verb.contact	1	0	0	1	1	5
1	joined	2:41:00::	1	verb.social	1	0	0	1	1	6
14	joined	2:35:00::	4	verb.contact	1	0	0	1	1	7
3	join	2:41:00::	1	verb.social	1	0	0	1	1	8
27	joined	2:41:00::	1	verb.social	1	0	0	1	1	9
24	join	2:41:00::	1	verb.social	1	0	0	0	1	10
34	joining	2:41:00::	1	verb.social	1	0	0	0	1	11
20	join	2:35:00::	4	verb.contact	1	0	0	0	1	12
6	joined	2:41:00::	1	verb.social	1	0	0	0	1	13
15	joining	2:41:00::	1	verb.social	1	0	0	0	1	14
14	join	2:41:00::	1	verb.social	1	0	0	0	1	15
6	join	2:41:00::	1	verb.social	1	0	0	0	1	16
9	joined	2:41:00::	1	verb.social	1	0	0	0	1	17
0	Join	2:35:01::	2	verb.contact	1	0	0	0	1	18
3	join	2:41:00::	1	verb.social	1	0	0	0	1	19
4	joined	2:35:00::	4	verb.contact	1	0	0	0	0	20
31	Join	2:41:00::	1	verb.social	1	0	0	0	0	21
3	joined	2:41:00::	1	verb.social	1	0	0	0	0	22
6	joining	2:35:01::	2	verb.contact	1	0	0	0	0	23
3	joined	2:41:00::	1	verb.social	1	0	0	0	0	24
7	join	2:35:01::	2	verb.contact	2	2	2	2	2	25
6	joining	2:41:00::	1	verb.social	2	2	2	2	2	26
5	joined	2:41:00::	1	verb.social	2	2	2	2	2	27
18	join	2:35:01::	2	verb.contact	2	0	2	2	2	28
20	joined	2:41:00::	1	verb.social	2	0	2	2	2	29
33	join	2:35:01::	2	verb.contact	2	0	0	2	2	30
6	join	2:35:00::	4	verb.contact	2	0	0	2	2	31
10	join	2:41:00::	1	verb.social	2	0	0	2	2	32
1	joined	2:41:00::	1	verb.social	2	0	0	2	2	33
22	joined	2:35:00::	4	verb.contact	2	0	0	2	2	34
26	joining	2:41:00::	1	verb.social	2	0	0	0	2	35
1	joined	2:41:00::	1	verb.social	2	0	0	0	2	36
5	joined	2:41:00::	1	verb.social	2	0	0	0	2	37
17	joining	2:35:01::	2	verb.contact	2	0	0	0	2	38
3	joining	2:41:00::	1	verb.social	2	0	0	0	2	39
6	joined	2:41:00::	1	verb.social	2	0	0	0	2	40
22	joined	2:41:00::	1	verb.social	2	0	0	0	2	41
15	join	2:41:00::	1	verb.social	2	0	0	0	2	42
38	joined	2:41:00::	1	verb.social	2	0	0	0	2	43
28	join	2:41:00::	1	verb.social	2	0	0	0	2	44
48	join	2:35:01::	2	verb.contact	2	0	0	0	0	45
20	join	2:35:01::	2	verb.contact	2	0	0	0	0	46
18	join	2:41:00::	1	verb.social	2	0	0	0	0	47
16	joined	2:41:01::	3	verb.social	2	0	0	0	0	48
4	joined	2:41:00::	1	verb.social	2	0	0	0	0	49
