position	word	lexsn	wnsn	supersense	X25	X3	X5	X10	X20	index
18	statement	1:10:00::	1	noun.communication	1	1	1	1	1	0
18	statements	1:10:00::	1	noun.communication	1	1	1	1	1	1
12	statement	1:10:00::	1	noun.communication	1	1	1	1	1	2
14	statement	1:10:00::	1	noun.communication	1	0	1	1	1	3
15	statement	1:10:00::	1	noun.communication	1	0	1	1	1	4
8	statement	1:10:00::	1	noun.communication	1	0	0	1	1	5
32	statement	1:10:00::	1	noun.communication	1	0	0	1	1	6
8	statements	1:10:02::	2	noun.communication	1	0	0	1	1	7
11	statements	1:10:00::	1	noun.communication	1	0	0	1	1	8
32	statements	1:10:00::	1	noun.communication	1	0	0	1	1	9
4	statement	1:10:00::	1	noun.communication	1	0	0	0	1	10
18	statement	1:10:02::	2	noun.communication	1	0	0	0	1	11
7	statements	1:10:04::	3	noun.communication	1	0	0	0	1	12
5	statement	1:10:00::	1	noun.communication	1	0	0	0	1	13
72	statement	1:10:00::	1	noun.communication	1	0	0	0	1	14
5	statements	1:10:00::	1	noun.communication	1	0	0	0	1	15
4	statement	1:10:00::	1	noun.communication	1	0	0	0	1	16
7	statement	1:10:00::	1	noun.communication	1	0	0	0	1	17
13	statement	1:10:00::	1	noun.communication	1	0	0	0	1	18
9	statement	1:10:00::	1	noun.communication	1	0	0	0	1	19
15	statement	1:10:00::	1	noun.communication	1	0	0	0	0	20
29	statement	1:10:00::	1	noun.communication	1	0	0	0	0	21
2	statement	1:10:00::	1	noun.communication	1	0	0	0	0	22
28	statement	1:10:00::	1	noun.communication	1	0	0	0	0	23
4	statement	1:10:00::	1	noun.communication	1	0	0	0	0	24
18	statement	1:10:00::	1	noun.communication	2	2	2	2	2	25
74	statement	1:10:00::	1	noun.communication	2	2	2	2	2	26
5	statement	1:10:02::	2	noun.communication	2	2	2	2	2	27
25	statement	1:10:00::	1	noun.communication	2	0	2	2	2	28
12	statements	1:10:00::	1	noun.communication	2	0	2	2	2	29
20	statement	1:10:00::	1	noun.communication	2	0	0	2	2	30
10	statement	1:10:02::	2	noun.communication	2	0	0	2	2	31
23	statement	1:10:00::	1	noun.communication	2	0	0	2	2	32
11	statement	1:10:00::	1	noun.communication	2	0	0	2	2	33
28	statement	1:10:00::	1	noun.communication	2	0	0	2	2	34
3	statements	1:10:00::	1	noun.communication	2	0	0	0	2	35
35	statement	1:10:02::	2	noun.communication	2	0	0	0	2	36
24	statement	1:10:00::	1	noun.communication	2	0	0	0	2	37
41	statement	1:10:02::	2	noun.communication	2	0	0	0	2	38
14	statement	1:10:00::	1	noun.communication	2	0	0	0	2	39
2	statement	1:10:02::	2	noun.communication	2	0	0	0	2	40
11	statement	1:10:00::	1	noun.communication	2	0	0	0	2	41
6	statements	1:10:00::	1	noun.communication	2	0	0	0	2	42
7	statement	1:10:00::	1	noun.communication	2	0	0	0	2	43
0	Statements	1:10:00::	1	noun.communication	2	0	0	0	2	44
22	statement	1:10:00::	1	noun.communication	2	0	0	0	0	45
16	statement	1:10:00::	1	noun.communication	2	0	0	0	0	46
21	statement	1:10:00::	1	noun.communication	2	0	0	0	0	47
28	statement	1:10:00::	1	noun.communication	2	0	0	0	0	48
1	statement	1:10:02::	2	noun.communication	2	0	0	0	0	49
