position	word	lexsn	wnsn	supersense	X25	X3	X5	X10	X20	index
0	Rector	1:03:00::	1	noun.Tops	1	1	1	1	1	0
21	Poynting-Robertson	1:03:00::	1	noun.Tops	1	1	1	1	1	1
5	Coughlin	1:03:00::	1	noun.Tops	1	1	1	1	1	2
9	Winston	1:03:00::	1	noun.Tops	1	0	1	1	1	3
0	Piepsam	1:03:00::	1	noun.Tops	1	0	1	1	1	4
5	Harold	1:03:00::	1	noun.Tops	1	0	0	1	1	5
2	Mark	1:03:00::	1	noun.Tops	1	0	0	1	1	6
0	Katya	1:03:00::	1	noun.Tops	1	0	0	1	1	7
0	Kieffer	1:03:00::	1	noun.Tops	1	0	0	1	1	8
0	Casey	1:03:00::	1	noun.Tops	1	0	0	1	1	9
23	Life	1:03:00::	1	noun.Tops	1	0	0	0	1	10
6	Watson	1:03:00::	1	noun.Tops	1	0	0	0	1	11
0	Sadie	1:03:00::	1	noun.Tops	1	0	0	0	1	12
5	Winston	1:03:00::	1	noun.Tops	1	0	0	0	1	13
0	Scotty	1:03:00::	1	noun.Tops	1	0	0	0	1	14
2	Giselle	1:03:00::	1	noun.Tops	1	0	0	0	1	15
0	Watson	1:03:00::	1	noun.Tops	1	0	0	0	1	16
3	Ditmars	1:03:00::	1	noun.Tops	1	0	0	0	1	17
15	Abel	1:03:00::	1	noun.Tops	1	0	0	0	1	18
6	Gibby	1:03:00::	1	noun.Tops	1	0	0	0	1	19
9	Prokofieff	1:03:00::	1	noun.Tops	1	0	0	0	0	20
2	Madden	1:03:00::	1	noun.Tops	1	0	0	0	0	21
5	Prokofieff	1:03:00::	1	noun.Tops	1	0	0	0	0	22
2	Madden	1:03:00::	1	noun.Tops	1	0	0	0	0	23
16	Bultmann	1:03:00::	1	noun.Tops	1	0	0	0	0	24
26	Amy	1:03:00::	1	noun.Tops	2	2	2	2	2	25
8	Rector	1:03:00::	1	noun.Tops	2	2	2	2	2	26
4	Joel	1:03:00::	1	noun.Tops	2	2	2	2	2	27
21	Jack	1:03:00::	1	noun.Tops	2	0	2	2	2	28
8	Lewis	1:03:00::	1	noun.Tops	2	0	2	2	2	29
19	Modigliani	1:03:00::	1	noun.Tops	2	0	0	2	2	30
11	Smith	1:03:00::	1	noun.Tops	2	0	0	2	2	31
3	Watson	1:03:00::	1	noun.Tops	2	0	0	2	2	32
10	Hemus	1:03:00::	1	noun.Tops	2	0	0	2	2	33
21	Stevie	1:03:00::	1	noun.Tops	2	0	0	2	2	34
10	Torrio	1:03:00::	1	noun.Tops	2	0	0	0	2	35
13	Greg	1:03:00::	1	noun.Tops	2	0	0	0	2	36
5	Kitti	1:03:00::	1	noun.Tops	2	0	0	0	2	37
27	Wells	1:03:00::	1	noun.Tops	2	0	0	0	2	38
10	Tom	1:03:00::	1	noun.Tops	2	0	0	0	2	39
0	Richards	1:03:00::	1	noun.Tops	2	0	0	0	2	40
17	person	1:03:00::	1	noun.Tops	2	0	0	0	2	41
0	Moritz	1:03:00::	1	noun.Tops	2	0	0	0	2	42
0	Jonathan	1:03:00::	1	noun.Tops	2	0	0	0	2	43
18	Keegan	1:03:00::	1	noun.Tops	2	0	0	0	2	44
0	Rachel	1:03:00::	1	noun.Tops	2	0	0	0	0	45
11	Niobe	1:03:00::	1	noun.Tops	2	0	0	0	0	46
11	Cobb	1:03:00::	1	noun.Tops	2	0	0	0	0	47
0	Griffith	1:03:00::	1	noun.Tops	2	0	0	0	0	48
5	Eddie	1:03:00::	1	noun.Tops	2	0	0	0	0	49
