position	word	lexsn	wnsn	supersense	X25	X3	X5	X10	X20	index
37	issues	2:32:00::	1	verb.communication	1	1	1	1	1	0
1	issued	2:32:01::	3	verb.communication	1	1	1	1	1	1
5	issued	2:32:00::	1	verb.communication	1	1	1	1	1	2
14	issued	2:32:00::	1	verb.communication	1	0	1	1	1	3
14	issue	2:32:00::	1	verb.communication	1	0	1	1	1	4
6	issued	2:32:01::	3	verb.communication	1	0	0	1	1	5
15	issue	2:32:00::	1	verb.communication	1	0	0	1	1	6
4	issued	2:32:00::	1	verb.communication	1	0	0	1	1	7
21	issued	2:41:00::	2	verb.social	1	0	0	1	1	8
10	issued	2:32:01::	3	verb.communication	1	0	0	1	1	9
15	issue	2:41:00::	2	verb.social	1	0	0	0	1	10
8	issued	2:32:00::	1	verb.communication	1	0	0	0	1	11
17	issued	2:32:01::	3	verb.communication	1	0	0	0	1	12
7	issued	2:32:00::	1	verb.communication	1	0	0	0	1	13
15	issued	2:30:00::	4	verb.change	1	0	0	0	1	14
15	issued	2:32:00::	1	verb.communication	1	0	0	0	1	15
8	issued	2:41:00::	2	verb.social	1	0	0	0	1	16
11	issued	2:32:00::	1	verb.communication	1	0	0	0	1	17
10	issued	2:32:01::	3	verb.communication	1	0	0	0	1	18
8	issued	2:32:00::	1	verb.communication	1	0	0	0	1	19
12	issued	2:32:01::	3	verb.communication	1	0	0	0	0	20
10	issued	2:41:00::	2	verb.social	1	0	0	0	0	21
14	issued	2:30:00::	4	verb.change	1	0	0	0	0	22
3	issued	2:32:00::	1	verb.communication	1	0	0	0	0	23
13	issue	2:32:00::	1	verb.communication	1	0	0	0	0	24
19	issue	2:32:00::	1	verb.communication	2	2	2	2	2	25
11	issued	2:32:00::	1	verb.communication	2	2	2	2	2	26
4	issued	2:41:00::	2	verb.social	2	2	2	2	2	27
0	Issuing	2:41:00::	2	verb.social	2	0	2	2	2	28
3	issued	2:32:01::	3	verb.communication	2	0	2	2	2	29
16	issued	2:32:00::	1	verb.communication	2	0	0	2	2	30
12	issued	2:32:01::	3	verb.communication	2	0	0	2	2	31
2	issued	2:41:00::	2	verb.social	2	0	0	2	2	32
15	issued	2:32:00::	1	verb.communication	2	0	0	2	2	33
11	issued	2:41:00::	2	verb.social	2	0	0	2	2	34
11	issue	2:32:02::	5	verb.communication	2	0	0	0	2	35
17	issued	2:32:00::	1	verb.communication	2	0	0	0	2	36
12	issued	2:32:01::	3	verb.communication	2	0	0	0	2	37
10	issuing	2:41:00::	2	verb.social	2	0	0	0	2	38
14	issuing	2:32:01::	3	verb.communication	2	0	0	0	2	39
2	issued	2:32:00::	1	verb.communication	2	0	0	0	2	40
4	issue	2:32:00::	1	verb.communication	2	0	0	0	2	41
19	issued	2:30:00::	4	verb.change	2	0	0	0	2	42
3	issue	2:32:01::	3	verb.communication	2	0	0	0	2	43
10	issue	2:41:00::	2	verb.social	2	0	0	0	2	44
4	issued	2:41:00::	2	verb.social	2	0	0	0	0	45
2	issuing	2:30:00::	4	verb.change	2	0	0	0	0	46
6	issued	2:32:01::	3	verb.communication	2	0	0	0	0	47
10	issued	2:30:00::	4	verb.change	2	0	0	0	0	48
12	issued	2:32:00::	1	verb.communication	2	0	0	0	0	49
