position	word	lexsn	wnsn	supersense	X25	X3	X5	X10	X20	index
14	member	1:18:00::	1	noun.person	1	1	1	1	1	0
7	members	1:24:00::	2	noun.relation	1	1	1	1	1	1
12	members	1:18:00::	1	noun.person	1	1	1	1	1	2
14	member	1:18:00::	1	noun.person	1	0	1	1	1	3
20	members	1:18:00::	1	noun.person	1	0	1	1	1	4
24	members	1:18:00::	1	noun.person	1	0	0	1	1	5
2	members	1:18:00::	1	noun.person	1	0	0	1	1	6
25	members	1:18:00::	1	noun.person	1	0	0	1	1	7
5	members	1:18:00::	1	noun.person	1	0	0	1	1	8
10	members	1:18:00::	1	noun.person	1	0	0	1	1	9
14	members	1:18:00::	1	noun.person	1	0	0	0	1	10
16	members	1:18:00::	1	noun.person	1	0	0	0	1	11
4	members	1:18:00::	1	noun.person	1	0	0	0	1	12
8	members	1:18:00::	1	noun.person	1	0	0	0	1	13
14	member	1:18:00::	1	noun.person	1	0	0	0	1	14
28	members	1:18:00::	1	noun.person	1	0	0	0	1	15
8	members	1:18:00::	1	noun.person	1	0	0	0	1	16
7	members	1:18:00::	1	noun.person	1	0	0	0	1	17
9	members	1:18:00::	1	noun.person	1	0	0	0	1	18
39	members	1:18:00::	1	noun.person	1	0	0	0	1	19
19	members	1:18:00::	1	noun.person	1	0	0	0	0	20
9	members	1:18:00::	1	noun.person	1	0	0	0	0	21
20	members	1:18:00::	1	noun.person	1	0	0	0	0	22
1	members	1:18:00::	1	noun.person	1	0	0	0	0	23
9	members	1:18:00::	1	noun.person	1	0	0	0	0	24
11	member	1:18:00::	1	noun.person	2	2	2	2	2	25
21	members	1:18:00::	1	noun.person	2	2	2	2	2	26
77	members	1:18:00::	1	noun.person	2	2	2	2	2	27
5	member	1:18:00::	1	noun.person	2	0	2	2	2	28
17	members	1:18:00::	1	noun.person	2	0	2	2	2	29
6	member	1:18:00::	1	noun.person	2	0	0	2	2	30
1	members	1:24:00::	2	noun.relation	2	0	0	2	2	31
21	Members	1:18:00::	1	noun.person	2	0	0	2	2	32
8	members	1:18:00::	1	noun.person	2	0	0	2	2	33
17	member	1:18:00::	1	noun.person	2	0	0	2	2	34
14	members	1:18:00::	1	noun.person	2	0	0	0	2	35
0	Members	1:18:00::	1	noun.person	2	0	0	0	2	36
14	members	1:18:00::	1	noun.person	2	0	0	0	2	37
9	members	1:18:00::	1	noun.person	2	0	0	0	2	38
41	members	1:18:00::	1	noun.person	2	0	0	0	2	39
21	members	1:18:00::	1	noun.person	2	0	0	0	2	40
15	members	1:18:00::	1	noun.person	2	0	0	0	2	41
18	members	1:18:00::	1	noun.person	2	0	0	0	2	42
23	members	1:18:00::	1	noun.person	2	0	0	0	2	43
9	members	1:18:00::	1	noun.person	2	0	0	0	2	44
17	members	1:18:00::	1	noun.person	2	0	0	0	0	45
13	members	1:18:00::	1	noun.person	2	0	0	0	0	46
1	members	1:18:00::	1	noun.person	2	0	0	0	0	47
5	member	1:24:00::	2	noun.relation	2	0	0	0	0	48
9	member	1:18:00::	1	noun.person	2	0	0	0	0	49
