position	word	lexsn	wnsn	supersense	X25	X3	X5	X10	X20	index
2	sent	2:35:00::	2	verb.contact	1	1	1	1	1	0
9	sending	2:38:01::	1	verb.motion	1	1	1	1	1	1
0	Send	2:38:01::	1	verb.motion	1	1	1	1	1	2
20	send	2:38:00::	4	verb.motion	1	0	1	1	1	3
8	sent	2:32:00::	3	verb.communication	1	0	1	1	1	4
7	send	2:38:00::	4	verb.motion	1	0	0	1	1	5
16	sent	2:32:02::	6	verb.communication	1	0	0	1	1	6
8	sending	2:38:01::	1	verb.motion	1	0	0	1	1	7
4	sent	2:38:01::	1	verb.motion	1	0	0	1	1	8
34	sent	2:35:00::	2	verb.contact	1	0	0	1	1	9
2	sent	2:38:01::	1	verb.motion	1	0	0	0	1	10
9	sent	2:38:01::	1	verb.motion	1	0	0	0	1	11
3	sent	2:38:01::	1	verb.motion	1	0	0	0	1	12
3	sent	2:32:00::	3	verb.communication	1	0	0	0	1	13
5	sent	2:38:01::	1	verb.motion	1	0	0	0	1	14
1	send	2:38:01::	1	verb.motion	1	0	0	0	1	15
5	sent	2:38:01::	1	verb.motion	1	0	0	0	1	16
18	send	2:38:01::	1	verb.motion	1	0	0	0	1	17
6	send	2:38:01::	1	verb.motion	1	0	0	0	1	18
47	send	2:32:00::	3	verb.communication	1	0	0	0	1	19
5	send	2:38:01::	1	verb.motion	1	0	0	0	0	20
12	sending	2:35:00::	2	verb.contact	1	0	0	0	0	21
10	sent	2:38:01::	1	verb.motion	1	0	0	0	0	22
9	sent	2:35:00::	2	verb.contact	1	0	0	0	0	23
2	send	2:38:01::	1	verb.motion	1	0	0	0	0	24
1	sent	2:38:01::	1	verb.motion	2	2	2	2	2	25
5	send	2:32:00::	3	verb.communication	2	2	2	2	2	26
21	sent	2:38:01::	1	verb.motion	2	2	2	2	2	27
5	send	2:38:01::	1	verb.motion	2	0	2	2	2	28
4	sent	2:33:00::	5	verb.competition	2	0	2	2	2	29
2	sent	2:38:01::	1	verb.motion	2	0	0	2	2	30
27	sent	2:38:00::	4	verb.motion	2	0	0	2	2	31
29	sending	2:38:01::	1	verb.motion	2	0	0	2	2	32
18	send	2:38:01::	1	verb.motion	2	0	0	2	2	33
7	sent	2:40:00::	7	verb.possession	2	0	0	2	2	34
0	Send	2:32:00::	3	verb.communication	2	0	0	0	2	35
3	sent	2:38:01::	1	verb.motion	2	0	0	0	2	36
0	Sent	2:38:01::	1	verb.motion	2	0	0	0	2	37
11	sending	2:38:00::	4	verb.motion	2	0	0	0	2	38
7	send	2:38:01::	1	verb.motion	2	0	0	0	2	39
3	sent	2:38:01::	1	verb.motion	2	0	0	0	2	40
3	sent	2:38:01::	1	verb.motion	2	0	0	0	2	41
27	send	2:32:00::	3	verb.communication	2	0	0	0	2	42
26	sent	2:32:00::	3	verb.communication	2	0	0	0	2	43
4	sent	2:38:01::	1	verb.motion	2	0	0	0	2	44
9	sent	2:38:01::	1	verb.motion	2	0	0	0	0	45
16	sent	2:38:01::	1	verb.motion	2	0	0	0	0	46
16	sent	2:35:00::	2	verb.contact	2	0	0	0	0	47
15	sent	2:32:03::	8	verb.communication	2	0	0	0	0	48
7	sent	2:38:01::	1	verb.motion	2	0	0	0	0	49
