position	word	lexsn	wnsn	supersense	X25	X3	X5	X10	X20	index
18	schools	1:14:02::	4	noun.group	1	1	1	1	1	0
3	schools	1:14:00::	1	noun.group	1	1	1	1	1	1
9	school	1:14:00::	1	noun.group	1	1	1	1	1	2
13	school	1:14:00::	1	noun.group	1	0	1	1	1	3
27	school	1:14:00::	1	noun.group	1	0	1	1	1	4
19	schools	1:14:00::	1	noun.group	1	0	0	1	1	5
1	schools	1:14:00::	1	noun.group	1	0	0	1	1	6
22	schools	1:14:00::	1	noun.group	1	0	0	1	1	7
7	schools	1:14:00::	1	noun.group	1	0	0	1	1	8
5	school	1:06:00::	2	noun.artifact	1	0	0	1	1	9
41	school	1:14:00::	1	noun.group	1	0	0	0	1	10
4	schools	1:14:00::	1	noun.group	1	0	0	0	1	11
4	school	1:06:00::	2	noun.artifact	1	0	0	0	1	12
42	schools	1:14:00::	1	noun.group	1	0	0	0	1	13
2	school	1:14:00::	1	noun.group	1	0	0	0	1	14
8	school	1:14:00::	1	noun.group	1	0	0	0	1	15
17	school	1:14:00::	1	noun.group	1	0	0	0	1	16
9	school	1:14:00::	1	noun.group	1	0	0	0	1	17
18	school	1:14:00::	1	noun.group	1	0	0	0	1	18
19	schools	1:14:00::	1	noun.group	1	0	0	0	1	19
8	school	1:14:00::	1	noun.group	1	0	0	0	0	20
6	school	1:14:00::	1	noun.group	1	0	0	0	0	21
9	school	1:06:00::	2	noun.artifact	1	0	0	0	0	22
15	schools	1:14:00::	1	noun.group	1	0	0	0	0	23
18	schools	1:14:00::	1	noun.group	1	0	0	0	0	24
11	schools	1:14:00::	1	noun.group	2	2	2	2	2	25
10	school	1:14:00::	1	noun.group	2	2	2	2	2	26
21	school	1:14:00::	1	noun.group	2	2	2	2	2	27
18	school	1:14:02::	4	noun.group	2	0	2	2	2	28
15	schools	1:14:00::	1	noun.group	2	0	2	2	2	29
33	school	1:14:00::	1	noun.group	2	0	0	2	2	30
20	school	1:06:00::	2	noun.artifact	2	0	0	2	2	31
1	school	1:06:00::	2	noun.artifact	2	0	0	2	2	32
2	schools	1:14:00::	1	noun.group	2	0	0	2	2	33
12	school	1:14:00::	1	noun.group	2	0	0	2	2	34
7	schools	1:14:00::	1	noun.group	2	0	0	0	2	35
4	schools	1:14:00::	1	noun.group	2	0	0	0	2	36
6	school	1:14:00::	1	noun.group	2	0	0	0	2	37
15	schools	1:14:00::	1	noun.group	2	0	0	0	2	38
13	school	1:14:00::	1	noun.group	2	0	0	0	2	39
8	school	1:14:00::	1	noun.group	2	0	0	0	2	40
9	school	1:28:00::	5	noun.time	2	0	0	0	2	41
21	school	1:14:00::	1	noun.group	2	0	0	0	2	42
18	school	1:14:00::	1	noun.group	2	0	0	0	2	43
7	school	1:14:00::	1	noun.group	2	0	0	0	2	44
13	school	1:14:00::	1	noun.group	2	0	0	0	0	45
9	school	1:14:00::	1	noun.group	2	0	0	0	0	46
11	school	1:14:00::	1	noun.group	2	0	0	0	0	47
24	schools	1:14:00::	1	noun.group	2	0	0	0	0	48
11	school	1:14:00::	1	noun.group	2	0	0	0	0	49
