position	word	lexsn	wnsn	supersense	X25	X3	X5	X10	X20	index
9	sounded	2:39:00::	2	verb.perception	1	1	1	1	1	0
11	sounded	2:39:00::	2	verb.perception	1	1	1	1	1	1
2	sounded	2:39:06::	1	verb.perception	1	1	1	1	1	2
9	sounded	2:39:06::	1	verb.perception	1	0	1	1	1	3
5	sounds	2:39:06::	1	verb.perception	1	0	1	1	1	4
9	sounds	2:39:06::	1	verb.perception	1	0	0	1	1	5
15	sounds	2:39:06::	1	verb.perception	1	0	0	1	1	6
1	sound	2:39:00::	2	verb.perception	1	0	0	1	1	7
1	sounded	2:39:03::	3	verb.perception	1	0	0	1	1	8
7	sound	2:39:06::	1	verb.perception	1	0	0	1	1	9
30	sounds	2:39:03::	3	verb.perception	1	0	0	0	1	10
27	sound	2:39:00::	2	verb.perception	1	0	0	0	1	11
1	sounds	2:39:06::	1	verb.perception	1	0	0	0	1	12
35	sound	2:39:06::	1	verb.perception	1	0	0	0	1	13
1	sounded	2:39:06::	1	verb.perception	1	0	0	0	1	14
4	sound	2:39:06::	1	verb.perception	1	0	0	0	1	15
19	sounded	2:39:00::	2	verb.perception	1	0	0	0	1	16
3	sounds	2:39:06::	1	verb.perception	1	0	0	0	1	17
18	sounds	2:39:06::	1	verb.perception	1	0	0	0	1	18
11	sounded	2:39:06::	1	verb.perception	1	0	0	0	1	19
27	sounded	2:39:06::	1	verb.perception	1	0	0	0	0	20
1	Sounds	2:39:06::	1	verb.perception	1	0	0	0	0	21
1	sounded	2:39:06::	1	verb.perception	1	0	0	0	0	22
16	sounding	2:39:03::	3	verb.perception	1	0	0	0	0	23
2	sound	2:39:06::	1	verb.perception	1	0	0	0	0	24
7	sounded	2:39:00::	2	verb.perception	2	2	2	2	2	25
32	sound	2:39:06::	1	verb.perception	2	2	2	2	2	26
27	sound	2:39:03::	3	verb.perception	2	2	2	2	2	27
23	sound	2:39:06::	1	verb.perception	2	0	2	2	2	28
3	sounds	2:39:06::	1	verb.perception	2	0	2	2	2	29
1	Sounds	2:39:06::	1	verb.perception	2	0	0	2	2	30
22	sound	2:39:06::	1	verb.perception	2	0	0	2	2	31
2	sound	2:39:06::	1	verb.perception	2	0	0	2	2	32
4	sounded	2:39:06::	1	verb.perception	2	0	0	2	2	33
1	Sounds	2:39:06::	1	verb.perception	2	0	0	2	2	34
9	sounded	2:39:00::	2	verb.perception	2	0	0	0	2	35
8	sounded	2:39:00::	2	verb.perception	2	0	0	0	2	36
4	sounds	2:39:06::	1	verb.perception	2	0	0	0	2	37
18	sounded	2:39:00::	2	verb.perception	2	0	0	0	2	38
11	sound	2:39:06::	1	verb.perception	2	0	0	0	2	39
1	sounded	2:39:06::	1	verb.perception	2	0	0	0	2	40
4	sounded	2:39:06::	1	verb.perception	2	0	0	0	2	41
11	sounded	2:39:00::	2	verb.perception	2	0	0	0	2	42
33	sound	2:39:06::	1	verb.perception	2	0	0	0	2	43
16	sound	2:39:06::	1	verb.perception	2	0	0	0	2	44
3	sounds	2:39:06::	1	verb.perception	2	0	0	0	0	45
33	sound	2:39:06::	1	verb.perception	2	0	0	0	0	46
8	sounded	2:39:00::	2	verb.perception	2	0	0	0	0	47
18	sound	2:39:06::	1	verb.perception	2	0	0	0	0	48
14	sounds	2:39:00::	2	verb.perception	2	0	0	0	0	49
