position	word	lexsn	wnsn	supersense	X25	X3	X5	X10	X20	index
9	house	1:06:00::	1	noun.artifact	1	1	1	1	1	0
17	house	1:06:00::	1	noun.artifact	1	1	1	1	1	1
35	houses	1:06:00::	1	noun.artifact	1	1	1	1	1	2
70	house	1:06:00::	1	noun.artifact	1	0	1	1	1	3
19	house	1:06:00::	1	noun.artifact	1	0	1	1	1	4
8	house	1:06:00::	1	noun.artifact	1	0	0	1	1	5
8	house	1:06:00::	1	noun.artifact	1	0	0	1	1	6
17	house	1:06:00::	1	noun.artifact	1	0	0	1	1	7
4	house	1:06:00::	1	noun.artifact	1	0	0	1	1	8
9	house	1:06:00::	1	noun.artifact	1	0	0	1	1	9
10	houses	1:14:01::	2	noun.group	1	0	0	0	1	10
15	house	1:06:00::	1	noun.artifact	1	0	0	0	1	11
14	houses	1:06:00::	1	noun.artifact	1	0	0	0	1	12
16	house	1:06:00::	1	noun.artifact	1	0	0	0	1	13
24	house	1:06:00::	1	noun.artifact	1	0	0	0	1	14
10	house	1:06:00::	1	noun.artifact	1	0	0	0	1	15
23	house	1:14:03::	4	noun.group	1	0	0	0	1	16
9	house	1:06:00::	1	noun.artifact	1	0	0	0	1	17
28	House	1:06:00::	1	noun.artifact	1	0	0	0	1	18
10	house	1:06:00::	1	noun.artifact	1	0	0	0	1	19
5	house	1:06:00::	1	noun.artifact	1	0	0	0	0	20
15	house	1:06:00::	1	noun.artifact	1	0	0	0	0	21
1	house	1:06:00::	1	noun.artifact	1	0	0	0	0	22
12	house	1:06:00::	1	noun.artifact	1	0	0	0	0	23
5	house	1:06:00::	1	noun.artifact	1	0	0	0	0	24
18	house	1:06:00::	1	noun.artifact	2	2	2	2	2	25
6	house	1:06:00::	1	noun.artifact	2	2	2	2	2	26
3	house	1:06:00::	1	noun.artifact	2	2	2	2	2	27
13	house	1:06:00::	1	noun.artifact	2	0	2	2	2	28
14	house	1:06:00::	1	noun.artifact	2	0	2	2	2	29
9	house	1:06:00::	1	noun.artifact	2	0	0	2	2	30
17	houses	1:06:00::	1	noun.artifact	2	0	0	2	2	31
16	house	1:06:00::	1	noun.artifact	2	0	0	2	2	32
11	houses	1:06:00::	1	noun.artifact	2	0	0	2	2	33
7	house	1:06:00::	1	noun.artifact	2	0	0	2	2	34
11	house	1:06:00::	1	noun.artifact	2	0	0	0	2	35
12	house	1:06:00::	1	noun.artifact	2	0	0	0	2	36
8	house	1:06:00::	1	noun.artifact	2	0	0	0	2	37
7	houses	1:06:00::	1	noun.artifact	2	0	0	0	2	38
15	houses	1:06:00::	1	noun.artifact	2	0	0	0	2	39
16	houses	1:06:00::	1	noun.artifact	2	0	0	0	2	40
29	house	1:06:00::	1	noun.artifact	2	0	0	0	2	41
30	house	1:06:00::	1	noun.artifact	2	0	0	0	2	42
2	house	1:06:00::	1	noun.artifact	2	0	0	0	2	43
12	house	1:06:00::	1	noun.artifact	2	0	0	0	2	44
21	house	1:06:00::	1	noun.artifact	2	0	0	0	0	45
3	houses	1:06:00::	1	noun.artifact	2	0	0	0	0	46
27	house	1:06:00::	1	noun.artifact	2	0	0	0	0	47
11	houses	1:06:00::	1	noun.artifact	2	0	0	0	0	48
8	house	1:06:00::	1	noun.artifact	2	0	0	0	0	49
