position	word	lexsn	wnsn	supersense	X25	X3	X5	X10	X20	index
15	pay	2:40:04::	3	verb.possession	1	1	1	1	1	0
22	pay	2:32:00::	2	verb.communication	1	1	1	1	1	1
22	paid	2:32:00::	2	verb.communication	1	1	1	1	1	2
13	pays	2:40:04::	3	verb.possession	1	0	1	1	1	3
14	pay	2:32:00::	2	verb.communication	1	0	1	1	1	4
27	pay	2:40:01::	4	verb.possession	1	0	0	1	1	5
23	pay	2:32:00::	2	verb.communication	1	0	0	1	1	6
51	paid	2:32:00::	2	verb.communication	1	0	0	1	1	7
13	paid	2:40:01::	4	verb.possession	1	0	0	1	1	8
34	pay	2:40:04::	3	verb.possession	1	0	0	1	1	9
7	pay	2:32:00::	2	verb.communication	1	0	0	0	1	10
20	paid	2:32:00::	2	verb.communication	1	0	0	0	1	11
12	pay	2:32:00::	2	verb.communication	1	0	0	0	1	12
9	pay	2:32:00::	2	verb.communication	1	0	0	0	1	13
11	pay	2:40:04::	3	verb.possession	1	0	0	0	1	14
15	pay	2:40:04::	3	verb.possession	1	0	0	0	1	15
9	paid	2:40:01::	4	verb.possession	1	0	0	0	1	16
23	paid	2:40:04::	3	verb.possession	1	0	0	0	1	17
17	paid	2:40:01::	4	verb.possession	1	0	0	0	1	18
3	paid	2:32:00::	2	verb.communication	1	0	0	0	1	19
12	paid	2:32:00::	2	verb.communication	1	0	0	0	0	20
34	paid	2:32:00::	2	verb.communication	1	0	0	0	0	21
1	pay	2:32:00::	2	verb.communication	1	0	0	0	0	22
2	paid	2:32:00::	2	verb.communication	1	0	0	0	0	23
19	pay	2:32:00::	2	verb.communication	1	0	0	0	0	24
18	pay	2:40:00::	1	verb.possession	2	2	2	2	2	25
10	paying	2:40:00::	1	verb.possession	2	2	2	2	2	26
13	pay	2:40:00::	1	verb.possession	2	2	2	2	2	27
14	pay	2:40:00::	1	verb.possession	2	0	2	2	2	28
37	pay	2:40:00::	1	verb.possession	2	0	2	2	2	29
20	pay	2:40:02::	5	verb.possession	2	0	0	2	2	30
4	pay	2:40:00::	1	verb.possession	2	0	0	2	2	31
9	pay	2:40:00::	1	verb.possession	2	0	0	2	2	32
36	paid	2:40:00::	1	verb.possession	2	0	0	2	2	33
39	paid	2:40:00::	1	verb.possession	2	0	0	2	2	34
9	paying	2:40:00::	1	verb.possession	2	0	0	0	2	35
36	paid	2:40:00::	1	verb.possession	2	0	0	0	2	36
2	paid	2:41:00::	8	verb.social	2	0	0	0	2	37
5	pay	2:40:00::	1	verb.possession	2	0	0	0	2	38
4	pay	2:40:00::	1	verb.possession	2	0	0	0	2	39
8	paid	2:40:00::	1	verb.possession	2	0	0	0	2	40
11	paid	2:40:00::	1	verb.possession	2	0	0	0	2	41
2	pays	2:40:00::	1	verb.possession	2	0	0	0	2	42
19	pay	2:40:00::	1	verb.possession	2	0	0	0	2	43
21	paying	2:40:00::	1	verb.possession	2	0	0	0	2	44
8	paid	2:40:00::	1	verb.possession	2	0	0	0	0	45
0	Pay	2:40:00::	1	verb.possession	2	0	0	0	0	46
11	paid	2:40:00::	1	verb.possession	2	0	0	0	0	47
11	pay	2:40:00::	1	verb.possession	2	0	0	0	0	48
13	paid	2:40:00::	1	verb.possession	2	0	0	0	0	49
