position	word	lexsn	wnsn	supersense	X25	X3	X5	X10	X20	index
8	public	3:00:00::	1	adj.all	1	1	1	1	1	0
30	public	5:00:00:common:02	2	adj.all	1	1	1	1	1	1
18	public	3:00:00::	1	adj.all	1	1	1	1	1	2
4	public	3:00:00::	1	adj.all	1	0	1	1	1	3
11	public	3:00:00::	1	adj.all	1	0	1	1	1	4
16	public	3:00:00::	1	adj.all	1	0	0	1	1	5
12	public	3:00:00::	1	adj.all	1	0	0	1	1	6
18	public	3:00:00::	1	adj.all	1	0	0	1	1	7
8	public	5:00:00:common:02	2	adj.all	1	0	0	1	1	8
28	public	3:00:00::	1	adj.all	1	0	0	1	1	9
19	public	5:00:00:common:02	2	adj.all	1	0	0	0	1	10
29	public	3:00:00::	1	adj.all	1	0	0	0	1	11
32	public	3:00:00::	1	adj.all	1	0	0	0	1	12
13	public	3:00:00::	1	adj.all	1	0	0	0	1	13
18	public	3:00:00::	1	adj.all	1	0	0	0	1	14
26	public	5:00:00:common:02	2	adj.all	1	0	0	0	1	15
18	public	3:00:00::	1	adj.all	1	0	0	0	1	16
26	public	3:00:00::	1	adj.all	1	0	0	0	1	17
166	public	3:00:00::	1	adj.all	1	0	0	0	1	18
16	public	3:00:00::	1	adj.all	1	0	0	0	1	19
23	public	3:00:00::	1	adj.all	1	0	0	0	0	20
18	public	3:00:00::	1	adj.all	1	0	0	0	0	21
3	public	3:00:00::	1	adj.all	1	0	0	0	0	22
4	public	3:00:00::	1	adj.all	1	0	0	0	0	23
14	public	3:00:00::	1	adj.all	1	0	0	0	0	24
11	public	3:00:00::	1	adj.all	2	2	2	2	2	25
21	public	3:00:00::	1	adj.all	2	2	2	2	2	26
9	public	5:00:00:common:02	2	adj.all	2	2	2	2	2	27
7	public	5:00:00:common:02	2	adj.all	2	0	2	2	2	28
21	public	3:00:00::	1	adj.all	2	0	2	2	2	29
1	public	3:00:00::	1	adj.all	2	0	0	2	2	30
6	public	3:00:00::	1	adj.all	2	0	0	2	2	31
40	public	5:00:00:common:02	2	adj.all	2	0	0	2	2	32
10	public	3:00:00::	1	adj.all	2	0	0	2	2	33
16	public	5:00:00:common:02	2	adj.all	2	0	0	2	2	34
3	public	3:00:00::	1	adj.all	2	0	0	0	2	35
5	public	3:00:00::	1	adj.all	2	0	0	0	2	36
18	public	3:00:00::	1	adj.all	2	0	0	0	2	37
30	public	3:00:00::	1	adj.all	2	0	0	0	2	38
2	public	3:00:00::	1	adj.all	2	0	0	0	2	39
3	public	5:00:00:common:02	2	adj.all	2	0	0	0	2	40
4	public	5:00:00:common:02	2	adj.all	2	0	0	0	2	41
30	public	5:00:00:common:02	2	adj.all	2	0	0	0	2	42
21	public	3:00:00::	1	adj.all	2	0	0	0	2	43
4	public	3:00:00::	1	adj.all	2	0	0	0	2	44
22	public	3:00:00::	1	adj.all	2	0	0	0	0	45
3	public	5:00:00:common:02	2	adj.all	2	0	0	0	0	46
19	public	5:00:00:common:02	2	adj.all	2	0	0	0	0	47
12	public	5:00:00:common:02	2	adj.all	2	0	0	0	0	48
7	public	3:00:00::	1	adj.all	2	0	0	0	0	49
