position	word	lexsn	wnsn	supersense	X25	X3	X5	X10	X20	index
3	need	1:26:00::	1	noun.state	1	1	1	1	1	0
19	needs	1:03:00::	3	noun.Tops	1	1	1	1	1	1
32	need	1:26:00::	1	noun.state	1	1	1	1	1	2
1	need	1:26:00::	1	noun.state	1	0	1	1	1	3
9	need	1:26:00::	1	noun.state	1	0	1	1	1	4
28	need	1:17:00::	2	noun.object	1	0	0	1	1	5
37	needs	1:17:00::	2	noun.object	1	0	0	1	1	6
19	needs	1:26:00::	1	noun.state	1	0	0	1	1	7
17	needs	1:17:00::	2	noun.object	1	0	0	1	1	8
0	Need	1:26:00::	1	noun.state	1	0	0	1	1	9
5	need	1:26:00::	1	noun.state	1	0	0	0	1	10
27	need	1:26:00::	1	noun.state	1	0	0	0	1	11
18	needs	1:26:00::	1	noun.state	1	0	0	0	1	12
5	need	1:26:00::	1	noun.state	1	0	0	0	1	13
9	need	1:17:00::	2	noun.object	1	0	0	0	1	14
18	needs	1:26:00::	1	noun.state	1	0	0	0	1	15
31	needs	1:17:00::	2	noun.object	1	0	0	0	1	16
6	needs	1:17:00::	2	noun.object	1	0	0	0	1	17
7	needs	1:17:00::	2	noun.object	1	0	0	0	1	18
46	need	1:26:00::	1	noun.state	1	0	0	0	1	19
5	need	1:26:00::	1	noun.state	1	0	0	0	0	20
8	needs	1:17:00::	2	noun.object	1	0	0	0	0	21
2	need	1:17:00::	2	noun.object	1	0	0	0	0	22
11	need	1:26:00::	1	noun.state	1	0	0	0	0	23
17	needs	1:26:00::	1	noun.state	1	0	0	0	0	24
4	need	1:26:00::	1	noun.state	2	2	2	2	2	25
16	need	1:26:00::	1	noun.state	2	2	2	2	2	26
6	need	1:26:00::	1	noun.state	2	2	2	2	2	27
13	need	1:26:00::	1	noun.state	2	0	2	2	2	28
10	need	1:26:00::	1	noun.state	2	0	2	2	2	29
4	need	1:03:00::	3	noun.Tops	2	0	0	2	2	30
1	need	1:17:00::	2	noun.object	2	0	0	2	2	31
23	needs	1:17:00::	2	noun.object	2	0	0	2	2	32
42	needs	1:26:00::	1	noun.state	2	0	0	2	2	33
14	need	1:26:00::	1	noun.state	2	0	0	2	2	34
37	needs	1:17:00::	2	noun.object	2	0	0	0	2	35
27	need	1:26:00::	1	noun.state	2	0	0	0	2	36
3	need	1:17:00::	2	noun.object	2	0	0	0	2	37
3	needs	1:26:00::	1	noun.state	2	0	0	0	2	38
27	needs	1:17:00::	2	noun.object	2	0	0	0	2	39
17	needs	1:17:00::	2	noun.object	2	0	0	0	2	40
28	need	1:03:00::	3	noun.Tops	2	0	0	0	2	41
61	need	1:17:00::	2	noun.object	2	0	0	0	2	42
0	Need	1:03:00::	3	noun.Tops	2	0	0	0	2	43
21	need	1:26:00::	1	noun.state	2	0	0	0	2	44
3	need	1:26:00::	1	noun.state	2	0	0	0	0	45
18	needs	1:17:00::	2	noun.object	2	0	0	0	0	46
24	need	1:26:00::	1	noun.state	2	0	0	0	0	47
9	need	1:17:00::	2	noun.object	2	0	0	0	0	48
18	need	1:26:00::	1	noun.state	2	0	0	0	0	49
