position	word	lexsn	wnsn	supersense	X25	X3	X5	X10	X20	index
30	increased	2:30:00::	1	verb.change	1	1	1	1	1	0
3	increased	2:30:00::	1	verb.change	1	1	1	1	1	1
12	increased	2:30:02::	2	verb.change	1	1	1	1	1	2
17	increasing	2:30:00::	1	verb.change	1	0	1	1	1	3
9	increase	2:30:02::	2	verb.change	1	0	1	1	1	4
54	increase	2:30:02::	2	verb.change	1	0	0	1	1	5
6	increased	2:30:00::	1	verb.change	1	0	0	1	1	6
16	increasing	2:30:00::	1	verb.change	1	0	0	1	1	7
4	increased	2:30:00::	1	verb.change	1	0	0	1	1	8
10	increase	2:30:00::	1	verb.change	1	0	0	1	1	9
4	increase	2:30:02::	2	verb.change	1	0	0	0	1	10
6	increased	2:30:00::	1	verb.change	1	0	0	0	1	11
32	increased	2:30:02::	2	verb.change	1	0	0	0	1	12
34	increasing	2:30:00::	1	verb.change	1	0	0	0	1	13
0	Increasing	2:30:02::	2	verb.change	1	0	0	0	1	14
14	increase	2:30:02::	2	verb.change	1	0	0	0	1	15
7	increase	2:30:00::	1	verb.change	1	0	0	0	1	16
1	increase	2:30:02::	2	verb.change	1	0	0	0	1	17
11	increased	2:30:02::	2	verb.change	1	0	0	0	1	18
29	increased	2:30:00::	1	verb.change	1	0	0	0	1	19
7	increased	2:30:00::	1	verb.change	1	0	0	0	0	20
8	increased	2:30:00::	1	verb.change	1	0	0	0	0	21
30	increased	2:30:00::	1	verb.change	1	0	0	0	0	22
8	increased	2:30:00::	1	verb.change	1	0	0	0	0	23
3	increases	2:30:02::	2	verb.change	1	0	0	0	0	24
3	increase	2:30:02::	2	verb.change	2	2	2	2	2	25
5	increased	2:30:00::	1	verb.change	2	2	2	2	2	26
6	increase	2:30:02::	2	verb.change	2	2	2	2	2	27
17	increasing	2:30:00::	1	verb.change	2	0	2	2	2	28
5	increase	2:30:00::	1	verb.change	2	0	2	2	2	29
13	increase	2:30:02::	2	verb.change	2	0	0	2	2	30
14	increases	2:30:00::	1	verb.change	2	0	0	2	2	31
0	Increases	2:30:02::	2	verb.change	2	0	0	2	2	32
3	increases	2:30:02::	2	verb.change	2	0	0	2	2	33
17	increase	2:30:02::	2	verb.change	2	0	0	2	2	34
6	increasing	2:30:00::	1	verb.change	2	0	0	0	2	35
8	increased	2:30:02::	2	verb.change	2	0	0	0	2	36
3	increase	2:30:02::	2	verb.change	2	0	0	0	2	37
17	increasing	2:30:00::	1	verb.change	2	0	0	0	2	38
14	increase	2:30:00::	1	verb.change	2	0	0	0	2	39
18	increased	2:30:02::	2	verb.change	2	0	0	0	2	40
8	increase	2:30:00::	1	verb.change	2	0	0	0	2	41
18	increases	2:30:00::	1	verb.change	2	0	0	0	2	42
8	increased	2:30:02::	2	verb.change	2	0	0	0	2	43
25	increasing	2:30:00::	1	verb.change	2	0	0	0	2	44
15	increased	2:30:02::	2	verb.change	2	0	0	0	0	45
21	increases	2:30:00::	1	verb.change	2	0	0	0	0	46
10	increase	2:30:02::	2	verb.change	2	0	0	0	0	47
34	increase	2:30:00::	1	verb.change	2	0	0	0	0	48
15	increase	2:30:00::	1	verb.change	2	0	0	0	0	49
