position	word	lexsn	wnsn	supersense	X25	X3	X5	X10	X20	index
13	minute	1:28:00::	1	noun.time	1	1	1	1	1	0
3	minute	1:28:00::	1	noun.time	1	1	1	1	1	1
24	minutes	1:28:00::	1	noun.time	1	1	1	1	1	2
11	minute	1:28:00::	1	noun.time	1	0	1	1	1	3
12	minutes	1:28:00::	1	noun.time	1	0	1	1	1	4
11	minutes	1:28:00::	1	noun.time	1	0	0	1	1	5
32	minutes	1:28:00::	1	noun.time	1	0	0	1	1	6
4	minutes	1:28:00::	1	noun.time	1	0	0	1	1	7
7	minutes	1:28:00::	1	noun.time	1	0	0	1	1	8
7	minutes	1:28:00::	1	noun.time	1	0	0	1	1	9
13	minutes	1:28:00::	1	noun.time	1	0	0	0	1	10
19	minutes	1:28:00::	1	noun.time	1	0	0	0	1	11
2	minutes	1:28:00::	1	noun.time	1	0	0	0	1	12
17	minutes	1:28:00::	1	noun.time	1	0	0	0	1	13
5	minutes	1:28:00::	1	noun.time	1	0	0	0	1	14
10	minutes	1:28:00::	1	noun.time	1	0	0	0	1	15
23	minute	1:28:00::	1	noun.time	1	0	0	0	1	16
15	minutes	1:28:00::	1	noun.time	1	0	0	0	1	17
8	minutes	1:28:00::	1	noun.time	1	0	0	0	1	18
24	minutes	1:28:00::	1	noun.time	1	0	0	0	1	19
3	minutes	1:28:00::	1	noun.time	1	0	0	0	0	20
6	minutes	1:28:00::	1	noun.time	1	0	0	0	0	21
13	minutes	1:28:00::	1	noun.time	1	0	0	0	0	22
1	minutes	1:28:00::	1	noun.time	1	0	0	0	0	23
2	minute	1:28:00::	1	noun.time	1	0	0	0	0	24
8	minute	1:28:00::	1	noun.time	2	2	2	2	2	25
40	minute	1:28:00::	1	noun.time	2	2	2	2	2	26
2	minutes	1:28:00::	1	noun.time	2	2	2	2	2	27
17	minutes	1:28:00::	1	noun.time	2	0	2	2	2	28
3	minutes	1:28:00::	1	noun.time	2	0	2	2	2	29
8	minutes	1:28:00::	1	noun.time	2	0	0	2	2	30
18	minute	1:28:00::	1	noun.time	2	0	0	2	2	31
24	minute	1:28:00::	1	noun.time	2	0	0	2	2	32
2	minutes	1:28:00::	1	noun.time	2	0	0	2	2	33
20	minutes	1:28:00::	1	noun.time	2	0	0	2	2	34
2	minutes	1:28:00::	1	noun.time	2	0	0	0	2	35
9	minutes	1:28:00::	1	noun.time	2	0	0	0	2	36
11	minute	1:28:00::	1	noun.time	2	0	0	0	2	37
2	minute	1:28:00::	1	noun.time	2	0	0	0	2	38
8	minutes	1:28:00::	1	noun.time	2	0	0	0	2	39
41	minute	1:28:00::	1	noun.time	2	0	0	0	2	40
36	minutes	1:28:00::	1	noun.time	2	0	0	0	2	41
8	minute	1:28:00::	1	noun.time	2	0	0	0	2	42
8	minutes	1:28:00::	1	noun.time	2	0	0	0	2	43
10	minutes	1:28:00::	1	noun.time	2	0	0	0	2	44
23	minutes	1:28:00::	1	noun.time	2	0	0	0	0	45
17	minutes	1:28:00::	1	noun.time	2	0	0	0	0	46
5	minute	1:28:00::	1	noun.time	2	0	0	0	0	47
2	minute	1:28:02::	3	noun.time	2	0	0	0	0	48
19	minutes	1:28:01::	2	noun.time	2	0	0	0	0	49
