position	word	lexsn	wnsn	supersense	X25	X3	X5	X10	X20	index
5	night	1:28:00::	1	noun.time	1	1	1	1	1	0
25	nights	1:28:00::	1	noun.time	1	1	1	1	1	1
2	night	1:28:00::	1	noun.time	1	1	1	1	1	2
19	night	1:28:00::	1	noun.time	1	0	1	1	1	3
5	night	1:28:00::	1	noun.time	1	0	1	1	1	4
6	night	1:28:00::	1	noun.time	1	0	0	1	1	5
21	night	1:28:00::	1	noun.time	1	0	0	1	1	6
7	night	1:28:00::	1	noun.time	1	0	0	1	1	7
15	night	1:28:00::	1	noun.time	1	0	0	1	1	8
17	night	1:28:00::	1	noun.time	1	0	0	1	1	9
4	night	1:28:00::	1	noun.time	1	0	0	0	1	10
17	night	1:28:00::	1	noun.time	1	0	0	0	1	11
8	night	1:28:00::	1	noun.time	1	0	0	0	1	12
2	night	1:28:00::	1	noun.time	1	0	0	0	1	13
17	night	1:28:00::	1	noun.time	1	0	0	0	1	14
3	night	1:28:00::	1	noun.time	1	0	0	0	1	15
13	night	1:28:00::	1	noun.time	1	0	0	0	1	16
17	night	1:28:00::	1	noun.time	1	0	0	0	1	17
18	night	1:28:00::	1	noun.time	1	0	0	0	1	18
29	night	1:28:00::	1	noun.time	1	0	0	0	1	19
5	nights	1:28:00::	1	noun.time	1	0	0	0	0	20
9	night	1:28:00::	1	noun.time	1	0	0	0	0	21
17	night	1:28:00::	1	noun.time	1	0	0	0	0	22
14	night	1:28:00::	1	noun.time	1	0	0	0	0	23
12	night	1:28:00::	1	noun.time	1	0	0	0	0	24
23	night	1:28:00::	1	noun.time	2	2	2	2	2	25
56	nights	1:28:00::	1	noun.time	2	2	2	2	2	26
1	night	1:28:00::	1	noun.time	2	2	2	2	2	27
3	night	1:28:00::	1	noun.time	2	0	2	2	2	28
13	night	1:28:00::	1	noun.time	2	0	2	2	2	29
23	night	1:28:00::	1	noun.time	2	0	0	2	2	30
18	night	1:28:00::	1	noun.time	2	0	0	2	2	31
21	night	1:28:00::	1	noun.time	2	0	0	2	2	32
28	night	1:28:00::	1	noun.time	2	0	0	2	2	33
1	night	1:28:00::	1	noun.time	2	0	0	2	2	34
15	night	1:28:00::	1	noun.time	2	0	0	0	2	35
6	night	1:28:00::	1	noun.time	2	0	0	0	2	36
35	night	1:28:00::	1	noun.time	2	0	0	0	2	37
7	night	1:28:00::	1	noun.time	2	0	0	0	2	38
14	night	1:28:00::	1	noun.time	2	0	0	0	2	39
3	nights	1:28:00::	1	noun.time	2	0	0	0	2	40
11	night	1:28:00::	1	noun.time	2	0	0	0	2	41
27	night	1:28:00::	1	noun.time	2	0	0	0	2	42
5	night	1:28:00::	1	noun.time	2	0	0	0	2	43
3	night	1:28:01::	2	noun.time	2	0	0	0	2	44
1	night	1:28:00::	1	noun.time	2	0	0	0	0	45
8	night	1:28:00::	1	noun.time	2	0	0	0	0	46
10	night	1:28:00::	1	noun.time	2	0	0	0	0	47
20	night	1:28:00::	1	noun.time	2	0	0	0	0	48
8	night	1:28:02::	4	noun.time	2	0	0	0	0	49
