position	word	lexsn	wnsn	supersense	X25	X3	X5	X10	X20	index
2	said	2:32:00::	1	verb.communication	1	1	1	1	1	0
1	said	2:32:00::	1	verb.communication	1	1	1	1	1	1
4	said	2:32:00::	1	verb.communication	1	1	1	1	1	2
5	said	2:32:00::	1	verb.communication	1	0	1	1	1	3
17	said	2:32:00::	1	verb.communication	1	0	1	1	1	4
1	said	2:32:01::	2	verb.communication	1	0	0	1	1	5
7	said	2:32:00::	1	verb.communication	1	0	0	1	1	6
7	say	2:32:00::	1	verb.communication	1	0	0	1	1	7
1	said	2:32:00::	1	verb.communication	1	0	0	1	1	8
8	said	2:32:00::	1	verb.communication	1	0	0	1	1	9
9	said	2:32:00::	1	verb.communication	1	0	0	0	1	10
1	said	2:32:00::	1	verb.communication	1	0	0	0	1	11
18	said	2:32:00::	1	verb.communication	1	0	0	0	1	12
2	said	2:32:00::	1	verb.communication	1	0	0	0	1	13
16	say	2:32:03::	3	verb.communication	1	0	0	0	1	14
5	said	2:32:00::	1	verb.communication	1	0	0	0	1	15
1	say	2:32:00::	1	verb.communication	1	0	0	0	1	16
20	said	2:32:00::	1	verb.communication	1	0	0	0	1	17
7	said	2:32:00::	1	verb.communication	1	0	0	0	1	18
1	said	2:32:00::	1	verb.communication	1	0	0	0	1	19
18	said	2:32:00::	1	verb.communication	1	0	0	0	0	20
7	said	2:32:01::	2	verb.communication	1	0	0	0	0	21
5	say	2:32:00::	1	verb.communication	1	0	0	0	0	22
11	said	2:32:00::	1	verb.communication	1	0	0	0	0	23
1	said	2:32:00::	1	verb.communication	1	0	0	0	0	24
5	said	2:32:00::	1	verb.communication	2	2	2	2	2	25
1	said	2:32:00::	1	verb.communication	2	2	2	2	2	26
1	said	2:32:00::	1	verb.communication	2	2	2	2	2	27
21	said	2:32:00::	1	verb.communication	2	0	2	2	2	28
3	said	2:32:00::	1	verb.communication	2	0	2	2	2	29
1	says	2:32:00::	1	verb.communication	2	0	0	2	2	30
3	said	2:32:00::	1	verb.communication	2	0	0	2	2	31
1	said	2:32:00::	1	verb.communication	2	0	0	2	2	32
9	said	2:32:00::	1	verb.communication	2	0	0	2	2	33
4	said	2:32:00::	1	verb.communication	2	0	0	2	2	34
9	said	2:32:00::	1	verb.communication	2	0	0	0	2	35
6	said	2:32:00::	1	verb.communication	2	0	0	0	2	36
3	said	2:32:01::	2	verb.communication	2	0	0	0	2	37
10	said	2:32:00::	1	verb.communication	2	0	0	0	2	38
6	say	2:32:00::	1	verb.communication	2	0	0	0	2	39
11	said	2:32:01::	2	verb.communication	2	0	0	0	2	40
9	said	2:32:00::	1	verb.communication	2	0	0	0	2	41
14	said	2:32:00::	1	verb.communication	2	0	0	0	2	42
4	says	2:32:01::	2	verb.communication	2	0	0	0	2	43
9	says	2:32:00::	1	verb.communication	2	0	0	0	2	44
9	say	2:32:00::	1	verb.communication	2	0	0	0	0	45
8	say	2:32:01::	2	verb.communication	2	0	0	0	0	46
9	said	2:32:00::	1	verb.communication	2	0	0	0	0	47
7	said	2:32:00::	1	verb.communication	2	0	0	0	0	48
1	said	2:32:00::	1	verb.communication	2	0	0	0	0	49
