position	word	lexsn	wnsn	supersense	X25	X3	X5	X10	X20	index
8	special	5:00:00:extraordinary:00	2	adj.all	1	1	1	1	1	0
25	special	5:00:00:uncommon:00	3	adj.all	1	1	1	1	1	1
25	special	5:00:01:specific:00	1	adj.all	1	1	1	1	1	2
22	special	5:00:01:specific:00	1	adj.all	1	0	1	1	1	3
13	special	5:00:00:extraordinary:00	2	adj.all	1	0	1	1	1	4
30	special	5:00:00:extraordinary:00	2	adj.all	1	0	0	1	1	5
19	special	5:00:00:uncommon:00	3	adj.all	1	0	0	1	1	6
8	special	5:00:01:specific:00	1	adj.all	1	0	0	1	1	7
37	special	5:00:01:specific:00	1	adj.all	1	0	0	1	1	8
1	Special	5:00:00:extraordinary:00	2	adj.all	1	0	0	1	1	9
5	special	5:00:01:specific:00	1	adj.all	1	0	0	0	1	10
10	special	5:00:01:specific:00	1	adj.all	1	0	0	0	1	11
6	special	5:00:01:specific:00	1	adj.all	1	0	0	0	1	12
6	special	5:00:00:extraordinary:00	2	adj.all	1	0	0	0	1	13
14	special	5:00:01:specific:00	1	adj.all	1	0	0	0	1	14
15	special	5:00:01:specific:00	1	adj.all	1	0	0	0	1	15
4	special	5:00:00:uncommon:00	3	adj.all	1	0	0	0	1	16
7	special	5:00:01:specific:00	1	adj.all	1	0	0	0	1	17
1	special	5:00:01:specific:00	1	adj.all	1	0	0	0	1	18
16	Special	5:00:00:extraordinary:00	2	adj.all	1	0	0	0	1	19
3	special	5:00:00:extraordinary:00	2	adj.all	1	0	0	0	0	20
26	special	5:00:00:extraordinary:00	2	adj.all	1	0	0	0	0	21
4	special	5:00:00:specialized:00	4	adj.all	1	0	0	0	0	22
41	special	5:00:00:extraordinary:00	2	adj.all	1	0	0	0	0	23
17	special	5:00:01:specific:00	1	adj.all	1	0	0	0	0	24
5	special	5:00:01:specific:00	1	adj.all	2	2	2	2	2	25
17	special	5:00:00:specialized:00	4	adj.all	2	2	2	2	2	26
63	Special	5:00:00:specialized:00	4	adj.all	2	2	2	2	2	27
14	special	5:00:00:specific:00	5	adj.all	2	0	2	2	2	28
9	special	5:00:01:specific:00	1	adj.all	2	0	2	2	2	29
11	special	5:00:00:extraordinary:00	2	adj.all	2	0	0	2	2	30
6	Special	5:00:00:extraordinary:00	2	adj.all	2	0	0	2	2	31
8	special	5:00:00:extraordinary:00	2	adj.all	2	0	0	2	2	32
28	special	5:00:01:specific:00	1	adj.all	2	0	0	2	2	33
8	special	5:00:01:specific:00	1	adj.all	2	0	0	2	2	34
13	special	5:00:00:specific:00	5	adj.all	2	0	0	0	2	35
20	special	5:00:01:specific:00	1	adj.all	2	0	0	0	2	36
6	special	5:00:01:specific:00	1	adj.all	2	0	0	0	2	37
31	special	5:00:00:extraordinary:00	2	adj.all	2	0	0	0	2	38
5	special	5:00:00:extraordinary:00	2	adj.all	2	0	0	0	2	39
7	special	5:00:01:specific:00	1	adj.all	2	0	0	0	2	40
54	special	5:00:01:specific:00	1	adj.all	2	0	0	0	2	41
13	special	5:00:00:uncommon:00	3	adj.all	2	0	0	0	2	42
12	special	5:00:00:extraordinary:00	2	adj.all	2	0	0	0	2	43
19	special	5:00:00:extraordinary:00	2	adj.all	2	0	0	0	2	44
15	special	5:00:00:extraordinary:00	2	adj.all	2	0	0	0	0	45
7	special	5:00:01:specific:00	1	adj.all	2	0	0	0	0	46
12	special	5:00:00:specialized:00	4	adj.all	2	0	0	0	0	47
17	special	5:00:01:specific:00	1	adj.all	2	0	0	0	0	48
17	special	5:00:00:primary:00	6	adj.all	2	0	0	0	0	49
