position	word	lexsn	wnsn	supersense	X25	X3	X5	X10	X20	index
7	providing	2:40:00::	1	verb.possession	1	1	1	1	1	0
5	provide	2:40:00::	1	verb.possession	1	1	1	1	1	1
13	provide	2:40:00::	1	verb.possession	1	1	1	1	1	2
5	provides	2:40:00::	1	verb.possession	1	0	1	1	1	3
2	provides	2:40:00::	1	verb.possession	1	0	1	1	1	4
5	provides	2:40:00::	1	verb.possession	1	0	0	1	1	5
10	provide	2:40:00::	1	verb.possession	1	0	0	1	1	6
21	provide	2:40:00::	1	verb.possession	1	0	0	1	1	7
7	provides	2:40:00::	1	verb.possession	1	0	0	1	1	8
22	providing	2:40:00::	1	verb.possession	1	0	0	1	1	9
4	provide	2:40:00::	1	verb.possession	1	0	0	0	1	10
1	provides	2:40:00::	1	verb.possession	1	0	0	0	1	11
2	provdied	2:40:00::	1	verb.possession	1	0	0	0	1	12
27	provided	2:41:00::	4	verb.social	1	0	0	0	1	13
2	provide	2:40:00::	1	verb.possession	1	0	0	0	1	14
23	provide	2:40:00::	1	verb.possession	1	0	0	0	1	15
23	provided	2:40:00::	1	verb.possession	1	0	0	0	1	16
2	provides	2:40:00::	1	verb.possession	1	0	0	0	1	17
64	providing	2:40:00::	1	verb.possession	1	0	0	0	1	18
22	provide	2:34:00::	2	verb.consumption	1	0	0	0	1	19
3	provide	2:40:00::	1	verb.possession	1	0	0	0	0	20
8	providing	2:40:00::	1	verb.possession	1	0	0	0	0	21
19	provide	2:34:00::	2	verb.consumption	1	0	0	0	0	22
10	provided	2:40:00::	1	verb.possession	1	0	0	0	0	23
15	provides	2:40:00::	1	verb.possession	1	0	0	0	0	24
26	provide	2:40:00::	1	verb.possession	2	2	2	2	2	25
6	provide	2:40:00::	1	verb.possession	2	2	2	2	2	26
2	provided	2:40:00::	1	verb.possession	2	2	2	2	2	27
7	provide	2:40:00::	1	verb.possession	2	0	2	2	2	28
10	providing	2:40:00::	1	verb.possession	2	0	2	2	2	29
14	provided	2:40:00::	1	verb.possession	2	0	0	2	2	30
2	provides	2:40:00::	1	verb.possession	2	0	0	2	2	31
13	provided	2:34:00::	2	verb.consumption	2	0	0	2	2	32
15	provide	2:40:00::	1	verb.possession	2	0	0	2	2	33
1	provide	2:40:00::	1	verb.possession	2	0	0	2	2	34
1	provides	2:40:00::	1	verb.possession	2	0	0	0	2	35
16	provide	2:40:00::	1	verb.possession	2	0	0	0	2	36
22	provides	2:40:00::	1	verb.possession	2	0	0	0	2	37
9	provide	2:40:00::	1	verb.possession	2	0	0	0	2	38
2	provide	2:40:00::	1	verb.possession	2	0	0	0	2	39
7	provides	2:40:00::	1	verb.possession	2	0	0	0	2	40
30	provided	2:40:00::	1	verb.possession	2	0	0	0	2	41
29	provide	2:40:00::	1	verb.possession	2	0	0	0	2	42
11	provide	2:40:00::	1	verb.possession	2	0	0	0	2	43
3	provided	2:34:00::	2	verb.consumption	2	0	0	0	2	44
4	provide	2:34:00::	2	verb.consumption	2	0	0	0	0	45
19	provides	2:40:00::	1	verb.possession	2	0	0	0	0	46
17	provide	2:40:00::	1	verb.possession	2	0	0	0	0	47
3	provide	2:40:00::	1	verb.possession	2	0	0	0	0	48
4	provided	2:40:00::	1	verb.possession	2	0	0	0	0	49
