position	word	lexsn	wnsn	supersense	X25	X3	X5	X10	X20	index
4	let	2:41:00::	1	verb.social	1	1	1	1	1	0
8	letting	2:41:00::	1	verb.social	1	1	1	1	1	1
1	let	2:41:00::	1	verb.social	1	1	1	1	1	2
0	Let	2:41:00::	1	verb.social	1	0	1	1	1	3
2	let	2:41:00::	1	verb.social	1	0	1	1	1	4
7	let	2:41:00::	1	verb.social	1	0	0	1	1	5
14	Let	2:32:00::	2	verb.communication	1	0	0	1	1	6
0	Let	2:41:00::	1	verb.social	1	0	0	1	1	7
35	let	2:41:00::	1	verb.social	1	0	0	1	1	8
0	Let	2:41:00::	1	verb.social	1	0	0	1	1	9
27	let	2:41:00::	1	verb.social	1	0	0	0	1	10
6	let	2:41:00::	1	verb.social	1	0	0	0	1	11
4	let	2:41:00::	1	verb.social	1	0	0	0	1	12
0	Let	2:41:00::	1	verb.social	1	0	0	0	1	13
0	Let	2:41:00::	1	verb.social	1	0	0	0	1	14
7	let	2:41:00::	1	verb.social	1	0	0	0	1	15
4	let	2:41:00::	1	verb.social	1	0	0	0	1	16
10	let	2:41:00::	1	verb.social	1	0	0	0	1	17
13	let	2:41:00::	1	verb.social	1	0	0	0	1	18
9	letting	2:41:00::	1	verb.social	1	0	0	0	1	19
0	Let	2:41:00::	1	verb.social	1	0	0	0	0	20
1	let	2:41:00::	1	verb.social	1	0	0	0	0	21
42	let	2:41:00::	1	verb.social	1	0	0	0	0	22
16	let	2:41:00::	1	verb.social	1	0	0	0	0	23
6	let	2:32:00::	2	verb.communication	1	0	0	0	0	24
17	let	2:41:00::	1	verb.social	2	2	2	2	2	25
6	let	2:41:00::	1	verb.social	2	2	2	2	2	26
4	let	2:32:00::	2	verb.communication	2	2	2	2	2	27
8	let	2:41:00::	1	verb.social	2	0	2	2	2	28
3	let	2:41:00::	1	verb.social	2	0	2	2	2	29
0	Let	2:41:00::	1	verb.social	2	0	0	2	2	30
12	letting	2:41:00::	1	verb.social	2	0	0	2	2	31
1	Let	2:41:00::	1	verb.social	2	0	0	2	2	32
0	Let	2:41:00::	1	verb.social	2	0	0	2	2	33
8	let	2:41:00::	1	verb.social	2	0	0	2	2	34
5	let	2:41:00::	1	verb.social	2	0	0	0	2	35
72	let	2:41:00::	1	verb.social	2	0	0	0	2	36
32	let	2:41:00::	1	verb.social	2	0	0	0	2	37
2	let	2:41:00::	1	verb.social	2	0	0	0	2	38
3	let	2:41:00::	1	verb.social	2	0	0	0	2	39
5	letting	2:41:00::	1	verb.social	2	0	0	0	2	40
0	Let	2:41:00::	1	verb.social	2	0	0	0	2	41
3	let	2:32:00::	2	verb.communication	2	0	0	0	2	42
8	let	2:41:00::	1	verb.social	2	0	0	0	2	43
5	letting	2:41:00::	1	verb.social	2	0	0	0	2	44
17	let	2:41:00::	1	verb.social	2	0	0	0	0	45
4	let	2:41:00::	1	verb.social	2	0	0	0	0	46
1	let	2:41:00::	1	verb.social	2	0	0	0	0	47
1	Let	2:41:00::	1	verb.social	2	0	0	0	0	48
1	Let	2:41:00::	1	verb.social	2	0	0	0	0	49
