position	word	lexsn	wnsn	supersense	X25	X3	X5	X10	X20	index
27	information	1:09:00::	2	noun.cognition	1	1	1	1	1	0
6	information	1:09:00::	2	noun.cognition	1	1	1	1	1	1
10	information	1:09:00::	2	noun.cognition	1	1	1	1	1	2
10	information	1:09:00::	2	noun.cognition	1	0	1	1	1	3
28	information	1:09:00::	2	noun.cognition	1	0	1	1	1	4
0	Information	1:09:00::	2	noun.cognition	1	0	0	1	1	5
1	information	1:09:00::	2	noun.cognition	1	0	0	1	1	6
13	information	1:09:00::	2	noun.cognition	1	0	0	1	1	7
4	information	1:09:00::	2	noun.cognition	1	0	0	1	1	8
24	information	1:09:00::	2	noun.cognition	1	0	0	1	1	9
38	information	1:09:00::	2	noun.cognition	1	0	0	0	1	10
3	information	1:09:00::	2	noun.cognition	1	0	0	0	1	11
8	information	1:09:00::	2	noun.cognition	1	0	0	0	1	12
6	information	1:09:00::	2	noun.cognition	1	0	0	0	1	13
27	information	1:09:00::	2	noun.cognition	1	0	0	0	1	14
7	information	1:09:00::	2	noun.cognition	1	0	0	0	1	15
16	information	1:09:00::	2	noun.cognition	1	0	0	0	1	16
13	information	1:09:00::	2	noun.cognition	1	0	0	0	1	17
217	information	1:09:00::	2	noun.cognition	1	0	0	0	1	18
6	information	1:09:00::	2	noun.cognition	1	0	0	0	1	19
15	information	1:09:00::	2	noun.cognition	1	0	0	0	0	20
4	information	1:09:00::	2	noun.cognition	1	0	0	0	0	21
24	information	1:09:00::	2	noun.cognition	1	0	0	0	0	22
1	information	1:09:00::	2	noun.cognition	1	0	0	0	0	23
29	information	1:09:00::	2	noun.cognition	1	0	0	0	0	24
8	information	1:10:00::	1	noun.communication	2	2	2	2	2	25
1	information	1:10:00::	1	noun.communication	2	2	2	2	2	26
19	information	1:10:00::	1	noun.communication	2	2	2	2	2	27
4	information	1:10:00::	1	noun.communication	2	0	2	2	2	28
0	Information	1:10:00::	1	noun.communication	2	0	2	2	2	29
7	information	1:10:00::	1	noun.communication	2	0	0	2	2	30
8	information	1:10:00::	1	noun.communication	2	0	0	2	2	31
5	information	1:10:00::	1	noun.communication	2	0	0	2	2	32
26	information	1:10:00::	1	noun.communication	2	0	0	2	2	33
10	information	1:10:00::	1	noun.communication	2	0	0	2	2	34
44	information	1:10:00::	1	noun.communication	2	0	0	0	2	35
10	information	1:10:00::	1	noun.communication	2	0	0	0	2	36
25	information	1:10:00::	1	noun.communication	2	0	0	0	2	37
20	information	1:10:00::	1	noun.communication	2	0	0	0	2	38
1	information	1:10:00::	1	noun.communication	2	0	0	0	2	39
13	information	1:10:00::	1	noun.communication	2	0	0	0	2	40
12	information	1:10:00::	1	noun.communication	2	0	0	0	2	41
13	information	1:10:00::	1	noun.communication	2	0	0	0	2	42
11	information	1:10:00::	1	noun.communication	2	0	0	0	2	43
13	information	1:10:00::	1	noun.communication	2	0	0	0	2	44
10	information	1:10:00::	1	noun.communication	2	0	0	0	0	45
1	information	1:10:00::	1	noun.communication	2	0	0	0	0	46
6	information	1:10:00::	1	noun.communication	2	0	0	0	0	47
7	information	1:10:00::	1	noun.communication	2	0	0	0	0	48
2	information	1:10:00::	1	noun.communication	2	0	0	0	0	49
