position	word	lexsn	wnsn	supersense	X25	X3	X5	X10	X20	index
16	office	1:06:00::	1	noun.artifact	1	1	1	1	1	0
21	office	1:04:01::	3	noun.act	1	1	1	1	1	1
3	office	1:06:00::	1	noun.artifact	1	1	1	1	1	2
6	office	1:06:00::	1	noun.artifact	1	0	1	1	1	3
7	office	1:06:00::	1	noun.artifact	1	0	1	1	1	4
12	office	1:06:00::	1	noun.artifact	1	0	0	1	1	5
11	office	1:06:00::	1	noun.artifact	1	0	0	1	1	6
7	office	1:06:00::	1	noun.artifact	1	0	0	1	1	7
8	office	1:14:01::	2	noun.group	1	0	0	1	1	8
9	office	1:06:00::	1	noun.artifact	1	0	0	1	1	9
9	office	1:06:00::	1	noun.artifact	1	0	0	0	1	10
21	office	1:06:00::	1	noun.artifact	1	0	0	0	1	11
2	office	1:06:00::	1	noun.artifact	1	0	0	0	1	12
50	office	1:06:00::	1	noun.artifact	1	0	0	0	1	13
20	office	1:14:01::	2	noun.group	1	0	0	0	1	14
5	office	1:06:00::	1	noun.artifact	1	0	0	0	1	15
5	office	1:06:00::	1	noun.artifact	1	0	0	0	1	16
11	offices	1:14:01::	2	noun.group	1	0	0	0	1	17
6	offices	1:14:01::	2	noun.group	1	0	0	0	1	18
20	office	1:06:00::	1	noun.artifact	1	0	0	0	1	19
15	office	1:06:00::	1	noun.artifact	1	0	0	0	0	20
23	offices	1:14:01::	2	noun.group	1	0	0	0	0	21
20	office	1:06:00::	1	noun.artifact	1	0	0	0	0	22
12	office	1:14:01::	2	noun.group	1	0	0	0	0	23
2	office	1:06:00::	1	noun.artifact	1	0	0	0	0	24
10	offices	1:14:01::	2	noun.group	2	2	2	2	2	25
12	office	1:06:00::	1	noun.artifact	2	2	2	2	2	26
13	office	1:06:00::	1	noun.artifact	2	2	2	2	2	27
5	offices	1:14:01::	2	noun.group	2	0	2	2	2	28
13	office	1:06:00::	1	noun.artifact	2	0	2	2	2	29
5	office	1:06:00::	1	noun.artifact	2	0	0	2	2	30
20	office	1:04:01::	3	noun.act	2	0	0	2	2	31
14	office	1:06:00::	1	noun.artifact	2	0	0	2	2	32
6	office	1:06:00::	1	noun.artifact	2	0	0	2	2	33
20	offices	1:14:01::	2	noun.group	2	0	0	2	2	34
19	office	1:06:00::	1	noun.artifact	2	0	0	0	2	35
8	office	1:06:00::	1	noun.artifact	2	0	0	0	2	36
3	office	1:06:00::	1	noun.artifact	2	0	0	0	2	37
1	Offices	1:14:01::	2	noun.group	2	0	0	0	2	38
31	office	1:06:00::	1	noun.artifact	2	0	0	0	2	39
11	office	1:06:00::	1	noun.artifact	2	0	0	0	2	40
25	office	1:14:01::	2	noun.group	2	0	0	0	2	41
6	office	1:06:00::	1	noun.artifact	2	0	0	0	2	42
11	office	1:06:00::	1	noun.artifact	2	0	0	0	2	43
16	office	1:06:00::	1	noun.artifact	2	0	0	0	2	44
14	office	1:06:00::	1	noun.artifact	2	0	0	0	0	45
24	office	1:14:01::	2	noun.group	2	0	0	0	0	46
49	office	1:04:01::	3	noun.act	2	0	0	0	0	47
10	office	1:06:00::	1	noun.artifact	2	0	0	0	0	48
17	offices	1:06:00::	1	noun.artifact	2	0	0	0	0	49
