position	word	lexsn	wnsn	supersense	X25	X3	X5	X10	X20	index
18	insist	2:32:00::	1	verb.communication	1	1	1	1	1	0
13	insists	2:32:00::	1	verb.communication	1	1	1	1	1	1
1	insist	2:32:00::	1	verb.communication	1	1	1	1	1	2
17	insist	2:32:00::	1	verb.communication	1	0	1	1	1	3
13	insist	2:32:00::	1	verb.communication	1	0	1	1	1	4
24	insist	2:32:00::	1	verb.communication	1	0	0	1	1	5
12	insisting	2:32:00::	1	verb.communication	1	0	0	1	1	6
1	insisted	2:32:00::	1	verb.communication	1	0	0	1	1	7
7	insisting	2:32:00::	1	verb.communication	1	0	0	1	1	8
1	insist	2:32:00::	1	verb.communication	1	0	0	1	1	9
5	insists	2:32:00::	1	verb.communication	1	0	0	0	1	10
2	insist	2:31:00::	3	verb.cognition	1	0	0	0	1	11
42	insists	2:32:00::	1	verb.communication	1	0	0	0	1	12
18	insisting	2:32:00::	1	verb.communication	1	0	0	0	1	13
1	insisted	2:32:00::	1	verb.communication	1	0	0	0	1	14
2	insisted	2:32:00::	1	verb.communication	1	0	0	0	1	15
4	insisted	2:32:00::	1	verb.communication	1	0	0	0	1	16
2	insisted	2:32:00::	1	verb.communication	1	0	0	0	1	17
3	insist	2:32:00::	1	verb.communication	1	0	0	0	1	18
2	insisted	2:32:03::	2	verb.communication	1	0	0	0	1	19
4	insist	2:32:00::	1	verb.communication	1	0	0	0	0	20
20	insisted	2:32:00::	1	verb.communication	1	0	0	0	0	21
28	insisted	2:32:00::	1	verb.communication	1	0	0	0	0	22
1	insisted	2:32:00::	1	verb.communication	1	0	0	0	0	23
9	insisting	2:32:00::	1	verb.communication	1	0	0	0	0	24
3	insists	2:32:00::	1	verb.communication	2	2	2	2	2	25
3	insist	2:32:00::	1	verb.communication	2	2	2	2	2	26
20	insisted	2:32:00::	1	verb.communication	2	2	2	2	2	27
15	insisted	2:32:03::	2	verb.communication	2	0	2	2	2	28
3	insisted	2:32:00::	1	verb.communication	2	0	2	2	2	29
4	insist	2:32:00::	1	verb.communication	2	0	0	2	2	30
1	insisted	2:32:00::	1	verb.communication	2	0	0	2	2	31
6	insisted	2:32:00::	1	verb.communication	2	0	0	2	2	32
2	insist	2:32:00::	1	verb.communication	2	0	0	2	2	33
5	insist	2:32:00::	1	verb.communication	2	0	0	2	2	34
5	insist	2:32:00::	1	verb.communication	2	0	0	0	2	35
15	insisted	2:32:00::	1	verb.communication	2	0	0	0	2	36
16	insists	2:32:00::	1	verb.communication	2	0	0	0	2	37
2	insist	2:32:00::	1	verb.communication	2	0	0	0	2	38
10	insisted	2:32:00::	1	verb.communication	2	0	0	0	2	39
2	insisted	2:32:03::	2	verb.communication	2	0	0	0	2	40
3	insists	2:32:00::	1	verb.communication	2	0	0	0	2	41
2	insisted	2:32:00::	1	verb.communication	2	0	0	0	2	42
25	insist	2:32:00::	1	verb.communication	2	0	0	0	2	43
3	insisted	2:32:00::	1	verb.communication	2	0	0	0	2	44
8	insist	2:32:00::	1	verb.communication	2	0	0	0	0	45
17	insisting	2:32:00::	1	verb.communication	2	0	0	0	0	46
11	insisted	2:32:00::	1	verb.communication	2	0	0	0	0	47
15	insist	2:32:00::	1	verb.communication	2	0	0	0	0	48
51	insisted	2:32:00::	1	verb.communication	2	0	0	0	0	49
