position	word	lexsn	wnsn	supersense	X25	X3	X5	X10	X20	index
1	increase	1:11:00::	2	noun.event	1	1	1	1	1	0
15	increase	1:11:00::	2	noun.event	1	1	1	1	1	1
18	increase	1:11:00::	2	noun.event	1	1	1	1	1	2
9	increase	1:11:00::	2	noun.event	1	0	1	1	1	3
18	increases	1:23:00::	1	noun.quantity	1	0	1	1	1	4
11	increase	1:23:00::	1	noun.quantity	1	0	0	1	1	5
19	increase	1:23:00::	1	noun.quantity	1	0	0	1	1	6
14	increases	1:23:00::	1	noun.quantity	1	0	0	1	1	7
33	increase	1:11:00::	2	noun.event	1	0	0	1	1	8
35	increases	1:23:00::	1	noun.quantity	1	0	0	1	1	9
5	increases	1:22:00::	3	noun.process	1	0	0	0	1	10
7	increases	1:23:00::	1	noun.quantity	1	0	0	0	1	11
19	increase	1:11:00::	2	noun.event	1	0	0	0	1	12
14	increase	1:11:00::	2	noun.event	1	0	0	0	1	13
21	increase	1:23:00::	1	noun.quantity	1	0	0	0	1	14
22	increase	1:04:00::	5	noun.act	1	0	0	0	1	15
25	increase	1:11:00::	2	noun.event	1	0	0	0	1	16
36	increases	1:11:00::	2	noun.event	1	0	0	0	1	17
5	increases	1:23:00::	1	noun.quantity	1	0	0	0	1	18
11	increase	1:11:00::	2	noun.event	1	0	0	0	1	19
25	increases	1:23:00::	1	noun.quantity	1	0	0	0	0	20
3	increase	1:22:00::	3	noun.process	1	0	0	0	0	21
13	increases	1:23:00::	1	noun.quantity	1	0	0	0	0	22
40	increase	1:23:00::	1	noun.quantity	1	0	0	0	0	23
18	increase	1:23:00::	1	noun.quantity	1	0	0	0	0	24
15	increase	1:11:00::	2	noun.event	2	2	2	2	2	25
17	increases	1:23:00::	1	noun.quantity	2	2	2	2	2	26
13	increase	1:23:00::	1	noun.quantity	2	2	2	2	2	27
6	increase	1:23:00::	1	noun.quantity	2	0	2	2	2	28
16	increase	1:07:00::	4	noun.attribute	2	0	2	2	2	29
7	increases	1:07:00::	4	noun.attribute	2	0	0	2	2	30
13	increase	1:04:00::	5	noun.act	2	0	0	2	2	31
12	increases	1:23:00::	1	noun.quantity	2	0	0	2	2	32
1	increases	1:11:00::	2	noun.event	2	0	0	2	2	33
9	increase	1:11:00::	2	noun.event	2	0	0	2	2	34
1	increase	1:11:00::	2	noun.event	2	0	0	0	2	35
12	increase	1:23:00::	1	noun.quantity	2	0	0	0	2	36
16	increases	1:23:00::	1	noun.quantity	2	0	0	0	2	37
31	increase	1:11:00::	2	noun.event	2	0	0	0	2	38
2	increase	1:11:00::	2	noun.event	2	0	0	0	2	39
22	increase	1:23:00::	1	noun.quantity	2	0	0	0	2	40
2	increase	1:22:00::	3	noun.process	2	0	0	0	2	41
11	increase	1:23:00::	1	noun.quantity	2	0	0	0	2	42
2	increase	1:11:00::	2	noun.event	2	0	0	0	2	43
29	increase	1:23:00::	1	noun.quantity	2	0	0	0	2	44
17	increase	1:23:00::	1	noun.quantity	2	0	0	0	0	45
43	increase	1:22:00::	3	noun.process	2	0	0	0	0	46
4	increase	1:04:00::	5	noun.act	2	0	0	0	0	47
29	increase	1:07:00::	4	noun.attribute	2	0	0	0	0	48
13	increase	1:23:00::	1	noun.quantity	2	0	0	0	0	49
