position	word	lexsn	wnsn	supersense	X25	X3	X5	X10	X20	index
13	learning	2:31:01::	2	verb.cognition	1	1	1	1	1	0
5	learning	2:31:00::	1	verb.cognition	1	1	1	1	1	1
12	learned	2:31:00::	1	verb.cognition	1	1	1	1	1	2
13	learn	2:31:03::	3	verb.cognition	1	0	1	1	1	3
3	learned	2:31:01::	2	verb.cognition	1	0	1	1	1	4
6	learn	2:31:00::	1	verb.cognition	1	0	0	1	1	5
8	learned	2:31:01::	2	verb.cognition	1	0	0	1	1	6
2	learned	2:31:01::	2	verb.cognition	1	0	0	1	1	7
16	learn	2:31:00::	1	verb.cognition	1	0	0	1	1	8
34	learned	2:31:00::	1	verb.cognition	1	0	0	1	1	9
32	learned	2:31:00::	1	verb.cognition	1	0	0	0	1	10
6	learned	2:31:00::	1	verb.cognition	1	0	0	0	1	11
6	learned	2:31:01::	2	verb.cognition	1	0	0	0	1	12
2	learn	2:31:00::	1	verb.cognition	1	0	0	0	1	13
6	learn	2:31:00::	1	verb.cognition	1	0	0	0	1	14
23	learned	2:31:01::	2	verb.cognition	1	0	0	0	1	15
5	learned	2:31:01::	2	verb.cognition	1	0	0	0	1	16
1	learn	2:31:00::	1	verb.cognition	1	0	0	0	1	17
3	learn	2:31:00::	1	verb.cognition	1	0	0	0	1	18
2	learned	2:31:01::	2	verb.cognition	1	0	0	0	1	19
15	learned	2:31:01::	2	verb.cognition	1	0	0	0	0	20
19	learn	2:31:00::	1	verb.cognition	1	0	0	0	0	21
69	learns	2:31:00::	1	verb.cognition	1	0	0	0	0	22
10	learned	2:31:00::	1	verb.cognition	1	0	0	0	0	23
5	learn	2:31:00::	1	verb.cognition	1	0	0	0	0	24
12	learn	2:31:00::	1	verb.cognition	2	2	2	2	2	25
19	learn	2:31:01::	2	verb.cognition	2	2	2	2	2	26
11	learn	2:31:00::	1	verb.cognition	2	2	2	2	2	27
2	learn	2:31:01::	2	verb.cognition	2	0	2	2	2	28
8	learn	2:31:00::	1	verb.cognition	2	0	2	2	2	29
46	learning	2:31:00::	1	verb.cognition	2	0	0	2	2	30
26	learned	2:31:01::	2	verb.cognition	2	0	0	2	2	31
7	learned	2:31:01::	2	verb.cognition	2	0	0	2	2	32
26	learned	2:31:00::	1	verb.cognition	2	0	0	2	2	33
15	learned	2:31:00::	1	verb.cognition	2	0	0	2	2	34
2	learn	2:31:00::	1	verb.cognition	2	0	0	0	2	35
1	learned	2:31:01::	2	verb.cognition	2	0	0	0	2	36
21	learned	2:31:00::	1	verb.cognition	2	0	0	0	2	37
6	learned	2:31:01::	2	verb.cognition	2	0	0	0	2	38
8	learning	2:31:00::	1	verb.cognition	2	0	0	0	2	39
2	learned	2:31:01::	2	verb.cognition	2	0	0	0	2	40
2	learned	2:31:00::	1	verb.cognition	2	0	0	0	2	41
4	learned	2:31:00::	1	verb.cognition	2	0	0	0	2	42
55	learning	2:31:00::	1	verb.cognition	2	0	0	0	2	43
17	learn	2:31:00::	1	verb.cognition	2	0	0	0	2	44
15	learned	2:31:00::	1	verb.cognition	2	0	0	0	0	45
7	learn	2:31:03::	3	verb.cognition	2	0	0	0	0	46
8	learn	2:31:01::	2	verb.cognition	2	0	0	0	0	47
5	learned	2:31:01::	2	verb.cognition	2	0	0	0	0	48
6	learning	2:31:00::	1	verb.cognition	2	0	0	0	0	49
