position	word	lexsn	wnsn	supersense	X25	X3	X5	X10	X20	index
13	price	1:10:00::	5	noun.communication	1	1	1	1	1	0
6	price	1:21:00::	2	noun.possession	1	1	1	1	1	1
11	price	1:07:00::	1	noun.attribute	1	1	1	1	1	2
15	price	1:07:00::	1	noun.attribute	1	0	1	1	1	3
12	price	1:07:00::	1	noun.attribute	1	0	1	1	1	4
6	price	1:21:00::	2	noun.possession	1	0	0	1	1	5
12	price	1:07:00::	1	noun.attribute	1	0	0	1	1	6
8	prices	1:07:00::	1	noun.attribute	1	0	0	1	1	7
32	prices	1:07:00::	1	noun.attribute	1	0	0	1	1	8
3	price	1:07:00::	1	noun.attribute	1	0	0	1	1	9
10	price	1:07:00::	1	noun.attribute	1	0	0	0	1	10
32	price	1:07:00::	1	noun.attribute	1	0	0	0	1	11
10	price	1:21:00::	2	noun.possession	1	0	0	0	1	12
6	price	1:07:00::	1	noun.attribute	1	0	0	0	1	13
10	price	1:21:00::	2	noun.possession	1	0	0	0	1	14
24	price	1:07:00::	1	noun.attribute	1	0	0	0	1	15
3	price	1:21:00::	2	noun.possession	1	0	0	0	1	16
24	price	1:07:00::	1	noun.attribute	1	0	0	0	1	17
14	price	1:07:00::	1	noun.attribute	1	0	0	0	1	18
18	price	1:07:00::	1	noun.attribute	1	0	0	0	1	19
33	prices	1:07:00::	1	noun.attribute	1	0	0	0	0	20
15	prices	1:07:00::	1	noun.attribute	1	0	0	0	0	21
6	prices	1:07:00::	1	noun.attribute	1	0	0	0	0	22
17	prices	1:07:00::	1	noun.attribute	1	0	0	0	0	23
7	prices	1:07:00::	1	noun.attribute	1	0	0	0	0	24
16	prices	1:07:00::	1	noun.attribute	2	2	2	2	2	25
20	price	1:07:00::	1	noun.attribute	2	2	2	2	2	26
21	prices	1:07:00::	1	noun.attribute	2	2	2	2	2	27
5	price	1:07:00::	1	noun.attribute	2	0	2	2	2	28
26	price	1:07:00::	1	noun.attribute	2	0	2	2	2	29
11	price	1:07:00::	1	noun.attribute	2	0	0	2	2	30
10	prices	1:07:00::	1	noun.attribute	2	0	0	2	2	31
22	price	1:21:00::	2	noun.possession	2	0	0	2	2	32
5	price	1:07:01::	4	noun.attribute	2	0	0	2	2	33
37	prices	1:07:00::	1	noun.attribute	2	0	0	2	2	34
7	price	1:07:00::	1	noun.attribute	2	0	0	0	2	35
5	price	1:07:00::	1	noun.attribute	2	0	0	0	2	36
9	prices	1:07:00::	1	noun.attribute	2	0	0	0	2	37
11	prices	1:07:00::	1	noun.attribute	2	0	0	0	2	38
29	prices	1:21:00::	2	noun.possession	2	0	0	0	2	39
21	price	1:07:00::	1	noun.attribute	2	0	0	0	2	40
23	price	1:07:00::	1	noun.attribute	2	0	0	0	2	41
21	price	1:07:00::	1	noun.attribute	2	0	0	0	2	42
21	pricing	1:21:00::	2	noun.possession	2	0	0	0	2	43
1	price	1:07:00::	1	noun.attribute	2	0	0	0	2	44
14	price	1:07:00::	1	noun.attribute	2	0	0	0	0	45
18	price	1:07:00::	1	noun.attribute	2	0	0	0	0	46
10	price	1:07:00::	1	noun.attribute	2	0	0	0	0	47
14	price	1:07:02::	3	noun.attribute	2	0	0	0	0	48
22	price	1:07:00::	1	noun.attribute	2	0	0	0	0	49
