position	word	lexsn	wnsn	supersense	X25	X3	X5	X10	X20	index
11	record	1:23:00::	3	noun.quantity	1	1	1	1	1	0
6	record	1:06:00::	2	noun.artifact	1	1	1	1	1	1
8	records	1:06:00::	2	noun.artifact	1	1	1	1	1	2
31	records	1:06:00::	2	noun.artifact	1	0	1	1	1	3
6	record	1:23:00::	3	noun.quantity	1	0	1	1	1	4
28	record	1:06:00::	2	noun.artifact	1	0	0	1	1	5
44	record	1:06:00::	2	noun.artifact	1	0	0	1	1	6
9	record	1:06:00::	2	noun.artifact	1	0	0	1	1	7
3	records	1:06:00::	2	noun.artifact	1	0	0	1	1	8
12	record	1:23:00::	3	noun.quantity	1	0	0	1	1	9
12	records	1:06:00::	2	noun.artifact	1	0	0	0	1	10
0	Records	1:06:00::	2	noun.artifact	1	0	0	0	1	11
6	record	1:06:00::	2	noun.artifact	1	0	0	0	1	12
29	record	1:04:00::	6	noun.act	1	0	0	0	1	13
10	record	1:04:01::	4	noun.act	1	0	0	0	1	14
2	records	1:06:00::	2	noun.artifact	1	0	0	0	1	15
26	records	1:06:00::	2	noun.artifact	1	0	0	0	1	16
38	record	1:04:00::	6	noun.act	1	0	0	0	1	17
5	records	1:06:00::	2	noun.artifact	1	0	0	0	1	18
7	record	1:06:00::	2	noun.artifact	1	0	0	0	1	19
10	record	1:04:00::	6	noun.act	1	0	0	0	0	20
1	records	1:06:00::	2	noun.artifact	1	0	0	0	0	21
28	record	1:23:00::	3	noun.quantity	1	0	0	0	0	22
22	record	1:06:00::	2	noun.artifact	1	0	0	0	0	23
1	record	1:04:01::	4	noun.act	1	0	0	0	0	24
1	records	1:10:03::	1	noun.communication	2	2	2	2	2	25
7	record	1:10:03::	1	noun.communication	2	2	2	2	2	26
8	records	1:10:02::	5	noun.communication	2	2	2	2	2	27
25	records	1:10:03::	1	noun.communication	2	0	2	2	2	28
4	record	1:10:03::	1	noun.communication	2	0	2	2	2	29
7	record	1:10:03::	1	noun.communication	2	0	0	2	2	30
21	record	1:10:03::	1	noun.communication	2	0	0	2	2	31
12	records	1:10:03::	1	noun.communication	2	0	0	2	2	32
1	record	1:10:02::	5	noun.communication	2	0	0	2	2	33
7	records	1:10:03::	1	noun.communication	2	0	0	2	2	34
3	records	1:10:03::	1	noun.communication	2	0	0	0	2	35
0	Records	1:10:03::	1	noun.communication	2	0	0	0	2	36
1	records	1:10:03::	1	noun.communication	2	0	0	0	2	37
30	record	1:10:03::	1	noun.communication	2	0	0	0	2	38
5	record	1:10:03::	1	noun.communication	2	0	0	0	2	39
11	record	1:10:03::	1	noun.communication	2	0	0	0	2	40
27	records	1:10:03::	1	noun.communication	2	0	0	0	2	41
17	record	1:10:03::	1	noun.communication	2	0	0	0	2	42
12	records	1:10:03::	1	noun.communication	2	0	0	0	2	43
1	record	1:10:03::	1	noun.communication	2	0	0	0	2	44
26	record	1:10:03::	1	noun.communication	2	0	0	0	0	45
9	records	1:21:00::	7	noun.possession	2	0	0	0	0	46
2	records	1:10:03::	1	noun.communication	2	0	0	0	0	47
18	records	1:10:03::	1	noun.communication	2	0	0	0	0	48
44	record	1:10:03::	1	noun.communication	2	0	0	0	0	49
