position	word	lexsn	wnsn	supersense	X25	X3	X5	X10	X20	index
8	producing	2:36:02::	1	verb.creation	1	1	1	1	1	0
4	produce	2:36:05::	5	verb.creation	1	1	1	1	1	1
24	producing	2:36:02::	1	verb.creation	1	1	1	1	1	2
32	producing	2:36:03::	3	verb.creation	1	0	1	1	1	3
16	produced	2:36:00::	2	verb.creation	1	0	1	1	1	4
14	produced	2:36:03::	3	verb.creation	1	0	0	1	1	5
20	producing	2:36:00::	2	verb.creation	1	0	0	1	1	6
21	produce	2:36:05::	5	verb.creation	1	0	0	1	1	7
13	produce	2:36:03::	3	verb.creation	1	0	0	1	1	8
7	produced	2:39:01::	4	verb.perception	1	0	0	1	1	9
26	produced	2:36:02::	1	verb.creation	1	0	0	0	1	10
7	produces	2:36:03::	3	verb.creation	1	0	0	0	1	11
11	produce	2:36:05::	5	verb.creation	1	0	0	0	1	12
11	produces	2:36:03::	3	verb.creation	1	0	0	0	1	13
7	produced	2:36:02::	1	verb.creation	1	0	0	0	1	14
14	produce	2:36:02::	1	verb.creation	1	0	0	0	1	15
33	produced	2:36:03::	3	verb.creation	1	0	0	0	1	16
15	producing	2:36:00::	2	verb.creation	1	0	0	0	1	17
13	produced	2:36:00::	2	verb.creation	1	0	0	0	1	18
4	produce	2:36:03::	3	verb.creation	1	0	0	0	1	19
5	produced	2:36:03::	3	verb.creation	1	0	0	0	0	20
13	produced	2:36:02::	1	verb.creation	1	0	0	0	0	21
25	produced	2:36:02::	1	verb.creation	1	0	0	0	0	22
24	produce	2:36:00::	2	verb.creation	1	0	0	0	0	23
24	produce	2:36:02::	1	verb.creation	1	0	0	0	0	24
18	produce	2:39:01::	4	verb.perception	2	2	2	2	2	25
51	produces	2:36:03::	3	verb.creation	2	2	2	2	2	26
7	produces	2:36:02::	1	verb.creation	2	2	2	2	2	27
22	produced	2:36:02::	1	verb.creation	2	0	2	2	2	28
15	produce	2:36:00::	2	verb.creation	2	0	2	2	2	29
15	produce	2:36:02::	1	verb.creation	2	0	0	2	2	30
9	produced	2:39:00::	6	verb.perception	2	0	0	2	2	31
11	produce	2:36:02::	1	verb.creation	2	0	0	2	2	32
5	produced	2:36:02::	1	verb.creation	2	0	0	2	2	33
29	produced	2:36:02::	1	verb.creation	2	0	0	2	2	34
12	produce	2:36:02::	1	verb.creation	2	0	0	0	2	35
8	produced	2:36:02::	1	verb.creation	2	0	0	0	2	36
20	produce	2:36:03::	3	verb.creation	2	0	0	0	2	37
42	produced	2:36:00::	2	verb.creation	2	0	0	0	2	38
12	produce	2:36:00::	2	verb.creation	2	0	0	0	2	39
12	produced	2:36:02::	1	verb.creation	2	0	0	0	2	40
4	produced	2:39:00::	6	verb.perception	2	0	0	0	2	41
33	produce	2:36:03::	3	verb.creation	2	0	0	0	2	42
13	produce	2:36:05::	5	verb.creation	2	0	0	0	2	43
8	produced	2:39:00::	6	verb.perception	2	0	0	0	2	44
6	produced	2:36:02::	1	verb.creation	2	0	0	0	0	45
16	produced	2:36:03::	3	verb.creation	2	0	0	0	0	46
13	producing	2:36:00::	2	verb.creation	2	0	0	0	0	47
17	producing	2:36:03::	3	verb.creation	2	0	0	0	0	48
11	produces	2:36:02::	1	verb.creation	2	0	0	0	0	49
