position	word	lexsn	wnsn	supersense	X25	X3	X5	X10	X20	index
10	reduced	2:30:00::	1	verb.change	1	1	1	1	1	0
25	reduced	2:40:04::	4	verb.possession	1	1	1	1	1	1
0	Reduces	2:30:00::	1	verb.change	1	1	1	1	1	2
10	reduce	2:30:00::	1	verb.change	1	0	1	1	1	3
19	reduced	2:37:00::	5	verb.emotion	1	0	1	1	1	4
5	reduce	2:30:06::	2	verb.change	1	0	0	1	1	5
19	reducing	2:30:00::	1	verb.change	1	0	0	1	1	6
10	reduced	2:30:05::	7	verb.change	1	0	0	1	1	7
9	reduce	2:30:00::	1	verb.change	1	0	0	1	1	8
3	reduce	2:30:00::	1	verb.change	1	0	0	1	1	9
33	reduced	2:30:00::	1	verb.change	1	0	0	0	1	10
2	reduced	2:30:11::	6	verb.change	1	0	0	0	1	11
4	reduce	2:30:00::	1	verb.change	1	0	0	0	1	12
33	reduced	2:41:00::	3	verb.social	1	0	0	0	1	13
12	reduce	2:30:00::	1	verb.change	1	0	0	0	1	14
8	reduce	2:30:00::	1	verb.change	1	0	0	0	1	15
45	reducing	2:30:06::	2	verb.change	1	0	0	0	1	16
19	reduce	2:40:04::	4	verb.possession	1	0	0	0	1	17
4	reducing	2:30:00::	1	verb.change	1	0	0	0	1	18
18	reducing	2:30:00::	1	verb.change	1	0	0	0	1	19
5	reduced	2:30:00::	1	verb.change	1	0	0	0	0	20
14	reduced	2:41:00::	3	verb.social	1	0	0	0	0	21
4	reduce	2:30:00::	1	verb.change	1	0	0	0	0	22
26	reduce	2:30:00::	1	verb.change	1	0	0	0	0	23
37	reduced	2:30:00::	1	verb.change	1	0	0	0	0	24
7	reduce	2:30:00::	1	verb.change	2	2	2	2	2	25
24	reduced	2:30:00::	1	verb.change	2	2	2	2	2	26
14	reducing	2:30:00::	1	verb.change	2	2	2	2	2	27
26	reduce	2:30:00::	1	verb.change	2	0	2	2	2	28
13	reduced	2:30:00::	1	verb.change	2	0	2	2	2	29
1	reducing	2:30:00::	1	verb.change	2	0	0	2	2	30
5	reducing	2:30:00::	1	verb.change	2	0	0	2	2	31
14	reduce	2:30:00::	1	verb.change	2	0	0	2	2	32
4	reduced	2:30:06::	2	verb.change	2	0	0	2	2	33
19	reduce	2:30:00::	1	verb.change	2	0	0	2	2	34
9	reduced	2:30:00::	1	verb.change	2	0	0	0	2	35
9	reduce	2:30:00::	1	verb.change	2	0	0	0	2	36
8	reduce	2:30:00::	1	verb.change	2	0	0	0	2	37
9	reducing	2:30:00::	1	verb.change	2	0	0	0	2	38
37	reduce	2:30:00::	1	verb.change	2	0	0	0	2	39
8	reduces	2:30:00::	1	verb.change	2	0	0	0	2	40
23	reduced	2:30:00::	1	verb.change	2	0	0	0	2	41
13	reduce	2:30:00::	1	verb.change	2	0	0	0	2	42
6	reduced	2:30:00::	1	verb.change	2	0	0	0	2	43
21	reduced	2:30:00::	1	verb.change	2	0	0	0	2	44
10	reducing	2:30:06::	2	verb.change	2	0	0	0	0	45
16	reduced	2:30:00::	1	verb.change	2	0	0	0	0	46
21	reduced	2:30:00::	1	verb.change	2	0	0	0	0	47
9	reduce	2:30:06::	2	verb.change	2	0	0	0	0	48
12	reduce	2:30:00::	1	verb.change	2	0	0	0	0	49
