position	word	lexsn	wnsn	supersense	X25	X3	X5	X10	X20	index
28	matter	1:09:00::	2	noun.cognition	1	1	1	1	1	0
27	matters	1:09:00::	2	noun.cognition	1	1	1	1	1	1
12	matter	1:09:01::	1	noun.cognition	1	1	1	1	1	2
4	matter	1:09:00::	2	noun.cognition	1	0	1	1	1	3
36	matters	1:09:00::	2	noun.cognition	1	0	1	1	1	4
2	matter	1:09:01::	1	noun.cognition	1	0	0	1	1	5
26	matter	1:09:01::	1	noun.cognition	1	0	0	1	1	6
19	matter	1:09:01::	1	noun.cognition	1	0	0	1	1	7
10	matter	1:03:00::	3	noun.Tops	1	0	0	1	1	8
1	matters	1:09:00::	2	noun.cognition	1	0	0	1	1	9
4	matters	1:09:01::	1	noun.cognition	1	0	0	0	1	10
19	matters	1:09:01::	1	noun.cognition	1	0	0	0	1	11
6	matters	1:09:01::	1	noun.cognition	1	0	0	0	1	12
8	matter	1:09:00::	2	noun.cognition	1	0	0	0	1	13
13	matter	1:09:01::	1	noun.cognition	1	0	0	0	1	14
22	matters	1:09:00::	2	noun.cognition	1	0	0	0	1	15
27	matter	1:09:01::	1	noun.cognition	1	0	0	0	1	16
1	matter	1:09:00::	2	noun.cognition	1	0	0	0	1	17
9	matter	1:03:00::	3	noun.Tops	1	0	0	0	1	18
16	matter	1:09:00::	2	noun.cognition	1	0	0	0	1	19
12	matters	1:09:01::	1	noun.cognition	1	0	0	0	0	20
11	matters	1:09:01::	1	noun.cognition	1	0	0	0	0	21
20	matter	1:09:00::	2	noun.cognition	1	0	0	0	0	22
7	matter	1:09:00::	2	noun.cognition	1	0	0	0	0	23
4	matter	1:09:01::	1	noun.cognition	1	0	0	0	0	24
78	matter	1:09:00::	2	noun.cognition	2	2	2	2	2	25
43	matter	1:09:01::	1	noun.cognition	2	2	2	2	2	26
9	matter	1:09:00::	2	noun.cognition	2	2	2	2	2	27
42	matters	1:09:00::	2	noun.cognition	2	0	2	2	2	28
2	matter	1:09:00::	2	noun.cognition	2	0	2	2	2	29
10	matter	1:09:01::	1	noun.cognition	2	0	0	2	2	30
24	matter	1:09:00::	2	noun.cognition	2	0	0	2	2	31
11	matter	1:09:01::	1	noun.cognition	2	0	0	2	2	32
42	matter	1:03:00::	3	noun.Tops	2	0	0	2	2	33
10	matter	1:09:01::	1	noun.cognition	2	0	0	2	2	34
56	matter	1:09:00::	2	noun.cognition	2	0	0	0	2	35
3	matter	1:09:01::	1	noun.cognition	2	0	0	0	2	36
8	matter	1:03:00::	3	noun.Tops	2	0	0	0	2	37
24	matters	1:09:01::	1	noun.cognition	2	0	0	0	2	38
38	matter	1:03:00::	3	noun.Tops	2	0	0	0	2	39
3	matter	1:09:01::	1	noun.cognition	2	0	0	0	2	40
35	matter	1:09:00::	2	noun.cognition	2	0	0	0	2	41
44	matter	1:09:01::	1	noun.cognition	2	0	0	0	2	42
20	matter	1:09:00::	2	noun.cognition	2	0	0	0	2	43
12	matter	1:09:00::	2	noun.cognition	2	0	0	0	2	44
21	matter	1:09:01::	1	noun.cognition	2	0	0	0	0	45
11	matter	1:09:01::	1	noun.cognition	2	0	0	0	0	46
12	matters	1:09:00::	2	noun.cognition	2	0	0	0	0	47
6	matters	1:09:01::	1	noun.cognition	2	0	0	0	0	48
2	matters	1:09:00::	2	noun.cognition	2	0	0	0	0	49
