position	word	lexsn	wnsn	supersense	X25	X3	X5	X10	X20	index
14	read	2:31:00::	1	verb.cognition	1	1	1	1	1	0
5	read	2:31:00::	1	verb.cognition	1	1	1	1	1	1
7	read	2:31:00::	1	verb.cognition	1	1	1	1	1	2
10	reads	2:42:00::	2	verb.stative	1	0	1	1	1	3
1	read	2:31:00::	1	verb.cognition	1	0	1	1	1	4
2	read	2:31:00::	1	verb.cognition	1	0	0	1	1	5
8	reading	2:31:02::	5	verb.cognition	1	0	0	1	1	6
19	read	2:31:00::	1	verb.cognition	1	0	0	1	1	7
13	read	2:31:01::	3	verb.cognition	1	0	0	1	1	8
6	read	2:31:00::	1	verb.cognition	1	0	0	1	1	9
5	read	2:31:00::	1	verb.cognition	1	0	0	0	1	10
47	reading	2:31:00::	1	verb.cognition	1	0	0	0	1	11
2	reads	2:42:00::	2	verb.stative	1	0	0	0	1	12
7	read	2:31:00::	1	verb.cognition	1	0	0	0	1	13
15	reading	2:31:00::	1	verb.cognition	1	0	0	0	1	14
19	read	2:31:00::	1	verb.cognition	1	0	0	0	1	15
85	read	2:31:00::	1	verb.cognition	1	0	0	0	1	16
9	read	2:31:00::	1	verb.cognition	1	0	0	0	1	17
4	read	2:31:00::	1	verb.cognition	1	0	0	0	1	18
20	read	2:31:02::	5	verb.cognition	1	0	0	0	1	19
19	read	2:31:00::	1	verb.cognition	1	0	0	0	0	20
26	reading	2:31:00::	1	verb.cognition	1	0	0	0	0	21
2	read	2:31:00::	1	verb.cognition	1	0	0	0	0	22
10	read	2:31:00::	1	verb.cognition	1	0	0	0	0	23
19	reads	2:42:00::	2	verb.stative	1	0	0	0	0	24
8	read	2:42:00::	2	verb.stative	2	2	2	2	2	25
23	reads	2:42:00::	2	verb.stative	2	2	2	2	2	26
13	read	2:31:00::	1	verb.cognition	2	2	2	2	2	27
4	read	2:31:00::	1	verb.cognition	2	0	2	2	2	28
26	read	2:31:00::	1	verb.cognition	2	0	2	2	2	29
5	read	2:31:00::	1	verb.cognition	2	0	0	2	2	30
11	read	2:31:00::	1	verb.cognition	2	0	0	2	2	31
18	reading	2:32:02::	8	verb.communication	2	0	0	2	2	32
12	reading	2:31:00::	1	verb.cognition	2	0	0	2	2	33
2	read	2:42:00::	2	verb.stative	2	0	0	2	2	34
8	read	2:31:00::	1	verb.cognition	2	0	0	0	2	35
6	read	2:31:06::	4	verb.cognition	2	0	0	0	2	36
5	read	2:31:00::	1	verb.cognition	2	0	0	0	2	37
4	reading	2:31:00::	1	verb.cognition	2	0	0	0	2	38
13	reading	2:31:00::	1	verb.cognition	2	0	0	0	2	39
20	read	2:31:00::	1	verb.cognition	2	0	0	0	2	40
4	read	2:31:01::	3	verb.cognition	2	0	0	0	2	41
3	read	2:31:00::	1	verb.cognition	2	0	0	0	2	42
15	read	2:31:00::	1	verb.cognition	2	0	0	0	2	43
15	read	2:31:01::	3	verb.cognition	2	0	0	0	2	44
42	read	2:42:00::	2	verb.stative	2	0	0	0	0	45
16	read	2:31:00::	1	verb.cognition	2	0	0	0	0	46
8	read	2:31:00::	1	verb.cognition	2	0	0	0	0	47
20	read	2:31:01::	3	verb.cognition	2	0	0	0	0	48
22	read	2:31:00::	1	verb.cognition	2	0	0	0	0	49
