position	word	lexsn	wnsn	supersense	X25	X3	X5	X10	X20	index
2	recommend	2:32:01::	1	verb.communication	1	1	1	1	1	0
1	recommended	2:32:01::	1	verb.communication	1	1	1	1	1	1
6	recommended	2:32:01::	1	verb.communication	1	1	1	1	1	2
5	recommended	2:32:01::	1	verb.communication	1	0	1	1	1	3
0	recommend	2:32:01::	1	verb.communication	1	0	1	1	1	4
4	recommended	2:32:01::	1	verb.communication	1	0	0	1	1	5
35	recommended	2:32:01::	1	verb.communication	1	0	0	1	1	6
14	recommended	2:32:01::	1	verb.communication	1	0	0	1	1	7
2	recommended	2:32:01::	1	verb.communication	1	0	0	1	1	8
30	recommending	2:32:01::	1	verb.communication	1	0	0	1	1	9
9	recommend	2:32:01::	1	verb.communication	1	0	0	0	1	10
3	recommended	2:32:01::	1	verb.communication	1	0	0	0	1	11
18	recommended	2:32:00::	2	verb.communication	1	0	0	0	1	12
8	recommend	2:32:01::	1	verb.communication	1	0	0	0	1	13
5	recommended	2:32:01::	1	verb.communication	1	0	0	0	1	14
1	recommend	2:32:01::	1	verb.communication	1	0	0	0	1	15
21	recommended	2:32:01::	1	verb.communication	1	0	0	0	1	16
3	recommended	2:32:01::	1	verb.communication	1	0	0	0	1	17
10	recommended	2:32:01::	1	verb.communication	1	0	0	0	1	18
2	recommended	2:32:00::	2	verb.communication	1	0	0	0	1	19
33	recommend	2:32:01::	1	verb.communication	1	0	0	0	0	20
2	recommended	2:32:01::	1	verb.communication	1	0	0	0	0	21
3	recommend	2:32:01::	1	verb.communication	1	0	0	0	0	22
5	recommending	2:32:01::	1	verb.communication	1	0	0	0	0	23
11	recommend	2:32:01::	1	verb.communication	1	0	0	0	0	24
22	recommending	2:32:01::	1	verb.communication	2	2	2	2	2	25
16	recommend	2:32:01::	1	verb.communication	2	2	2	2	2	26
9	recommended	2:32:01::	1	verb.communication	2	2	2	2	2	27
12	recommending	2:32:01::	1	verb.communication	2	0	2	2	2	28
35	recommend	2:32:01::	1	verb.communication	2	0	2	2	2	29
10	recommended	2:32:01::	1	verb.communication	2	0	0	2	2	30
15	recommended	2:32:01::	1	verb.communication	2	0	0	2	2	31
2	recommending	2:32:01::	1	verb.communication	2	0	0	2	2	32
2	recommended	2:32:01::	1	verb.communication	2	0	0	2	2	33
27	recommend	2:32:01::	1	verb.communication	2	0	0	2	2	34
7	recommend	2:32:00::	2	verb.communication	2	0	0	0	2	35
9	recommend	2:32:01::	1	verb.communication	2	0	0	0	2	36
19	recommended	2:32:01::	1	verb.communication	2	0	0	0	2	37
10	recommended	2:32:01::	1	verb.communication	2	0	0	0	2	38
2	recommend	2:32:01::	1	verb.communication	2	0	0	0	2	39
11	recommend	2:32:01::	1	verb.communication	2	0	0	0	2	40
8	recommended	2:32:01::	1	verb.communication	2	0	0	0	2	41
19	recommended	2:32:01::	1	verb.communication	2	0	0	0	2	42
4	recommended	2:32:01::	1	verb.communication	2	0	0	0	2	43
13	recommended	2:32:01::	1	verb.communication	2	0	0	0	2	44
14	recommend	2:32:00::	2	verb.communication	2	0	0	0	0	45
14	recommend	2:32:00::	2	verb.communication	2	0	0	0	0	46
4	recommending	2:32:01::	1	verb.communication	2	0	0	0	0	47
1	recommended	2:32:01::	1	verb.communication	2	0	0	0	0	48
17	recommended	2:32:01::	1	verb.communication	2	0	0	0	0	49
