position	word	lexsn	wnsn	supersense	X25	X3	X5	X10	X20	index
5	time	1:11:00::	1	noun.event	1	1	1	1	1	0
25	times	1:11:00::	1	noun.event	1	1	1	1	1	1
16	time	1:28:05::	2	noun.time	1	1	1	1	1	2
6	times	1:11:00::	1	noun.event	1	0	1	1	1	3
2	time	1:28:05::	2	noun.time	1	0	1	1	1	4
24	time	1:28:06::	4	noun.time	1	0	0	1	1	5
14	time	1:28:06::	4	noun.time	1	0	0	1	1	6
11	time	1:11:00::	1	noun.event	1	0	0	1	1	7
52	time	1:03:00::	5	noun.Tops	1	0	0	1	1	8
18	time	1:28:06::	4	noun.time	1	0	0	1	1	9
2	time	1:11:00::	1	noun.event	1	0	0	0	1	10
4	time	1:28:05::	2	noun.time	1	0	0	0	1	11
2	time	1:11:00::	1	noun.event	1	0	0	0	1	12
18	time	1:28:06::	4	noun.time	1	0	0	0	1	13
65	time	1:11:00::	1	noun.event	1	0	0	0	1	14
23	time	1:28:05::	2	noun.time	1	0	0	0	1	15
1	time	1:28:05::	2	noun.time	1	0	0	0	1	16
5	time	1:11:00::	1	noun.event	1	0	0	0	1	17
25	time	1:28:00::	3	noun.time	1	0	0	0	1	18
20	time	1:11:00::	1	noun.event	1	0	0	0	1	19
10	time	1:28:05::	2	noun.time	1	0	0	0	0	20
2	time	1:11:00::	1	noun.event	1	0	0	0	0	21
10	times	1:11:00::	1	noun.event	1	0	0	0	0	22
6	time	1:28:00::	3	noun.time	1	0	0	0	0	23
11	time	1:11:00::	1	noun.event	1	0	0	0	0	24
2	time	1:11:00::	1	noun.event	2	2	2	2	2	25
17	time	1:28:05::	2	noun.time	2	2	2	2	2	26
12	time	1:28:05::	2	noun.time	2	2	2	2	2	27
30	times	1:28:00::	3	noun.time	2	0	2	2	2	28
5	time	1:11:00::	1	noun.event	2	0	2	2	2	29
15	times	1:11:00::	1	noun.event	2	0	0	2	2	30
14	time	1:28:00::	3	noun.time	2	0	0	2	2	31
16	times	1:11:00::	1	noun.event	2	0	0	2	2	32
16	time	1:28:00::	3	noun.time	2	0	0	2	2	33
20	time	1:11:00::	1	noun.event	2	0	0	2	2	34
16	time	1:11:00::	1	noun.event	2	0	0	0	2	35
25	time	1:28:05::	2	noun.time	2	0	0	0	2	36
4	time	1:28:05::	2	noun.time	2	0	0	0	2	37
42	time	1:28:05::	2	noun.time	2	0	0	0	2	38
15	time	1:28:05::	2	noun.time	2	0	0	0	2	39
1	time	1:11:00::	1	noun.event	2	0	0	0	2	40
0	Time	1:03:00::	5	noun.Tops	2	0	0	0	2	41
13	time	1:28:05::	2	noun.time	2	0	0	0	2	42
32	time	1:11:00::	1	noun.event	2	0	0	0	2	43
1	time	1:11:00::	1	noun.event	2	0	0	0	2	44
2	times	1:11:00::	1	noun.event	2	0	0	0	0	45
5	time	1:28:05::	2	noun.time	2	0	0	0	0	46
46	times	1:28:05::	2	noun.time	2	0	0	0	0	47
19	times	1:11:00::	1	noun.event	2	0	0	0	0	48
27	time	1:11:00::	1	noun.event	2	0	0	0	0	49
