position	word	lexsn	wnsn	supersense	X25	X3	X5	X10	X20	index
8	received	2:40:00::	1	verb.possession	1	1	1	1	1	0
7	received	2:39:03::	4	verb.perception	1	1	1	1	1	1
41	receive	2:39:03::	4	verb.perception	1	1	1	1	1	2
7	received	2:40:00::	1	verb.possession	1	0	1	1	1	3
10	received	2:39:00::	3	verb.perception	1	0	1	1	1	4
11	receiving	2:39:03::	4	verb.perception	1	0	0	1	1	5
6	received	2:40:00::	1	verb.possession	1	0	0	1	1	6
3	received	2:40:00::	1	verb.possession	1	0	0	1	1	7
19	receive	2:40:00::	1	verb.possession	1	0	0	1	1	8
4	receives	2:30:01::	2	verb.change	1	0	0	1	1	9
3	received	2:35:00::	5	verb.contact	1	0	0	0	1	10
22	receiving	2:40:00::	1	verb.possession	1	0	0	0	1	11
18	received	2:39:03::	4	verb.perception	1	0	0	0	1	12
7	received	2:40:00::	1	verb.possession	1	0	0	0	1	13
8	receiving	2:40:00::	1	verb.possession	1	0	0	0	1	14
24	receive	2:40:00::	1	verb.possession	1	0	0	0	1	15
2	received	2:40:00::	1	verb.possession	1	0	0	0	1	16
5	received	2:40:00::	1	verb.possession	1	0	0	0	1	17
10	received	2:40:00::	1	verb.possession	1	0	0	0	1	18
18	receiving	2:40:00::	1	verb.possession	1	0	0	0	1	19
1	received	2:40:00::	1	verb.possession	1	0	0	0	0	20
3	received	2:40:00::	1	verb.possession	1	0	0	0	0	21
12	receiving	2:35:00::	5	verb.contact	1	0	0	0	0	22
2	received	2:31:00::	6	verb.cognition	1	0	0	0	0	23
12	received	2:40:00::	1	verb.possession	1	0	0	0	0	24
12	received	2:30:01::	2	verb.change	2	2	2	2	2	25
2	received	2:39:00::	3	verb.perception	2	2	2	2	2	26
12	receiving	2:40:00::	1	verb.possession	2	2	2	2	2	27
3	received	2:40:00::	1	verb.possession	2	0	2	2	2	28
13	receive	2:30:00::	8	verb.change	2	0	2	2	2	29
17	receive	2:40:00::	1	verb.possession	2	0	0	2	2	30
5	received	2:39:03::	4	verb.perception	2	0	0	2	2	31
14	received	2:30:01::	2	verb.change	2	0	0	2	2	32
14	receive	2:35:00::	5	verb.contact	2	0	0	2	2	33
20	receives	2:40:00::	1	verb.possession	2	0	0	2	2	34
77	receiving	2:30:01::	2	verb.change	2	0	0	0	2	35
5	receive	2:40:00::	1	verb.possession	2	0	0	0	2	36
5	receive	2:30:01::	2	verb.change	2	0	0	0	2	37
3	receives	2:39:00::	3	verb.perception	2	0	0	0	2	38
5	receiving	2:40:00::	1	verb.possession	2	0	0	0	2	39
5	received	2:40:00::	1	verb.possession	2	0	0	0	2	40
1	received	2:40:00::	1	verb.possession	2	0	0	0	2	41
6	received	2:40:00::	1	verb.possession	2	0	0	0	2	42
28	received	2:39:03::	4	verb.perception	2	0	0	0	2	43
23	received	2:39:00::	3	verb.perception	2	0	0	0	2	44
32	received	2:31:00::	6	verb.cognition	2	0	0	0	0	45
60	receives	2:31:00::	6	verb.cognition	2	0	0	0	0	46
1	received	2:40:00::	1	verb.possession	2	0	0	0	0	47
6	received	2:40:00::	1	verb.possession	2	0	0	0	0	48
30	received	2:40:00::	1	verb.possession	2	0	0	0	0	49
