position	word	lexsn	wnsn	supersense	X25	X3	X5	X10	X20	index
13	policies	1:09:00::	1	noun.cognition	1	1	1	1	1	0
22	policy	1:09:00::	1	noun.cognition	1	1	1	1	1	1
1	policy	1:09:00::	1	noun.cognition	1	1	1	1	1	2
4	policy	1:09:00::	1	noun.cognition	1	0	1	1	1	3
16	policy	1:09:00::	1	noun.cognition	1	0	1	1	1	4
22	policy	1:09:00::	1	noun.cognition	1	0	0	1	1	5
20	policy	1:09:00::	1	noun.cognition	1	0	0	1	1	6
3	policy	1:09:00::	1	noun.cognition	1	0	0	1	1	7
29	policies	1:09:00::	1	noun.cognition	1	0	0	1	1	8
44	policies	1:09:00::	1	noun.cognition	1	0	0	1	1	9
5	policy	1:09:00::	1	noun.cognition	1	0	0	0	1	10
37	policy	1:09:00::	1	noun.cognition	1	0	0	0	1	11
29	policy	1:09:00::	1	noun.cognition	1	0	0	0	1	12
5	policy	1:09:00::	1	noun.cognition	1	0	0	0	1	13
3	policies	1:09:00::	1	noun.cognition	1	0	0	0	1	14
25	policies	1:09:00::	1	noun.cognition	1	0	0	0	1	15
3	policy	1:09:00::	1	noun.cognition	1	0	0	0	1	16
18	policy	1:09:00::	1	noun.cognition	1	0	0	0	1	17
11	policy	1:09:00::	1	noun.cognition	1	0	0	0	1	18
20	policies	1:09:00::	1	noun.cognition	1	0	0	0	1	19
59	policy	1:09:00::	1	noun.cognition	1	0	0	0	0	20
36	policy	1:09:00::	1	noun.cognition	1	0	0	0	0	21
1	policy	1:09:00::	1	noun.cognition	1	0	0	0	0	22
8	policy	1:09:00::	1	noun.cognition	1	0	0	0	0	23
10	policy	1:09:00::	1	noun.cognition	1	0	0	0	0	24
20	policy	1:10:00::	2	noun.communication	2	2	2	2	2	25
1	policy	1:10:00::	2	noun.communication	2	2	2	2	2	26
15	policy	1:10:00::	2	noun.communication	2	2	2	2	2	27
5	policy	1:10:00::	2	noun.communication	2	0	2	2	2	28
18	policy	1:10:00::	2	noun.communication	2	0	2	2	2	29
25	policy	1:10:00::	2	noun.communication	2	0	0	2	2	30
38	policy	1:10:00::	2	noun.communication	2	0	0	2	2	31
2	policy	1:10:00::	2	noun.communication	2	0	0	2	2	32
29	policy	1:10:00::	2	noun.communication	2	0	0	2	2	33
23	policies	1:10:00::	2	noun.communication	2	0	0	2	2	34
27	policy	1:10:00::	2	noun.communication	2	0	0	0	2	35
10	policy	1:10:00::	2	noun.communication	2	0	0	0	2	36
2	policy	1:10:00::	2	noun.communication	2	0	0	0	2	37
22	policies	1:10:00::	2	noun.communication	2	0	0	0	2	38
2	policy	1:10:00::	2	noun.communication	2	0	0	0	2	39
4	policy	1:10:00::	2	noun.communication	2	0	0	0	2	40
1	policy	1:10:00::	2	noun.communication	2	0	0	0	2	41
18	policies	1:10:00::	2	noun.communication	2	0	0	0	2	42
4	policy	1:10:00::	2	noun.communication	2	0	0	0	2	43
27	policy	1:10:00::	2	noun.communication	2	0	0	0	2	44
14	policy	1:10:00::	2	noun.communication	2	0	0	0	0	45
5	policy	1:10:00::	2	noun.communication	2	0	0	0	0	46
17	policy	1:10:00::	2	noun.communication	2	0	0	0	0	47
5	policies	1:10:02::	3	noun.communication	2	0	0	0	0	48
11	policy	1:10:02::	3	noun.communication	2	0	0	0	0	49
