position	word	lexsn	wnsn	supersense	X25	X3	X5	X10	X20	index
9	planned	2:36:00::	3	verb.creation	1	1	1	1	1	0
6	planned	2:31:01::	1	verb.cognition	1	1	1	1	1	1
29	planning	2:31:00::	2	verb.cognition	1	1	1	1	1	2
4	planned	2:31:00::	2	verb.cognition	1	0	1	1	1	3
17	plan	2:31:01::	1	verb.cognition	1	0	1	1	1	4
25	planned	2:31:01::	1	verb.cognition	1	0	0	1	1	5
2	plan	2:31:00::	2	verb.cognition	1	0	0	1	1	6
4	plan	2:36:00::	3	verb.creation	1	0	0	1	1	7
9	plan	2:36:00::	3	verb.creation	1	0	0	1	1	8
7	plans	2:31:01::	1	verb.cognition	1	0	0	1	1	9
8	planned	2:31:01::	1	verb.cognition	1	0	0	0	1	10
9	planned	2:31:01::	1	verb.cognition	1	0	0	0	1	11
2	plan	2:31:01::	1	verb.cognition	1	0	0	0	1	12
3	planned	2:31:01::	1	verb.cognition	1	0	0	0	1	13
3	planned	2:31:00::	2	verb.cognition	1	0	0	0	1	14
2	plan	2:31:01::	1	verb.cognition	1	0	0	0	1	15
5	planned	2:31:01::	1	verb.cognition	1	0	0	0	1	16
19	planned	2:31:00::	2	verb.cognition	1	0	0	0	1	17
36	planning	2:31:00::	2	verb.cognition	1	0	0	0	1	18
1	planned	2:31:01::	1	verb.cognition	1	0	0	0	1	19
20	plan	2:31:00::	2	verb.cognition	1	0	0	0	0	20
15	plan	2:36:00::	3	verb.creation	1	0	0	0	0	21
10	plan	2:31:00::	2	verb.cognition	1	0	0	0	0	22
19	planned	2:36:00::	3	verb.creation	1	0	0	0	0	23
2	plan	2:31:01::	1	verb.cognition	1	0	0	0	0	24
4	planning	2:31:00::	2	verb.cognition	2	2	2	2	2	25
2	plan	2:31:01::	1	verb.cognition	2	2	2	2	2	26
19	planned	2:31:01::	1	verb.cognition	2	2	2	2	2	27
16	planned	2:31:01::	1	verb.cognition	2	0	2	2	2	28
20	planned	2:36:01::	4	verb.creation	2	0	2	2	2	29
18	planned	2:36:00::	3	verb.creation	2	0	0	2	2	30
3	planning	2:31:01::	1	verb.cognition	2	0	0	2	2	31
23	planned	2:31:01::	1	verb.cognition	2	0	0	2	2	32
18	planning	2:31:00::	2	verb.cognition	2	0	0	2	2	33
1	plans	2:31:01::	1	verb.cognition	2	0	0	2	2	34
7	plans	2:31:01::	1	verb.cognition	2	0	0	0	2	35
11	planning	2:31:00::	2	verb.cognition	2	0	0	0	2	36
4	planning	2:31:01::	1	verb.cognition	2	0	0	0	2	37
12	planned	2:31:01::	1	verb.cognition	2	0	0	0	2	38
5	plans	2:31:01::	1	verb.cognition	2	0	0	0	2	39
7	planning	2:31:00::	2	verb.cognition	2	0	0	0	2	40
32	planning	2:36:00::	3	verb.creation	2	0	0	0	2	41
10	planned	2:31:01::	1	verb.cognition	2	0	0	0	2	42
13	plan	2:36:00::	3	verb.creation	2	0	0	0	2	43
5	planned	2:31:00::	2	verb.cognition	2	0	0	0	2	44
10	plan	2:31:01::	1	verb.cognition	2	0	0	0	0	45
2	planned	2:31:01::	1	verb.cognition	2	0	0	0	0	46
11	planned	2:31:00::	2	verb.cognition	2	0	0	0	0	47
27	plan	2:31:00::	2	verb.cognition	2	0	0	0	0	48
6	planned	2:31:00::	2	verb.cognition	2	0	0	0	0	49
