position	word	lexsn	wnsn	supersense	X25	X3	X5	X10	X20	index
38	little	3:00:03::	2	adj.all	1	1	1	1	1	0
12	little	5:00:00:young:00	3	adj.all	1	1	1	1	1	1
10	little	3:00:03::	2	adj.all	1	1	1	1	1	2
8	little	3:00:03::	2	adj.all	1	0	1	1	1	3
13	little	3:00:03::	2	adj.all	1	0	1	1	1	4
7	little	3:00:01::	1	adj.all	1	0	0	1	1	5
26	little	3:00:01::	1	adj.all	1	0	0	1	1	6
7	little	3:00:03::	2	adj.all	1	0	0	1	1	7
52	little	3:00:03::	2	adj.all	1	0	0	1	1	8
12	little	3:00:03::	2	adj.all	1	0	0	1	1	9
9	little	5:00:00:young:00	3	adj.all	1	0	0	0	1	10
6	little	3:00:01::	1	adj.all	1	0	0	0	1	11
26	little	5:00:00:short:02	0	adj.all	1	0	0	0	1	12
14	little	3:00:01::	1	adj.all	1	0	0	0	1	13
5	little	5:00:00:short:02	0	adj.all	1	0	0	0	1	14
21	little	3:00:01::	1	adj.all	1	0	0	0	1	15
3	little	3:00:03::	2	adj.all	1	0	0	0	1	16
1	little	5:00:00:minor:06	0	adj.all	1	0	0	0	1	17
7	little	3:00:01::	1	adj.all	1	0	0	0	1	18
10	little	3:00:03::	2	adj.all	1	0	0	0	1	19
2	little	3:00:01::	1	adj.all	1	0	0	0	0	20
11	little	3:00:01::	1	adj.all	1	0	0	0	0	21
7	little	3:00:03::	2	adj.all	1	0	0	0	0	22
13	little	3:00:01::	1	adj.all	1	0	0	0	0	23
1	little	3:00:01::	1	adj.all	1	0	0	0	0	24
5	little	3:00:03::	2	adj.all	2	2	2	2	2	25
20	little	3:00:01::	1	adj.all	2	2	2	2	2	26
13	little	5:00:00:short:02	0	adj.all	2	2	2	2	2	27
15	little	5:00:00:young:00	3	adj.all	2	0	2	2	2	28
15	little	3:00:01::	1	adj.all	2	0	2	2	2	29
35	little	3:00:03::	2	adj.all	2	0	0	2	2	30
47	little	3:00:01::	1	adj.all	2	0	0	2	2	31
26	little	3:00:01::	1	adj.all	2	0	0	2	2	32
6	little	5:00:00:young:00	3	adj.all	2	0	0	2	2	33
6	little	5:00:00:short:02	0	adj.all	2	0	0	2	2	34
31	little	3:00:01::	1	adj.all	2	0	0	0	2	35
7	little	3:00:01::	1	adj.all	2	0	0	0	2	36
15	little	3:00:01::	1	adj.all	2	0	0	0	2	37
2	little	3:00:03::	2	adj.all	2	0	0	0	2	38
8	little	3:00:01::	1	adj.all	2	0	0	0	2	39
11	little	3:00:03::	2	adj.all	2	0	0	0	2	40
2	little	3:00:03::	2	adj.all	2	0	0	0	2	41
4	little	3:00:03::	2	adj.all	2	0	0	0	2	42
47	little	3:00:01::	1	adj.all	2	0	0	0	2	43
20	little	3:00:01::	1	adj.all	2	0	0	0	2	44
2	little	3:00:03::	2	adj.all	2	0	0	0	0	45
22	little	3:00:01::	1	adj.all	2	0	0	0	0	46
20	little	3:00:03::	2	adj.all	2	0	0	0	0	47
8	little	3:00:01::	1	adj.all	2	0	0	0	0	48
17	little	3:00:03::	2	adj.all	2	0	0	0	0	49
