position	word	lexsn	wnsn	supersense	X25	X3	X5	X10	X20	index
25	Anniston	1:03:00::	1	noun.Tops	1	1	1	1	1	0
16	Chiba	1:03:00::	1	noun.Tops	1	1	1	1	1	1
9	Lublin	1:03:00::	1	noun.Tops	1	1	1	1	1	2
16	Catskill	1:03:00::	1	noun.Tops	1	0	1	1	1	3
16	Gulf	1:03:00::	1	noun.Tops	1	0	1	1	1	4
20	Loop	1:03:00::	1	noun.Tops	1	0	0	1	1	5
10	Forks	1:03:00::	1	noun.Tops	1	0	0	1	1	6
7	Paris	1:03:00::	1	noun.Tops	1	0	0	1	1	7
24	Rensselaerwyck	1:03:00::	1	noun.Tops	1	0	0	1	1	8
12	locations	1:03:00::	1	noun.Tops	1	0	0	1	1	9
22	Broadway	1:03:00::	1	noun.Tops	1	0	0	0	1	10
22	Thames	1:03:00::	1	noun.Tops	1	0	0	0	1	11
4	Petersburg	1:03:00::	1	noun.Tops	1	0	0	0	1	12
13	Wheeling	1:03:00::	1	noun.Tops	1	0	0	0	1	13
8	Desolation	1:03:00::	1	noun.Tops	1	0	0	0	1	14
20	Paris	1:03:00::	1	noun.Tops	1	0	0	0	1	15
18	Astor	1:03:00::	1	noun.Tops	1	0	0	0	1	16
5	Cicero	1:03:00::	1	noun.Tops	1	0	0	0	1	17
14	Nantucket	1:03:00::	1	noun.Tops	1	0	0	0	1	18
9	Plainfield	1:03:00::	1	noun.Tops	1	0	0	0	1	19
30	Tahiti	1:03:00::	1	noun.Tops	1	0	0	0	0	20
14	Garryowen	1:03:00::	1	noun.Tops	1	0	0	0	0	21
8	Uplands	1:03:00::	1	noun.Tops	1	0	0	0	0	22
20	Galena	1:03:00::	1	noun.Tops	1	0	0	0	0	23
24	Attopeu	1:03:00::	1	noun.Tops	1	0	0	0	0	24
10	Ganado	1:03:00::	1	noun.Tops	2	2	2	2	2	25
15	Weatherford	1:03:00::	1	noun.Tops	2	2	2	2	2	26
7	Babylon	1:03:00::	1	noun.Tops	2	2	2	2	2	27
13	Northampton	1:03:00::	1	noun.Tops	2	0	2	2	2	28
9	Ky.	1:03:00::	1	noun.Tops	2	0	2	2	2	29
12	Siberian	1:03:00::	1	noun.Tops	2	0	0	2	2	30
8	Carolinas	1:03:00::	1	noun.Tops	2	0	0	2	2	31
14	Poltava	1:03:00::	1	noun.Tops	2	0	0	2	2	32
22	Salem	1:03:00::	1	noun.Tops	2	0	0	2	2	33
31	Raton	1:03:00::	1	noun.Tops	2	0	0	2	2	34
31	Washington	1:03:00::	1	noun.Tops	2	0	0	0	2	35
3	location	1:03:00::	1	noun.Tops	2	0	0	0	2	36
12	Europe	1:03:00::	1	noun.Tops	2	0	0	0	2	37
14	Catskill	1:03:00::	1	noun.Tops	2	0	0	0	2	38
24	Stickney	1:03:00::	1	noun.Tops	2	0	0	0	2	39
13	Battery	1:03:00::	1	noun.Tops	2	0	0	0	2	40
10	Honotassa	1:03:00::	1	noun.Tops	2	0	0	0	2	41
1	California	1:03:00::	1	noun.Tops	2	0	0	0	2	42
17	Earth	1:03:00::	1	noun.Tops	2	0	0	0	2	43
3	Medfield	1:03:00::	1	noun.Tops	2	0	0	0	2	44
14	Lublin	1:03:00::	1	noun.Tops	2	0	0	0	0	45
13	Manchester	1:03:00::	1	noun.Tops	2	0	0	0	0	46
4	Riverside	1:03:00::	1	noun.Tops	2	0	0	0	0	47
20	Michigan	1:03:00::	1	noun.Tops	2	0	0	0	0	48
8	Village	1:03:00::	1	noun.Tops	2	0	0	0	0	49
