position	word	lexsn	wnsn	supersense	X25	X3	X5	X10	X20	index
0	Instead	4:02:00::	1	adv.all	1	1	1	1	1	0
0	Instead	4:02:00::	1	adv.all	1	1	1	1	1	1
15	instead	4:02:01::	2	adv.all	1	1	1	1	1	2
13	instead	4:02:00::	1	adv.all	1	0	1	1	1	3
18	instead	4:02:00::	1	adv.all	1	0	1	1	1	4
20	instead	4:02:00::	1	adv.all	1	0	0	1	1	5
0	Instead	4:02:00::	1	adv.all	1	0	0	1	1	6
5	instead	4:02:01::	2	adv.all	1	0	0	1	1	7
21	instead	4:02:00::	1	adv.all	1	0	0	1	1	8
0	Instead	4:02:01::	2	adv.all	1	0	0	1	1	9
2	instead	4:02:00::	1	adv.all	1	0	0	0	1	10
16	instead	4:02:01::	2	adv.all	1	0	0	0	1	11
19	instead	4:02:00::	1	adv.all	1	0	0	0	1	12
20	instead	4:02:01::	2	adv.all	1	0	0	0	1	13
14	instead	4:02:00::	1	adv.all	1	0	0	0	1	14
18	instead	4:02:01::	2	adv.all	1	0	0	0	1	15
0	Instead	4:02:00::	1	adv.all	1	0	0	0	1	16
18	instead	4:02:01::	2	adv.all	1	0	0	0	1	17
13	instead	4:02:01::	2	adv.all	1	0	0	0	1	18
6	instead	4:02:01::	2	adv.all	1	0	0	0	1	19
33	instead	4:02:01::	2	adv.all	1	0	0	0	0	20
15	instead	4:02:00::	1	adv.all	1	0	0	0	0	21
0	Instead	4:02:01::	2	adv.all	1	0	0	0	0	22
31	instead	4:02:00::	1	adv.all	1	0	0	0	0	23
10	instead	4:02:00::	1	adv.all	1	0	0	0	0	24
0	Instead	4:02:01::	2	adv.all	2	2	2	2	2	25
0	Instead	4:02:00::	1	adv.all	2	2	2	2	2	26
0	Instead	4:02:00::	1	adv.all	2	2	2	2	2	27
0	Instead	4:02:00::	1	adv.all	2	0	2	2	2	28
0	Instead	4:02:00::	1	adv.all	2	0	2	2	2	29
1	instead	4:02:01::	2	adv.all	2	0	0	2	2	30
31	instead	4:02:00::	1	adv.all	2	0	0	2	2	31
16	instead	4:02:00::	1	adv.all	2	0	0	2	2	32
0	Instead	4:02:00::	1	adv.all	2	0	0	2	2	33
10	instead	4:02:00::	1	adv.all	2	0	0	2	2	34
0	Instead	4:02:00::	1	adv.all	2	0	0	0	2	35
8	instead	4:02:01::	2	adv.all	2	0	0	0	2	36
38	instead	4:02:00::	1	adv.all	2	0	0	0	2	37
0	Instead	4:02:00::	1	adv.all	2	0	0	0	2	38
0	Instead	4:02:00::	1	adv.all	2	0	0	0	2	39
61	instead	4:02:01::	2	adv.all	2	0	0	0	2	40
0	Instead	4:02:01::	2	adv.all	2	0	0	0	2	41
0	Instead	4:02:01::	2	adv.all	2	0	0	0	2	42
0	Instead	4:02:01::	2	adv.all	2	0	0	0	2	43
0	Instead	4:02:01::	2	adv.all	2	0	0	0	2	44
24	instead	4:02:01::	2	adv.all	2	0	0	0	0	45
49	instead	4:02:00::	1	adv.all	2	0	0	0	0	46
0	Instead	4:02:00::	1	adv.all	2	0	0	0	0	47
0	Instead	4:02:00::	1	adv.all	2	0	0	0	0	48
0	Instead	4:02:00::	1	adv.all	2	0	0	0	0	49
