position	word	lexsn	wnsn	supersense	X25	X3	X5	X10	X20	index
2	left	2:31:05::	2	verb.cognition	1	1	1	1	1	0
1	leave	2:30:01::	0	verb.change	1	1	1	1	1	1
54	left	2:30:02::	4	verb.change	1	1	1	1	1	2
2	left	2:42:02::	3	verb.stative	1	0	1	1	1	3
26	leaving	2:42:02::	3	verb.stative	1	0	1	1	1	4
19	left	2:42:02::	3	verb.stative	1	0	0	1	1	5
9	left	2:30:01::	0	verb.change	1	0	0	1	1	6
2	left	2:31:05::	2	verb.cognition	1	0	0	1	1	7
15	leaving	2:31:05::	2	verb.cognition	1	0	0	1	1	8
14	leaves	2:42:02::	3	verb.stative	1	0	0	1	1	9
33	leave	2:31:05::	2	verb.cognition	1	0	0	0	1	10
7	left	2:30:01::	0	verb.change	1	0	0	0	1	11
1	left	2:42:03::	11	verb.stative	1	0	0	0	1	12
10	left	2:31:05::	2	verb.cognition	1	0	0	0	1	13
17	left	2:42:02::	3	verb.stative	1	0	0	0	1	14
0	Left	2:42:02::	3	verb.stative	1	0	0	0	1	15
6	leave	2:30:02::	4	verb.change	1	0	0	0	1	16
1	left	2:40:00::	0	verb.possession	1	0	0	0	1	17
14	leave	2:31:05::	2	verb.cognition	1	0	0	0	1	18
7	leave	2:31:05::	2	verb.cognition	1	0	0	0	1	19
109	leaving	2:31:05::	2	verb.cognition	1	0	0	0	0	20
13	left	2:31:05::	2	verb.cognition	1	0	0	0	0	21
25	left	2:42:02::	3	verb.stative	1	0	0	0	0	22
5	left	2:40:00::	0	verb.possession	1	0	0	0	0	23
16	left	2:31:05::	2	verb.cognition	1	0	0	0	0	24
1	leaving	2:41:00::	8	verb.social	2	2	2	2	2	25
3	leavin	2:38:01::	1	verb.motion	2	2	2	2	2	26
3	left	2:38:01::	1	verb.motion	2	2	2	2	2	27
27	leave	2:38:01::	1	verb.motion	2	0	2	2	2	28
1	left	2:38:00::	5	verb.motion	2	0	2	2	2	29
17	left	2:38:01::	1	verb.motion	2	0	0	2	2	30
33	leave	2:42:01::	6	verb.stative	2	0	0	2	2	31
3	leave	2:42:00::	7	verb.stative	2	0	0	2	2	32
5	left	2:38:01::	1	verb.motion	2	0	0	2	2	33
2	leaving	2:38:01::	1	verb.motion	2	0	0	2	2	34
6	leave	2:38:01::	1	verb.motion	2	0	0	0	2	35
8	leaving	2:38:00::	5	verb.motion	2	0	0	0	2	36
9	leave	2:38:01::	1	verb.motion	2	0	0	0	2	37
2	left	2:38:01::	1	verb.motion	2	0	0	0	2	38
25	leave	2:38:00::	5	verb.motion	2	0	0	0	2	39
5	leave	2:38:01::	1	verb.motion	2	0	0	0	2	40
32	leave	2:38:01::	1	verb.motion	2	0	0	0	2	41
12	leave	2:38:00::	5	verb.motion	2	0	0	0	2	42
2	left	2:40:06::	9	verb.possession	2	0	0	0	2	43
66	left	2:42:01::	6	verb.stative	2	0	0	0	2	44
5	leave	2:38:00::	5	verb.motion	2	0	0	0	0	45
32	leaving	2:42:01::	6	verb.stative	2	0	0	0	0	46
8	left	2:38:01::	1	verb.motion	2	0	0	0	0	47
12	left	2:38:01::	1	verb.motion	2	0	0	0	0	48
9	leave	2:38:00::	5	verb.motion	2	0	0	0	0	49
