position	word	lexsn	wnsn	supersense	X25	X3	X5	X10	X20	index
7	work	1:04:00::	1	noun.act	1	1	1	1	1	0
4	work	1:04:00::	1	noun.act	1	1	1	1	1	1
10	work	1:04:00::	1	noun.act	1	1	1	1	1	2
6	work	1:04:01::	3	noun.act	1	0	1	1	1	3
5	work	1:04:00::	1	noun.act	1	0	1	1	1	4
4	work	1:04:00::	1	noun.act	1	0	0	1	1	5
19	work	1:04:01::	3	noun.act	1	0	0	1	1	6
33	work	1:04:00::	1	noun.act	1	0	0	1	1	7
46	work	1:04:01::	3	noun.act	1	0	0	1	1	8
7	work	1:04:00::	1	noun.act	1	0	0	1	1	9
17	work	1:04:01::	3	noun.act	1	0	0	0	1	10
33	work	1:09:00::	4	noun.cognition	1	0	0	0	1	11
17	work	1:04:01::	3	noun.act	1	0	0	0	1	12
14	work	1:19:00::	5	noun.phenomenon	1	0	0	0	1	13
19	work	1:04:00::	1	noun.act	1	0	0	0	1	14
7	work	1:04:01::	3	noun.act	1	0	0	0	1	15
14	work	1:04:00::	1	noun.act	1	0	0	0	1	16
4	work	1:04:01::	3	noun.act	1	0	0	0	1	17
14	work	1:04:00::	1	noun.act	1	0	0	0	1	18
13	work	1:04:00::	1	noun.act	1	0	0	0	1	19
7	work	1:04:01::	3	noun.act	1	0	0	0	0	20
15	work	1:04:00::	1	noun.act	1	0	0	0	0	21
21	work	1:04:00::	1	noun.act	1	0	0	0	0	22
17	work	1:04:00::	1	noun.act	1	0	0	0	0	23
6	work	1:04:00::	1	noun.act	1	0	0	0	0	24
2	work	1:06:00::	2	noun.artifact	2	2	2	2	2	25
8	work	1:06:00::	2	noun.artifact	2	2	2	2	2	26
58	work	1:06:00::	2	noun.artifact	2	2	2	2	2	27
2	work	1:06:00::	2	noun.artifact	2	0	2	2	2	28
9	work	1:06:00::	2	noun.artifact	2	0	2	2	2	29
14	work	1:06:00::	2	noun.artifact	2	0	0	2	2	30
10	works	1:06:00::	2	noun.artifact	2	0	0	2	2	31
4	works	1:06:00::	2	noun.artifact	2	0	0	2	2	32
2	works	1:06:00::	2	noun.artifact	2	0	0	2	2	33
21	works	1:06:00::	2	noun.artifact	2	0	0	2	2	34
29	work	1:06:00::	2	noun.artifact	2	0	0	0	2	35
11	work	1:06:00::	2	noun.artifact	2	0	0	0	2	36
11	works	1:06:00::	2	noun.artifact	2	0	0	0	2	37
13	work	1:06:00::	2	noun.artifact	2	0	0	0	2	38
4	work	1:06:01::	6	noun.artifact	2	0	0	0	2	39
11	work	1:06:00::	2	noun.artifact	2	0	0	0	2	40
10	works	1:06:00::	2	noun.artifact	2	0	0	0	2	41
2	work	1:06:00::	2	noun.artifact	2	0	0	0	2	42
24	works	1:06:00::	2	noun.artifact	2	0	0	0	2	43
10	work	1:06:00::	2	noun.artifact	2	0	0	0	2	44
7	work	1:06:00::	2	noun.artifact	2	0	0	0	0	45
7	work	1:06:00::	2	noun.artifact	2	0	0	0	0	46
15	work	1:06:00::	2	noun.artifact	2	0	0	0	0	47
3	work	1:06:00::	2	noun.artifact	2	0	0	0	0	48
3	work	1:06:00::	2	noun.artifact	2	0	0	0	0	49
