position	word	lexsn	wnsn	supersense	X25	X3	X5	X10	X20	index
7	serves	2:42:03::	1	verb.stative	1	1	1	1	1	0
24	served	2:42:03::	1	verb.stative	1	1	1	1	1	1
1	served	2:34:00::	6	verb.consumption	1	1	1	1	1	2
47	serve	2:42:02::	8	verb.stative	1	0	1	1	1	3
3	served	2:42:03::	1	verb.stative	1	0	1	1	1	4
30	served	2:42:00::	9	verb.stative	1	0	0	1	1	5
18	served	2:33:00::	2	verb.competition	1	0	0	1	1	6
14	served	2:42:03::	1	verb.stative	1	0	0	1	1	7
20	serve	2:33:00::	2	verb.competition	1	0	0	1	1	8
5	served	2:42:00::	9	verb.stative	1	0	0	1	1	9
1	served	2:33:00::	2	verb.competition	1	0	0	0	1	10
9	serve	2:42:03::	1	verb.stative	1	0	0	0	1	11
30	serves	2:42:03::	1	verb.stative	1	0	0	0	1	12
6	serves	2:33:00::	2	verb.competition	1	0	0	0	1	13
1	served	2:33:00::	2	verb.competition	1	0	0	0	1	14
6	served	2:34:00::	6	verb.consumption	1	0	0	0	1	15
2	serve	2:42:02::	8	verb.stative	1	0	0	0	1	16
1	serves	2:42:03::	1	verb.stative	1	0	0	0	1	17
19	served	2:42:03::	1	verb.stative	1	0	0	0	1	18
37	served	2:42:03::	1	verb.stative	1	0	0	0	1	19
3	served	2:42:00::	9	verb.stative	1	0	0	0	0	20
36	serve	2:42:02::	8	verb.stative	1	0	0	0	0	21
10	serve	2:33:00::	2	verb.competition	1	0	0	0	0	22
6	serve	2:42:03::	1	verb.stative	1	0	0	0	0	23
21	serves	2:42:03::	1	verb.stative	1	0	0	0	0	24
22	served	2:42:01::	3	verb.stative	2	2	2	2	2	25
18	serving	2:35:00::	11	verb.contact	2	2	2	2	2	26
14	serving	2:41:02::	7	verb.social	2	2	2	2	2	27
21	serving	2:41:00::	4	verb.social	2	0	2	2	2	28
5	serves	2:41:02::	7	verb.social	2	0	2	2	2	29
11	serve	2:41:00::	4	verb.social	2	0	0	2	2	30
2	served	2:34:01::	5	verb.consumption	2	0	0	2	2	31
2	served	2:34:01::	5	verb.consumption	2	0	0	2	2	32
11	served	2:42:01::	3	verb.stative	2	0	0	2	2	33
1	serve	2:34:01::	5	verb.consumption	2	0	0	2	2	34
7	serves	2:42:01::	3	verb.stative	2	0	0	0	2	35
3	served	2:34:01::	5	verb.consumption	2	0	0	0	2	36
7	served	2:41:02::	7	verb.social	2	0	0	0	2	37
5	served	2:34:01::	5	verb.consumption	2	0	0	0	2	38
2	serves	2:42:01::	3	verb.stative	2	0	0	0	2	39
7	serving	2:41:00::	4	verb.social	2	0	0	0	2	40
14	serve	2:41:02::	7	verb.social	2	0	0	0	2	41
27	serving	2:41:00::	4	verb.social	2	0	0	0	2	42
52	serve	2:41:02::	7	verb.social	2	0	0	0	2	43
9	serve	2:41:02::	7	verb.social	2	0	0	0	2	44
4	serve	2:42:01::	3	verb.stative	2	0	0	0	0	45
18	served	2:34:01::	5	verb.consumption	2	0	0	0	0	46
12	served	2:34:01::	5	verb.consumption	2	0	0	0	0	47
0	Serves	2:34:01::	5	verb.consumption	2	0	0	0	0	48
9	served	2:42:01::	3	verb.stative	2	0	0	0	0	49
