position	word	lexsn	wnsn	supersense	X25	X3	X5	X10	X20	index
1	result	1:11:00::	3	noun.event	1	1	1	1	1	0
25	results	1:11:00::	3	noun.event	1	1	1	1	1	1
2	result	1:11:00::	3	noun.event	1	1	1	1	1	2
7	results	1:11:00::	3	noun.event	1	0	1	1	1	3
1	results	1:10:00::	2	noun.communication	1	0	1	1	1	4
116	results	1:11:00::	3	noun.event	1	0	0	1	1	5
23	result	1:19:00::	1	noun.phenomenon	1	0	0	1	1	6
1	results	1:19:00::	1	noun.phenomenon	1	0	0	1	1	7
4	result	1:19:00::	1	noun.phenomenon	1	0	0	1	1	8
1	result	1:19:00::	1	noun.phenomenon	1	0	0	1	1	9
13	results	1:11:00::	3	noun.event	1	0	0	0	1	10
8	result	1:10:00::	2	noun.communication	1	0	0	0	1	11
9	results	1:10:00::	2	noun.communication	1	0	0	0	1	12
1	results	1:11:00::	3	noun.event	1	0	0	0	1	13
1	result	1:19:00::	1	noun.phenomenon	1	0	0	0	1	14
9	result	1:11:00::	3	noun.event	1	0	0	0	1	15
1	result	1:19:00::	1	noun.phenomenon	1	0	0	0	1	16
21	result	1:11:00::	3	noun.event	1	0	0	0	1	17
3	result	1:10:00::	2	noun.communication	1	0	0	0	1	18
2	result	1:19:00::	1	noun.phenomenon	1	0	0	0	1	19
21	results	1:19:00::	1	noun.phenomenon	1	0	0	0	0	20
10	results	1:10:00::	2	noun.communication	1	0	0	0	0	21
12	results	1:19:00::	1	noun.phenomenon	1	0	0	0	0	22
1	result	1:19:00::	1	noun.phenomenon	1	0	0	0	0	23
13	result	1:19:00::	1	noun.phenomenon	1	0	0	0	0	24
19	results	1:19:00::	1	noun.phenomenon	2	2	2	2	2	25
2	result	1:19:00::	1	noun.phenomenon	2	2	2	2	2	26
36	results	1:19:00::	1	noun.phenomenon	2	2	2	2	2	27
7	result	1:11:00::	3	noun.event	2	0	2	2	2	28
40	result	1:19:00::	1	noun.phenomenon	2	0	2	2	2	29
2	results	1:19:00::	1	noun.phenomenon	2	0	0	2	2	30
3	result	1:19:00::	1	noun.phenomenon	2	0	0	2	2	31
19	result	1:10:00::	2	noun.communication	2	0	0	2	2	32
16	result	1:19:00::	1	noun.phenomenon	2	0	0	2	2	33
26	results	1:11:00::	3	noun.event	2	0	0	2	2	34
30	result	1:19:00::	1	noun.phenomenon	2	0	0	0	2	35
43	result	1:19:00::	1	noun.phenomenon	2	0	0	0	2	36
14	results	1:11:00::	3	noun.event	2	0	0	0	2	37
11	result	1:11:00::	3	noun.event	2	0	0	0	2	38
2	result	1:19:00::	1	noun.phenomenon	2	0	0	0	2	39
26	results	1:10:00::	2	noun.communication	2	0	0	0	2	40
2	result	1:19:00::	1	noun.phenomenon	2	0	0	0	2	41
22	results	1:19:00::	1	noun.phenomenon	2	0	0	0	2	42
1	result	1:19:00::	1	noun.phenomenon	2	0	0	0	2	43
2	result	1:11:00::	3	noun.event	2	0	0	0	2	44
0	Results	1:19:00::	1	noun.phenomenon	2	0	0	0	0	45
3	results	1:10:00::	2	noun.communication	2	0	0	0	0	46
18	results	1:19:00::	1	noun.phenomenon	2	0	0	0	0	47
9	result	1:19:00::	1	noun.phenomenon	2	0	0	0	0	48
3	result	1:10:00::	2	noun.communication	2	0	0	0	0	49
