position	word	lexsn	wnsn	supersense	X25	X3	X5	X10	X20	index
18	shared	2:40:02::	2	verb.possession	1	1	1	1	1	0
20	sharing	2:40:02::	2	verb.possession	1	1	1	1	1	1
11	share	2:40:02::	2	verb.possession	1	1	1	1	1	2
12	shared	2:42:00::	1	verb.stative	1	0	1	1	1	3
3	shared	2:40:01::	3	verb.possession	1	0	1	1	1	4
8	sharing	2:42:00::	1	verb.stative	1	0	0	1	1	5
16	share	2:40:01::	3	verb.possession	1	0	0	1	1	6
21	share	2:40:02::	2	verb.possession	1	0	0	1	1	7
17	share	2:42:00::	1	verb.stative	1	0	0	1	1	8
1	shared	2:40:02::	2	verb.possession	1	0	0	1	1	9
18	sharing	2:40:01::	3	verb.possession	1	0	0	0	1	10
3	shares	2:40:01::	3	verb.possession	1	0	0	0	1	11
10	shared	2:40:02::	2	verb.possession	1	0	0	0	1	12
13	shares	2:42:00::	1	verb.stative	1	0	0	0	1	13
6	share	2:42:00::	1	verb.stative	1	0	0	0	1	14
4	shared	2:42:00::	1	verb.stative	1	0	0	0	1	15
21	sharing	2:42:00::	1	verb.stative	1	0	0	0	1	16
19	sharing	2:40:01::	3	verb.possession	1	0	0	0	1	17
7	sharing	2:40:00::	4	verb.possession	1	0	0	0	1	18
1	shared	2:40:00::	4	verb.possession	1	0	0	0	1	19
14	sharing	2:40:01::	3	verb.possession	1	0	0	0	0	20
16	shared	2:40:02::	2	verb.possession	1	0	0	0	0	21
12	share	2:40:02::	2	verb.possession	1	0	0	0	0	22
15	shared	2:40:01::	3	verb.possession	1	0	0	0	0	23
60	share	2:40:01::	3	verb.possession	1	0	0	0	0	24
11	sharing	2:40:01::	3	verb.possession	2	2	2	2	2	25
26	share	2:40:02::	2	verb.possession	2	2	2	2	2	26
16	shared	2:42:00::	1	verb.stative	2	2	2	2	2	27
16	shared	2:42:00::	1	verb.stative	2	0	2	2	2	28
0	Sharing	2:40:02::	2	verb.possession	2	0	2	2	2	29
4	share	2:42:00::	1	verb.stative	2	0	0	2	2	30
12	share	2:40:00::	4	verb.possession	2	0	0	2	2	31
6	shared	2:40:01::	3	verb.possession	2	0	0	2	2	32
21	shared	2:42:00::	1	verb.stative	2	0	0	2	2	33
7	share	2:42:00::	1	verb.stative	2	0	0	2	2	34
6	share	2:40:01::	3	verb.possession	2	0	0	0	2	35
24	shared	2:40:00::	4	verb.possession	2	0	0	0	2	36
12	shared	2:42:00::	1	verb.stative	2	0	0	0	2	37
4	shared	2:42:00::	1	verb.stative	2	0	0	0	2	38
21	share	2:40:01::	3	verb.possession	2	0	0	0	2	39
6	share	2:42:00::	1	verb.stative	2	0	0	0	2	40
46	share	2:40:02::	2	verb.possession	2	0	0	0	2	41
12	share	2:42:00::	1	verb.stative	2	0	0	0	2	42
3	shared	2:42:00::	1	verb.stative	2	0	0	0	2	43
2	shares	2:42:00::	1	verb.stative	2	0	0	0	2	44
11	share	2:42:00::	1	verb.stative	2	0	0	0	0	45
9	share	2:32:00::	5	verb.communication	2	0	0	0	0	46
31	sharing	2:40:02::	2	verb.possession	2	0	0	0	0	47
7	share	2:40:02::	2	verb.possession	2	0	0	0	0	48
4	share	2:40:02::	2	verb.possession	2	0	0	0	0	49
