position	word	lexsn	wnsn	supersense	X25	X3	X5	X10	X20	index
2	second	5:00:00:ordinal:00	1	adj.all	1	1	1	1	1	0
1	second	5:00:00:ordinal:00	1	adj.all	1	1	1	1	1	1
3	second	5:00:00:ordinal:00	1	adj.all	1	1	1	1	1	2
2	second	5:00:00:intermediate:00	0	adj.all	1	0	1	1	1	3
4	second	5:00:00:ordinal:00	1	adj.all	1	0	1	1	1	4
11	second	5:00:00:ordinal:00	1	adj.all	1	0	0	1	1	5
3	second	5:00:00:ordinal:00	1	adj.all	1	0	0	1	1	6
12	second	5:00:00:ordinal:00	1	adj.all	1	0	0	1	1	7
7	second	5:00:00:ordinal:00	1	adj.all	1	0	0	1	1	8
32	second	5:00:00:ordinal:00	1	adj.all	1	0	0	1	1	9
3	second	5:00:00:ordinal:00	1	adj.all	1	0	0	0	1	10
3	second	5:00:00:ordinal:00	1	adj.all	1	0	0	0	1	11
1	second	5:00:00:ordinal:00	1	adj.all	1	0	0	0	1	12
2	second	5:00:00:ordinal:00	1	adj.all	1	0	0	0	1	13
8	second	5:00:00:ordinal:00	1	adj.all	1	0	0	0	1	14
19	second	5:00:00:ordinal:00	1	adj.all	1	0	0	0	1	15
25	second	5:00:00:ordinal:00	1	adj.all	1	0	0	0	1	16
14	second	5:00:00:ordinal:00	1	adj.all	1	0	0	0	1	17
5	second	5:00:00:intermediate:00	0	adj.all	1	0	0	0	1	18
11	second	5:00:00:ordinal:00	1	adj.all	1	0	0	0	1	19
2	second	5:00:00:ordinal:00	1	adj.all	1	0	0	0	0	20
9	second	5:00:00:ordinal:00	1	adj.all	1	0	0	0	0	21
2	second	5:00:00:ordinal:00	1	adj.all	1	0	0	0	0	22
15	second	5:00:00:ordinal:00	1	adj.all	1	0	0	0	0	23
8	second	5:00:00:ordinal:00	1	adj.all	1	0	0	0	0	24
11	second	5:00:00:ordinal:00	1	adj.all	2	2	2	2	2	25
16	second	5:00:00:ordinal:00	1	adj.all	2	2	2	2	2	26
9	second	5:00:00:ordinal:00	1	adj.all	2	2	2	2	2	27
28	second	5:00:00:ordinal:00	1	adj.all	2	0	2	2	2	28
16	second	5:00:00:ordinal:00	1	adj.all	2	0	2	2	2	29
4	second	5:00:00:ordinal:00	1	adj.all	2	0	0	2	2	30
0	Second	5:00:00:ordinal:00	1	adj.all	2	0	0	2	2	31
6	second	5:00:00:ordinal:00	1	adj.all	2	0	0	2	2	32
1	second	5:00:00:ordinal:00	1	adj.all	2	0	0	2	2	33
12	Second	5:00:00:ordinal:00	1	adj.all	2	0	0	2	2	34
11	second	5:00:00:ordinal:00	1	adj.all	2	0	0	0	2	35
1	second	5:00:00:ordinal:00	1	adj.all	2	0	0	0	2	36
11	second	5:00:00:ordinal:00	1	adj.all	2	0	0	0	2	37
12	second	5:00:00:ordinal:00	1	adj.all	2	0	0	0	2	38
10	second	5:00:00:ordinal:00	1	adj.all	2	0	0	0	2	39
16	second	5:00:00:ordinal:00	1	adj.all	2	0	0	0	2	40
1	second	5:00:00:intermediate:00	0	adj.all	2	0	0	0	2	41
5	second	5:00:00:ordinal:00	1	adj.all	2	0	0	0	2	42
44	second	5:00:00:ordinal:00	1	adj.all	2	0	0	0	2	43
24	second	5:00:00:ordinal:00	1	adj.all	2	0	0	0	2	44
11	second	5:00:00:ordinal:00	1	adj.all	2	0	0	0	0	45
1	second	5:00:00:ordinal:00	1	adj.all	2	0	0	0	0	46
5	second	5:00:00:ordinal:00	1	adj.all	2	0	0	0	0	47
4	second	5:00:00:ordinal:00	1	adj.all	2	0	0	0	0	48
1	second	5:00:00:ordinal:00	1	adj.all	2	0	0	0	0	49
