position	word	lexsn	wnsn	supersense	X25	X3	X5	X10	X20	index
3	State	1:15:01::	1	noun.location	1	1	1	1	1	0
7	state	1:14:00::	4	noun.group	1	1	1	1	1	1
10	states	1:15:01::	1	noun.location	1	1	1	1	1	2
45	states	1:03:00::	2	noun.Tops	1	0	1	1	1	3
41	state	1:03:00::	2	noun.Tops	1	0	1	1	1	4
11	state	1:03:00::	2	noun.Tops	1	0	0	1	1	5
35	State	1:14:01::	3	noun.group	1	0	0	1	1	6
19	states	1:03:00::	2	noun.Tops	1	0	0	1	1	7
24	state	1:03:00::	2	noun.Tops	1	0	0	1	1	8
35	states	1:14:00::	4	noun.group	1	0	0	1	1	9
25	state	1:15:01::	1	noun.location	1	0	0	0	1	10
14	States	1:15:01::	1	noun.location	1	0	0	0	1	11
7	state	1:15:01::	1	noun.location	1	0	0	0	1	12
3	States	1:15:01::	1	noun.location	1	0	0	0	1	13
10	state	1:15:01::	1	noun.location	1	0	0	0	1	14
5	State	1:15:01::	1	noun.location	1	0	0	0	1	15
17	states	1:14:01::	3	noun.group	1	0	0	0	1	16
19	state	1:15:01::	1	noun.location	1	0	0	0	1	17
18	States	1:15:01::	1	noun.location	1	0	0	0	1	18
27	states	1:03:00::	2	noun.Tops	1	0	0	0	1	19
2	states	1:15:01::	1	noun.location	1	0	0	0	0	20
13	state	1:03:00::	2	noun.Tops	1	0	0	0	0	21
0	State	1:15:01::	1	noun.location	1	0	0	0	0	22
23	states	1:15:01::	1	noun.location	1	0	0	0	0	23
1	state	1:03:00::	2	noun.Tops	1	0	0	0	0	24
16	state	1:03:00::	2	noun.Tops	2	2	2	2	2	25
22	state	1:03:00::	2	noun.Tops	2	2	2	2	2	26
14	states	1:14:00::	4	noun.group	2	2	2	2	2	27
49	states	1:15:01::	1	noun.location	2	0	2	2	2	28
10	state	1:14:00::	4	noun.group	2	0	2	2	2	29
7	State	1:15:01::	1	noun.location	2	0	0	2	2	30
15	state	1:03:00::	2	noun.Tops	2	0	0	2	2	31
18	state	1:15:01::	1	noun.location	2	0	0	2	2	32
19	state	1:14:01::	3	noun.group	2	0	0	2	2	33
22	state	1:14:00::	4	noun.group	2	0	0	2	2	34
10	state	1:15:01::	1	noun.location	2	0	0	0	2	35
8	state	1:15:01::	1	noun.location	2	0	0	0	2	36
4	State	1:15:01::	1	noun.location	2	0	0	0	2	37
33	state	1:15:01::	1	noun.location	2	0	0	0	2	38
4	State	1:15:01::	1	noun.location	2	0	0	0	2	39
1	state	1:14:00::	4	noun.group	2	0	0	0	2	40
15	States	1:15:01::	1	noun.location	2	0	0	0	2	41
4	states	1:15:01::	1	noun.location	2	0	0	0	2	42
32	State	1:14:01::	3	noun.group	2	0	0	0	2	43
3	State	1:15:01::	1	noun.location	2	0	0	0	2	44
2	state	1:14:01::	3	noun.group	2	0	0	0	0	45
2	State	1:15:01::	1	noun.location	2	0	0	0	0	46
39	State	1:15:01::	1	noun.location	2	0	0	0	0	47
10	state	1:03:00::	2	noun.Tops	2	0	0	0	0	48
13	state	1:14:01::	3	noun.group	2	0	0	0	0	49
