position	word	lexsn	wnsn	supersense	X25	X3	X5	X10	X20	index
19	volume	1:07:03::	2	noun.attribute	1	1	1	1	1	0
2	volume	1:23:00::	1	noun.quantity	1	1	1	1	1	1
15	volumes	1:23:00::	1	noun.quantity	1	1	1	1	1	2
29	volume	1:23:00::	1	noun.quantity	1	0	1	1	1	3
5	volume	1:23:00::	1	noun.quantity	1	0	1	1	1	4
69	volume	1:23:00::	1	noun.quantity	1	0	0	1	1	5
12	volume	1:07:03::	2	noun.attribute	1	0	0	1	1	6
29	volumes	1:23:00::	1	noun.quantity	1	0	0	1	1	7
11	volume	1:23:00::	1	noun.quantity	1	0	0	1	1	8
5	volume	1:06:00::	3	noun.artifact	1	0	0	1	1	9
13	volumes	1:23:01::	5	noun.quantity	1	0	0	0	1	10
38	volumes	1:06:00::	3	noun.artifact	1	0	0	0	1	11
3	volume	1:23:00::	1	noun.quantity	1	0	0	0	1	12
4	volumes	1:10:00::	4	noun.communication	1	0	0	0	1	13
19	volume	1:07:03::	2	noun.attribute	1	0	0	0	1	14
18	volume	1:23:00::	1	noun.quantity	1	0	0	0	1	15
9	volume	1:23:00::	1	noun.quantity	1	0	0	0	1	16
15	volume	1:23:00::	1	noun.quantity	1	0	0	0	1	17
5	voume	1:07:03::	2	noun.attribute	1	0	0	0	1	18
6	volume	1:06:00::	3	noun.artifact	1	0	0	0	1	19
21	volumes	1:10:00::	4	noun.communication	1	0	0	0	0	20
13	Volume	1:10:00::	4	noun.communication	1	0	0	0	0	21
26	volume	1:23:00::	1	noun.quantity	1	0	0	0	0	22
23	volume	1:07:03::	2	noun.attribute	1	0	0	0	0	23
8	volume	1:07:03::	2	noun.attribute	1	0	0	0	0	24
29	volume	1:23:00::	1	noun.quantity	2	2	2	2	2	25
6	volumes	1:23:00::	1	noun.quantity	2	2	2	2	2	26
15	volume	1:23:00::	1	noun.quantity	2	2	2	2	2	27
2	volume	1:23:00::	1	noun.quantity	2	0	2	2	2	28
9	volume	1:06:00::	3	noun.artifact	2	0	2	2	2	29
77	volume	1:07:03::	2	noun.attribute	2	0	0	2	2	30
1	volume	1:07:03::	2	noun.attribute	2	0	0	2	2	31
26	volume	1:23:00::	1	noun.quantity	2	0	0	2	2	32
11	volume	1:06:00::	3	noun.artifact	2	0	0	2	2	33
30	volume	1:23:00::	1	noun.quantity	2	0	0	2	2	34
7	volume	1:06:00::	3	noun.artifact	2	0	0	0	2	35
6	volumes	1:23:01::	5	noun.quantity	2	0	0	0	2	36
2	volume	1:23:00::	1	noun.quantity	2	0	0	0	2	37
6	volume	1:07:03::	2	noun.attribute	2	0	0	0	2	38
9	volume	1:07:02::	6	noun.attribute	2	0	0	0	2	39
0	Volumes	1:10:00::	4	noun.communication	2	0	0	0	2	40
35	volume	1:23:00::	1	noun.quantity	2	0	0	0	2	41
41	volume	1:23:00::	1	noun.quantity	2	0	0	0	2	42
22	volumes	1:06:00::	3	noun.artifact	2	0	0	0	2	43
13	volume	1:23:00::	1	noun.quantity	2	0	0	0	2	44
20	volume	1:23:00::	1	noun.quantity	2	0	0	0	0	45
17	volume	1:07:03::	2	noun.attribute	2	0	0	0	0	46
12	volumes	1:06:00::	3	noun.artifact	2	0	0	0	0	47
31	volume	1:23:00::	1	noun.quantity	2	0	0	0	0	48
1	volume	1:07:03::	2	noun.attribute	2	0	0	0	0	49
