position	word	lexsn	wnsn	supersense	X25	X3	X5	X10	X20	index
4	killed	2:35:00::	1	verb.contact	1	1	1	1	1	0
18	kill	2:35:00::	1	verb.contact	1	1	1	1	1	1
15	killed	2:35:00::	1	verb.contact	1	1	1	1	1	2
4	kill	2:35:00::	1	verb.contact	1	0	1	1	1	3
5	killed	2:35:00::	1	verb.contact	1	0	1	1	1	4
3	killed	2:35:00::	1	verb.contact	1	0	0	1	1	5
10	killed	2:35:00::	1	verb.contact	1	0	0	1	1	6
52	kills	2:35:00::	1	verb.contact	1	0	0	1	1	7
7	killed	2:35:00::	1	verb.contact	1	0	0	1	1	8
4	kill	2:35:00::	1	verb.contact	1	0	0	1	1	9
10	killed	2:35:00::	1	verb.contact	1	0	0	0	1	10
16	killed	2:35:00::	1	verb.contact	1	0	0	0	1	11
11	kill	2:35:00::	1	verb.contact	1	0	0	0	1	12
10	kill	2:35:00::	1	verb.contact	1	0	0	0	1	13
2	kill	2:35:00::	1	verb.contact	1	0	0	0	1	14
13	kill	2:35:00::	1	verb.contact	1	0	0	0	1	15
13	killed	2:35:00::	1	verb.contact	1	0	0	0	1	16
1	killed	2:35:00::	1	verb.contact	1	0	0	0	1	17
3	killed	2:35:00::	1	verb.contact	1	0	0	0	1	18
23	kill	2:35:00::	1	verb.contact	1	0	0	0	1	19
18	kill	2:35:00::	1	verb.contact	1	0	0	0	0	20
8	killed	2:35:00::	1	verb.contact	1	0	0	0	0	21
10	killed	2:35:00::	1	verb.contact	1	0	0	0	0	22
20	killed	2:35:00::	1	verb.contact	1	0	0	0	0	23
13	kill	2:35:00::	1	verb.contact	1	0	0	0	0	24
13	kill	2:35:00::	1	verb.contact	2	2	2	2	2	25
10	killed	2:35:00::	1	verb.contact	2	2	2	2	2	26
38	kill	2:35:00::	1	verb.contact	2	2	2	2	2	27
3	killed	2:35:00::	1	verb.contact	2	0	2	2	2	28
18	killed	2:35:00::	1	verb.contact	2	0	2	2	2	29
10	killed	2:35:00::	1	verb.contact	2	0	0	2	2	30
5	killed	2:35:00::	1	verb.contact	2	0	0	2	2	31
5	killed	2:35:00::	1	verb.contact	2	0	0	2	2	32
6	kill	2:35:00::	1	verb.contact	2	0	0	2	2	33
2	killed	2:35:00::	1	verb.contact	2	0	0	2	2	34
9	killed	2:35:00::	1	verb.contact	2	0	0	0	2	35
14	killed	2:35:00::	1	verb.contact	2	0	0	0	2	36
9	kill	2:35:00::	1	verb.contact	2	0	0	0	2	37
36	kill	2:35:00::	1	verb.contact	2	0	0	0	2	38
31	kill	2:35:00::	1	verb.contact	2	0	0	0	2	39
5	killed	2:35:00::	1	verb.contact	2	0	0	0	2	40
4	kill	2:35:00::	1	verb.contact	2	0	0	0	2	41
11	kill	2:35:00::	1	verb.contact	2	0	0	0	2	42
7	kill	2:35:00::	1	verb.contact	2	0	0	0	2	43
3	killing	2:35:00::	1	verb.contact	2	0	0	0	2	44
4	kill	2:35:00::	1	verb.contact	2	0	0	0	0	45
7	killed	2:35:00::	1	verb.contact	2	0	0	0	0	46
9	killed	2:35:00::	1	verb.contact	2	0	0	0	0	47
3	kill	2:35:00::	1	verb.contact	2	0	0	0	0	48
1	kills	2:35:00::	1	verb.contact	2	0	0	0	0	49
