position	word	lexsn	wnsn	supersense	X25	X3	X5	X10	X20	index
17	lead	2:38:01::	1	verb.motion	1	1	1	1	1	0
23	led	2:38:01::	1	verb.motion	1	1	1	1	1	1
10	led	2:42:12::	3	verb.stative	1	1	1	1	1	2
2	lead	2:42:12::	3	verb.stative	1	0	1	1	1	3
19	leads	2:38:01::	1	verb.motion	1	0	1	1	1	4
8	leading	2:42:12::	3	verb.stative	1	0	0	1	1	5
15	led	2:42:12::	3	verb.stative	1	0	0	1	1	6
1	leads	2:32:00::	5	verb.communication	1	0	0	1	1	7
44	leads	2:38:01::	1	verb.motion	1	0	0	1	1	8
7	led	2:38:01::	1	verb.motion	1	0	0	1	1	9
5	lead	2:42:12::	3	verb.stative	1	0	0	0	1	10
27	led	2:32:00::	5	verb.communication	1	0	0	0	1	11
17	led	2:32:00::	5	verb.communication	1	0	0	0	1	12
24	led	2:32:00::	5	verb.communication	1	0	0	0	1	13
7	leads	2:42:02::	13	verb.stative	1	0	0	0	1	14
23	led	2:38:01::	1	verb.motion	1	0	0	0	1	15
6	lead	2:38:01::	1	verb.motion	1	0	0	0	1	16
13	lead	2:32:00::	5	verb.communication	1	0	0	0	1	17
3	lead	2:38:01::	1	verb.motion	1	0	0	0	1	18
9	led	2:32:00::	5	verb.communication	1	0	0	0	1	19
31	leading	2:38:00::	4	verb.motion	1	0	0	0	0	20
12	led	2:41:00::	7	verb.social	1	0	0	0	0	21
20	lead	2:42:12::	3	verb.stative	1	0	0	0	0	22
24	lead	2:42:12::	3	verb.stative	1	0	0	0	0	23
9	led	2:38:01::	1	verb.motion	1	0	0	0	0	24
32	led	2:42:01::	8	verb.stative	2	2	2	2	2	25
18	led	2:42:04::	2	verb.stative	2	2	2	2	2	26
2	leads	2:36:00::	10	verb.creation	2	2	2	2	2	27
25	led	2:42:04::	2	verb.stative	2	0	2	2	2	28
13	led	2:42:00::	6	verb.stative	2	0	2	2	2	29
12	lead	2:36:00::	10	verb.creation	2	0	0	2	2	30
19	led	2:42:04::	2	verb.stative	2	0	0	2	2	31
13	lead	2:42:04::	2	verb.stative	2	0	0	2	2	32
27	led	2:41:12::	9	verb.social	2	0	0	2	2	33
10	led	2:42:00::	6	verb.stative	2	0	0	2	2	34
2	leading	2:42:00::	6	verb.stative	2	0	0	0	2	35
5	led	2:42:00::	6	verb.stative	2	0	0	0	2	36
19	leading	2:42:00::	6	verb.stative	2	0	0	0	2	37
14	leading	2:42:08::	0	verb.stative	2	0	0	0	2	38
10	lead	2:36:00::	10	verb.creation	2	0	0	0	2	39
5	led	2:42:03::	11	verb.stative	2	0	0	0	2	40
6	lead	2:42:04::	2	verb.stative	2	0	0	0	2	41
21	lead	2:42:04::	2	verb.stative	2	0	0	0	2	42
12	leading	2:42:01::	8	verb.stative	2	0	0	0	2	43
16	leading	2:42:04::	2	verb.stative	2	0	0	0	2	44
12	lead	2:42:04::	2	verb.stative	2	0	0	0	0	45
25	lead	2:42:08::	0	verb.stative	2	0	0	0	0	46
22	lead	2:42:04::	2	verb.stative	2	0	0	0	0	47
8	lead	2:42:04::	2	verb.stative	2	0	0	0	0	48
4	leads	2:42:03::	11	verb.stative	2	0	0	0	0	49
