lemma	pos	pcosine_X3	pcosine_X5	pcosine_X10	pcosine_X20	pcosine_X25
evidence	n	0.7094504237174988	0.7034826874732971	0.664032518863678	0.6725923418998718	0.6624382734298706
conduct	v	0.6941310167312622	0.6812053918838501	0.6845267415046692	0.6932263374328613	0.6940507292747498
follow	v	0.782222330570221	0.7471311092376709	0.7106065154075623	0.7074997425079346	0.7058541774749756
policy	n	0.7005918622016907	0.706063985824585	0.6872744560241699	0.6978206038475037	0.6927714347839355
place	v	0.748920202255249	0.7505782842636108	0.7336123585700989	0.7459730505943298	0.7364798784255981
serve	v	0.7278531789779663	0.7532711029052734	0.7429143786430359	0.7361348867416382	0.7295887470245361
add	v	0.698363721370697	0.7279284000396729	0.7487204074859619	0.7479017376899719	0.7478047609329224
work	v	0.6480262875556946	0.7027126550674438	0.6973831653594971	0.7160586714744568	0.7250841856002808
pass	v	0.6732906103134155	0.660271167755127	0.6968713998794556	0.6896846890449524	0.6972930431365967
permit	v	0.7405663132667542	0.7332512140274048	0.70945143699646	0.706601619720459	0.7171991467475891
age	n	0.665818452835083	0.7213799357414246	0.7222476005554199	0.7187911868095398	0.7182589769363403
home	n	0.6842437386512756	0.7028915882110596	0.6849119067192078	0.6812534928321838	0.6890007853507996
enter	v	0.678512454032898	0.6844304800033569	0.6879326701164246	0.6989343166351318	0.7005348801612854
wait	v	0.6658446192741394	0.6612573266029358	0.6984736919403076	0.6766855120658875	0.6800967454910278
course	n	0.6919753551483154	0.6952241659164429	0.6945358514785767	0.6814736723899841	0.6709010004997253
allow	v	0.6810141801834106	0.6740991473197937	0.6727811694145203	0.6809635162353516	0.6750138401985168
expect	v	0.5992739796638489	0.65975022315979	0.686262309551239	0.6926047801971436	0.6821408271789551
study	n	0.6352807879447937	0.6897796392440796	0.6774003505706787	0.6706981062889099	0.6749973893165588
determine	v	0.6965614557266235	0.6953641772270203	0.7045884728431702	0.6957920789718628	0.6870570778846741
work	n	0.6545283794403076	0.6834506988525391	0.6262297630310059	0.6277792453765869	0.6525911092758179
open	v	0.7549775242805481	0.7578825950622559	0.719295859336853	0.7036334276199341	0.6977617740631104
seek	v	0.6395823359489441	0.7105422019958496	0.7162986993789673	0.716137170791626	0.7256863713264465
direct	v	0.6197232007980347	0.6980160474777222	0.6896629929542542	0.6817457675933838	0.6809017658233643
church	n	0.5626667141914368	0.6262446641921997	0.6525214314460754	0.6616998314857483	0.6576710343360901
shoot	v	0.634575605392456	0.6967907547950745	0.6851631999015808	0.6804977655410767	0.6932937502861023
death	n	0.6741711497306824	0.6605978608131409	0.6622613668441772	0.6569274663925171	0.6545384526252747
carry	v	0.7216424942016602	0.7108115553855896	0.7011866569519043	0.6719861626625061	0.6655623316764832
property	n	0.779834508895874	0.7066208124160767	0.7099534869194031	0.6953375339508057	0.6994755268096924
lead	v	0.5548465847969055	0.6026835441589355	0.6393487453460693	0.6672605872154236	0.6691648960113525
leave	v	0.7424772381782532	0.7084740996360779	0.7231326103210449	0.7169870138168335	0.7094573378562927
miss	v	0.7422440648078918	0.6901473999023438	0.6663963794708252	0.6565935611724854	0.6579052805900574
represent	v	0.717795193195343	0.7377021908760071	0.7289447784423828	0.7085527181625366	0.702491283416748
destroy	v	0.6241028308868408	0.6509996056556702	0.6644775867462158	0.6609432697296143	0.6590297818183899
design	v	0.5884446501731873	0.6197239756584167	0.6118372082710266	0.6287440657615662	0.6312501430511475
establish	v	0.7034260034561157	0.6605880856513977	0.7026246786117554	0.6988441348075867	0.6908022165298462
extend	v	0.6366202235221863	0.6754987239837646	0.6713483929634094	0.683601438999176	0.7062608003616333
accept	v	0.6741721034049988	0.6666861772537231	0.6547728180885315	0.6648180484771729	0.6721686720848083
pay	v	0.6130059361457825	0.6126875877380371	0.6408990621566772	0.7022920250892639	0.7033495306968689
information	n	0.6878493428230286	0.7021743655204773	0.666297972202301	0.6544361114501953	0.6415160894393921
lose	v	0.661968469619751	0.6875278353691101	0.6840215921401978	0.6672033667564392	0.6689888834953308
water	n	0.6799225807189941	0.6579300761222839	0.6778585910797119	0.6749733090400696	0.6922387480735779
subject	n	0.667752742767334	0.664030134677887	0.6520984768867493	0.6646014451980591	0.6643937230110168
center	n	0.7437503933906555	0.7245946526527405	0.6718229055404663	0.6939283609390259	0.6897986531257629
play	v	0.6691867709159851	0.6930056810379028	0.7051412463188171	0.70635586977005	0.712110161781311
foot	n	0.6306606531143188	0.6631472110748291	0.6788086891174316	0.6808038949966431	0.6925541758537292
head	n	0.6125420331954956	0.6161245107650757	0.6289507150650024	0.6554257273674011	0.633047878742218
record	n	0.6824402809143066	0.6950727105140686	0.7093506455421448	0.7164463996887207	0.7176531553268433
field	n	0.6996297836303711	0.719746470451355	0.7187044620513916	0.7067081332206726	0.7214459180831909
develop	v	0.6776613593101501	0.7018001675605774	0.6845645904541016	0.6912841200828552	0.6874790787696838
return	v	0.729219913482666	0.7351346611976624	0.6886336803436279	0.6751056909561157	0.6828336119651794
thing	n	0.7448093295097351	0.694091260433197	0.6893612146377563	0.6961055994033813	0.6870917677879333
pressure	n	0.6983239650726318	0.7013972997665405	0.749835729598999	0.7356569170951843	0.7319040894508362
need	v	0.7371806502342224	0.7415400743484497	0.7157435417175293	0.6960870623588562	0.6954269409179688
performance	n	0.6441167593002319	0.6256553530693054	0.6202945113182068	0.640158474445343	0.6490047574043274
cause	v	0.571279764175415	0.63710618019104	0.6429107189178467	0.6695466637611389	0.682494044303894
form	v	0.7427259683609009	0.699312150478363	0.68778395652771	0.69455885887146	0.7009111046791077
way	n	0.5936726927757263	0.598903238773346	0.6720346808433533	0.662889301776886	0.6761948466300964
light	n	0.663071870803833	0.6761839389801025	0.68036949634552	0.6955474615097046	0.7018396258354187
stop	v	0.6208747029304504	0.637986958026886	0.6483096480369568	0.669492781162262	0.674153208732605
national	a	0.5989024639129639	0.6126020550727844	0.6238216161727905	0.6270383596420288	0.6377913355827332
wish	v	0.6697943210601807	0.6191809177398682	0.6259845495223999	0.6408502459526062	0.6488080024719238
remain	v	0.7705205082893372	0.7320798635482788	0.7139503359794617	0.6979022026062012	0.6919400095939636
form	n	0.6412399411201477	0.620247483253479	0.639431893825531	0.6365991234779358	0.6387519836425781
fall	v	0.6317404508590698	0.6503618359565735	0.650576651096344	0.6456066966056824	0.6428295373916626
save	v	0.7934668064117432	0.7579798698425293	0.7084227204322815	0.7149983048439026	0.7111725211143494
change	n	0.5948486924171448	0.5782305002212524	0.6335947513580322	0.6329413056373596	0.6415818333625793
sit	v	0.6733079552650452	0.5941699147224426	0.6317723393440247	0.6253855228424072	0.6190352439880371
power	n	0.5511518716812134	0.6121318340301514	0.6441985964775085	0.6715446710586548	0.6797366142272949
occur	v	0.7071622014045715	0.7110548615455627	0.6775332689285278	0.662545382976532	0.6765000820159912
country	n	0.6131287813186646	0.5950303077697754	0.6334717273712158	0.6531930565834045	0.6483460068702698
experience	n	0.6384190917015076	0.666799008846283	0.6369896531105042	0.6456066370010376	0.6465671062469482
wonder	v	0.5331581234931946	0.5950672030448914	0.557284951210022	0.5524138808250427	0.5639957189559937
enjoy	v	0.7701647281646729	0.6841106414794922	0.6946237683296204	0.6904527544975281	0.6816744804382324
observe	v	0.7668439149856567	0.6993322968482971	0.7007670402526855	0.6944015622138977	0.7014334797859192
rate	n	0.6331985592842102	0.6587162017822266	0.691193699836731	0.6732161045074463	0.674283504486084
suppose	v	0.546263575553894	0.5989673137664795	0.5640782713890076	0.5923418402671814	0.6107187271118164
maintain	v	0.6676148176193237	0.696931779384613	0.7132593393325806	0.686540961265564	0.6853592991828918
picture	n	0.6411740779876709	0.6927643418312073	0.7433320879936218	0.7063535451889038	0.7181153297424316
settle	v	0.6888510584831238	0.7162437438964844	0.7152596116065979	0.7078331112861633	0.7064117193222046
treat	v	0.671116054058075	0.6777506470680237	0.6839779019355774	0.7022361755371094	0.6914180517196655
face	n	0.6996142864227295	0.663942813873291	0.6340621113777161	0.603417158126831	0.6004363894462585
business	n	0.7559293508529663	0.7294332385063171	0.7236143350601196	0.7328745126724243	0.7468793392181396
watch	v	0.6212671995162964	0.6524450182914734	0.6072767972946167	0.654132068157196	0.6558681726455688
strike	v	0.6851911544799805	0.7095323204994202	0.6598607897758484	0.6713321208953857	0.6777646541595459
refer	v	0.605973482131958	0.5447630882263184	0.5405635237693787	0.5637928247451782	0.5702393651008606
support	v	0.6508572101593018	0.6094945073127747	0.6553804874420166	0.6653509736061096	0.6706236600875854
section	n	0.771553099155426	0.7745023369789124	0.7710586786270142	0.7440658807754517	0.742572009563446
paper	n	0.6305549740791321	0.6709715127944946	0.7115013003349304	0.6988781690597534	0.6926888227462769
basis	n	0.5617967247962952	0.5361523628234863	0.5732871890068054	0.6008030772209167	0.5924208164215088
function	n	0.6666457653045654	0.693602442741394	0.7052295804023743	0.7198398113250732	0.7090089917182922
prepare	v	0.7025448679924011	0.6838657259941101	0.7128744721412659	0.6940525770187378	0.7108479738235474
apply	v	0.7252514362335205	0.7388460040092468	0.7348651885986328	0.7039282321929932	0.7002257108688354
activity	n	0.7357967495918274	0.7194312214851379	0.702940821647644	0.6912614703178406	0.6960338354110718
replace	v	0.6884683966636658	0.6369225978851318	0.644829511642456	0.6551390886306763	0.66715008020401
cut	v	0.6571947336196899	0.6567712426185608	0.6773493885993958	0.6889657378196716	0.6843262910842896
table	n	0.731147825717926	0.7544205188751221	0.7597858309745789	0.7652247548103333	0.7713302969932556
say	v	0.6153349280357361	0.5270142555236816	0.5815746188163757	0.5873326659202576	0.5950455069541931
produce	v	0.6979376673698425	0.718025267124176	0.7074638605117798	0.6898272633552551	0.6812191605567932
far	r	0.6350405216217041	0.6532645225524902	0.6739264130592346	0.6651874780654907	0.6750019788742065
end	n	0.44936132431030273	0.5529411435127258	0.5878942012786865	0.5837737321853638	0.5756319761276245
election	n	0.6198016405105591	0.62314772605896	0.6127064228057861	0.61224365234375	0.6401593685150146
location	n	0.6045444011688232	0.6448819637298584	0.6434995532035828	0.6514400243759155	0.6533404588699341
report	n	0.6860690116882324	0.691209077835083	0.6918526291847229	0.6671260595321655	0.6546239256858826
possible	a	0.6833844184875488	0.658646821975708	0.6840908527374268	0.6754496693611145	0.6717082858085632
win	v	0.6730077266693115	0.6670100688934326	0.6939369440078735	0.711800754070282	0.7126949429512024
receive	v	0.6929271221160889	0.7062153816223145	0.7130808234214783	0.7007296681404114	0.6951605677604675
consider	v	0.7047004699707031	0.7026141285896301	0.7237831950187683	0.7187153100967407	0.7199671864509583
number	n	0.5636072754859924	0.6012413501739502	0.579741358757019	0.5610672235488892	0.5561515092849731
size	n	0.6764907836914062	0.6405269503593445	0.6305608749389648	0.6295058727264404	0.6303399801254272
city	n	0.6901515126228333	0.6857762932777405	0.6314122080802917	0.6193224787712097	0.6254174709320068
law	n	0.7460368275642395	0.6928272247314453	0.6746447682380676	0.6767891645431519	0.6887145638465881
recommend	v	0.7597718834877014	0.7207721471786499	0.7133777141571045	0.722832202911377	0.7157989144325256
act	v	0.6895321011543274	0.6937603950500488	0.6935999393463135	0.683579683303833	0.6825811266899109
study	v	0.6495017409324646	0.6538017988204956	0.6878300309181213	0.6958794593811035	0.7020251154899597
improve	v	0.6856721043586731	0.6767065525054932	0.6854448914527893	0.6877238750457764	0.6838984489440918
operate	v	0.7509357929229736	0.7370024919509888	0.7241708636283875	0.7167727947235107	0.7193345427513123
best	a	0.7425487041473389	0.7510075569152832	0.7195938229560852	0.7179405689239502	0.7137932181358337
government	n	0.7471135258674622	0.7049312591552734	0.6997803449630737	0.692690908908844	0.681829035282135
believe	v	0.6311833262443542	0.5958723425865173	0.6117687225341797	0.6338088512420654	0.6436734199523926
office	n	0.7236670255661011	0.6430889964103699	0.6054828763008118	0.6235404014587402	0.6315143704414368
achieve	v	0.6763861775398254	0.6284964084625244	0.6499044299125671	0.6639921069145203	0.664155900478363
great	a	0.6994004845619202	0.6933384537696838	0.6775303483009338	0.6657147407531738	0.6573817133903503
reduce	v	0.6431425213813782	0.6599886417388916	0.6807441115379333	0.6653343439102173	0.6641077399253845
cost	n	0.4918736219406128	0.5295982956886292	0.5745974183082581	0.6210818290710449	0.6174354553222656
result	n	0.6761758923530579	0.6593717336654663	0.6643447875976562	0.6553753614425659	0.6480341553688049
step	n	0.6495093703269958	0.6681368350982666	0.6562165021896362	0.6689172387123108	0.6717591881752014
problem	n	0.6327727437019348	0.6610883474349976	0.6406393647193909	0.6510178446769714	0.6497771739959717
provide	v	0.6143750548362732	0.6101152300834656	0.6870051622390747	0.6908435225486755	0.6956357359886169
effective	a	0.7152891755104065	0.6601470112800598	0.6593554615974426	0.6780180335044861	0.6796873807907104
major	a	0.6066324710845947	0.6676197648048401	0.6396036744117737	0.6544357538223267	0.6525698304176331
item	n	0.7916455864906311	0.7683054208755493	0.6956882476806641	0.6775592565536499	0.6646139621734619
general	a	0.5746821165084839	0.659903883934021	0.678666889667511	0.6637368202209473	0.6619123220443726
program	n	0.59503173828125	0.6288238763809204	0.6655087471008301	0.6621767282485962	0.6616590619087219
state	n	0.7690094709396362	0.7242698073387146	0.7266943454742432	0.706117570400238	0.7179056406021118
money	n	0.6057072281837463	0.6636044383049011	0.6651929616928101	0.694316565990448	0.7029325366020203
realize	v	0.6223055720329285	0.5703553557395935	0.5723113417625427	0.591016411781311	0.5875250101089478
feel	v	0.6654444932937622	0.6040549278259277	0.6336860060691833	0.6404055953025818	0.6389109492301941
available	a	0.5705685615539551	0.585848331451416	0.6420698761940002	0.6644206047058105	0.6522111296653748
continue	v	0.7484622597694397	0.7428839206695557	0.7355542182922363	0.6888720989227295	0.6847427487373352
action	n	0.6994428038597107	0.7005499005317688	0.6598712801933289	0.6803742051124573	0.6887546181678772
new	a	0.6685418486595154	0.6368622779846191	0.6815019249916077	0.6885960102081299	0.6907616257667542
eliminate	v	0.6135101318359375	0.646816074848175	0.6619938611984253	0.6829619407653809	0.6924507021903992
political	a	0.6700618267059326	0.670969545841217	0.6626521944999695	0.6459758281707764	0.6414365172386169
purpose	n	0.7152094841003418	0.6855832934379578	0.6738608479499817	0.6513931751251221	0.6544995307922363
price	n	0.6448361873626709	0.6323747038841248	0.6593605279922485	0.675468385219574	0.6646923422813416
matter	n	0.6681139469146729	0.6971168518066406	0.6799177527427673	0.6867021322250366	0.6801233291625977
employ	v	0.7064211964607239	0.6821258068084717	0.6804686188697815	0.6827972531318665	0.6928565502166748
doctor	n	0.4924079477787018	0.6132571697235107	0.6088576316833496	0.6209728121757507	0.6148834228515625
night	n	0.7450290322303772	0.7118990421295166	0.6815577745437622	0.6863676309585571	0.6902031302452087
plan	n	0.6385253667831421	0.6646771430969238	0.6316930651664734	0.6645208597183228	0.6706498265266418
employee	n	0.7252470850944519	0.7089853882789612	0.6909694671630859	0.6734046936035156	0.6788362860679626
file	v	0.7093718647956848	0.6741940975189209	0.6647827625274658	0.694430947303772	0.6938583850860596
wife	n	0.6330221891403198	0.567606508731842	0.589923083782196	0.5526487231254578	0.5437312722206116
live	v	0.637039065361023	0.6346129179000854	0.6703493595123291	0.6676450967788696	0.6744644045829773
year	n	0.7264068126678467	0.7345930337905884	0.6756550669670105	0.6749833822250366	0.6604893803596497
person	n	0.547389566898346	0.6159073114395142	0.5685471296310425	0.568941593170166	0.5504383444786072
present	a	0.6529422402381897	0.6218664646148682	0.6609845757484436	0.6966469287872314	0.6883811950683594
announce	v	0.6725628972053528	0.6370554566383362	0.6352303624153137	0.6423844695091248	0.6500623226165771
run	v	0.6801677346229553	0.708975613117218	0.6941457390785217	0.7138037085533142	0.7092817425727844
strong	a	0.6973493099212646	0.673776388168335	0.6843240261077881	0.6729229688644409	0.664027214050293
hold	v	0.6544511318206787	0.6800668239593506	0.6771179437637329	0.6863837242126465	0.6843448877334595
bring	v	0.6604698896408081	0.6235463619232178	0.6592036485671997	0.6778919696807861	0.6768323183059692
audience	n	0.5680410861968994	0.5166632533073425	0.5432055592536926	0.565868616104126	0.5787547826766968
force	v	0.7531079053878784	0.722158670425415	0.6590718626976013	0.624835729598999	0.6229574084281921
obtain	v	0.6714581847190857	0.6889856457710266	0.7043468356132507	0.663286030292511	0.6628032922744751
attend	v	0.7019574642181396	0.7248218655586243	0.6563997864723206	0.6658843755722046	0.6559759378433228
ask	v	0.7301086783409119	0.7106139659881592	0.6740002632141113	0.6767905950546265	0.6773535013198853
want	v	0.6156103610992432	0.6197615265846252	0.608089804649353	0.590743362903595	0.5700291395187378
make	v	0.6581729650497437	0.7091518640518188	0.7173573970794678	0.6943790316581726	0.6877321004867554
face	v	0.6793851256370544	0.6799066662788391	0.6745614409446716	0.666960597038269	0.6717081665992737
party	n	0.7269065976142883	0.7135156989097595	0.6657649278640747	0.6774883270263672	0.6954012513160706
time	n	0.7380332946777344	0.7551777362823486	0.7112648487091064	0.7166734337806702	0.7132962942123413
start	v	0.7464420199394226	0.702282726764679	0.7246620655059814	0.7000088691711426	0.6996304392814636
head	v	0.6992974877357483	0.671963632106781	0.6554592847824097	0.658078670501709	0.6595115661621094
home	r	0.7071295976638794	0.7037547826766968	0.6877024173736572	0.6795045733451843	0.6771999597549438
mention	v	0.6568054556846619	0.6922612190246582	0.7134803533554077	0.7192851305007935	0.7205466032028198
learn	v	0.7736671566963196	0.6810420155525208	0.6557066440582275	0.6711779832839966	0.675110936164856
ready	a	0.7036087512969971	0.6452159285545349	0.5797286033630371	0.5797866582870483	0.5761431455612183
issue	v	0.6926329135894775	0.7167402505874634	0.678499698638916	0.6714938879013062	0.67000412940979
act	n	0.7019171118736267	0.7286151647567749	0.6853877305984497	0.6925376653671265	0.6962399482727051
begin	v	0.7120280861854553	0.6936899423599243	0.6932353973388672	0.6885438561439514	0.6849891543388367
let	v	0.6041327714920044	0.6141483187675476	0.6307131052017212	0.6262857913970947	0.6084998846054077
source	n	0.7466418743133545	0.6847468614578247	0.6713314652442932	0.664150595664978	0.6541852355003357
road	n	0.675180196762085	0.6224658489227295	0.5759280920028687	0.5257730484008789	0.5536790490150452
old	a	0.6617017984390259	0.6629948616027832	0.6739499568939209	0.6752581000328064	0.6854276061058044
propose	v	0.5560177564620972	0.6494277715682983	0.6864570379257202	0.6877585053443909	0.6942961812019348
tell	v	0.5601083636283875	0.5266696214675903	0.6057289838790894	0.6231532096862793	0.6211400032043457
offer	v	0.715312123298645	0.6922838091850281	0.6977702379226685	0.7220609784126282	0.7105570435523987
group	n	0.7014605402946472	0.6456500291824341	0.656741738319397	0.6584756374359131	0.6631223559379578
body	n	0.6152671575546265	0.565021812915802	0.6163763999938965	0.61637282371521	0.6102287173271179
day	n	0.6451687812805176	0.6401523351669312	0.6502480506896973	0.6730212569236755	0.6718949675559998
increase	n	0.6888405084609985	0.6661146283149719	0.6324633359909058	0.5913259983062744	0.5840392708778381
similar	a	0.6955246329307556	0.700298011302948	0.6513156294822693	0.6461105942726135	0.6555995941162109
word	n	0.6615679860115051	0.6852174401283264	0.7013835906982422	0.6873161196708679	0.6786632537841797
education	n	0.6182259321212769	0.6093860268592834	0.6552486419677734	0.6500184535980225	0.6409441232681274
public	a	0.5971212387084961	0.6028960347175598	0.6424385905265808	0.6798976063728333	0.6768338084220886
member	n	0.5659531354904175	0.5985392928123474	0.6142203211784363	0.5976893901824951	0.6142846941947937
read	v	0.6613799333572388	0.6971532702445984	0.7004147171974182	0.6896313428878784	0.6862617135047913
event	n	0.6118780970573425	0.653808057308197	0.6644911170005798	0.6589488387107849	0.6612744331359863
long	a	0.726531445980072	0.7142170667648315	0.6846339702606201	0.690920889377594	0.6752640008926392
just	r	0.6574715375900269	0.6608432531356812	0.6622294783592224	0.6509645581245422	0.6520278453826904
n't	r	0.551559329032898	0.5820354223251343	0.5332866311073303	0.5737993121147156	0.5917168259620667
trouble	n	0.6576998233795166	0.7183230519294739	0.7301921248435974	0.7236624956130981	0.7219619154930115
mark	v	0.6016969084739685	0.675102710723877	0.6860387921333313	0.6852526068687439	0.6839423179626465
soon	r	0.6132836937904358	0.6420412659645081	0.6482323408126831	0.6600483655929565	0.6656579971313477
local	a	0.7325865626335144	0.678547739982605	0.6887319684028625	0.678957998752594	0.6883720755577087
gun	n	0.5649317502975464	0.5297114849090576	0.5250936150550842	0.5425733327865601	0.5356446504592896
certain	a	0.7219482660293579	0.6626197099685669	0.6934772729873657	0.6869621276855469	0.6833004951477051
week	n	0.6129351854324341	0.6321763396263123	0.6415101885795593	0.6391994953155518	0.6413242220878601
question	n	0.598522424697876	0.6121649742126465	0.6425802111625671	0.6601005792617798	0.6534802317619324
appear	v	0.6414562463760376	0.6734060049057007	0.6621506214141846	0.6552937030792236	0.6590046882629395
little	a	0.6568427681922913	0.6588162183761597	0.6935216784477234	0.684128999710083	0.6723377108573914
help	v	0.7022071480751038	0.648272693157196	0.6841484308242798	0.7140986919403076	0.707561194896698
merely	r	0.6268144845962524	0.6583974361419678	0.644298791885376	0.6698129177093506	0.6713173985481262
means	n	0.6525707840919495	0.6350468397140503	0.6250405311584473	0.6022858619689941	0.6052787899971008
report	v	0.7279036045074463	0.68430495262146	0.7047076225280762	0.6966001987457275	0.6927729845046997
declare	v	0.7357981204986572	0.7087098956108093	0.6811212301254272	0.6643499732017517	0.6677409410476685
sound	v	0.6263036131858826	0.6275188326835632	0.5807089805603027	0.6032887697219849	0.5937218070030212
deny	v	0.6666790246963501	0.6591790914535522	0.6468126177787781	0.6675007343292236	0.6600840091705322
include	v	0.6615169048309326	0.6267476677894592	0.6424734592437744	0.6578628420829773	0.6667492985725403
argue	v	0.5996941328048706	0.5688115358352661	0.5744138956069946	0.5877140164375305	0.5839210152626038
probably	r	0.6296546459197998	0.647230327129364	0.6686925292015076	0.6798591613769531	0.6689563393592834
special	a	0.7578341364860535	0.7352081537246704	0.7109810709953308	0.7044720649719238	0.7001008987426758
student	n	0.7462007999420166	0.6768922209739685	0.6461071968078613	0.637374222278595	0.6525835990905762
require	v	0.7449211478233337	0.7038943767547607	0.7072064876556396	0.7134110331535339	0.7140172123908997
child	n	0.6376940608024597	0.6284236311912537	0.6383068561553955	0.6491900682449341	0.6423705816268921
come	v	0.6479310393333435	0.6793293952941895	0.667706310749054	0.6907360553741455	0.6940839886665344
school	n	0.748335599899292	0.694240927696228	0.6942275762557983	0.7017835378646851	0.6964684724807739
hear	v	0.662384033203125	0.6623488664627075	0.6610790491104126	0.6687679886817932	0.68247389793396
think	v	0.608839750289917	0.5987155437469482	0.6094756126403809	0.6183525323867798	0.6241863369941711
letter	n	0.7081579566001892	0.6841272711753845	0.6569057703018188	0.6347528696060181	0.6465809345245361
people	n	0.6759001016616821	0.6687436699867249	0.6430195569992065	0.653862714767456	0.6543834805488586
later	r	0.6821362972259521	0.6484161615371704	0.6217014789581299	0.6640467047691345	0.6639800071716309
finally	r	0.3618330657482147	0.47761988639831543	0.5821158289909363	0.6119381785392761	0.6006963849067688
send	v	0.6929528713226318	0.6882907152175903	0.6781067848205566	0.6738749742507935	0.6787750124931335
instead	r	0.4734267592430115	0.5497069954872131	0.5496404767036438	0.6214811205863953	0.628349781036377
company	n	0.7481958866119385	0.6942647695541382	0.7386535406112671	0.7032061815261841	0.7080807685852051
right	n	0.691876232624054	0.6742866635322571	0.6826809048652649	0.6797422170639038	0.6923407316207886
suggest	v	0.6313802003860474	0.6470379829406738	0.6698698401451111	0.6799373626708984	0.6668936610221863
need	n	0.5320090055465698	0.5588937401771545	0.6131709814071655	0.6029615998268127	0.6063050031661987
select	v	0.6723251342773438	0.6699139475822449	0.6990199089050293	0.7287718057632446	0.7229379415512085
house	n	0.6497779488563538	0.5880526304244995	0.5675184726715088	0.5799925327301025	0.5963540077209473
decide	v	0.6890940070152283	0.6331065893173218	0.6072925329208374	0.6197314262390137	0.624502956867218
kind	n	0.5264657735824585	0.5848519802093506	0.6033040881156921	0.5894730091094971	0.5841593146324158
idea	n	0.6197265386581421	0.637163519859314	0.6561180949211121	0.6640051007270813	0.6665880084037781
kill	v	0.6509424448013306	0.6512231230735779	0.6554946899414062	0.6502847075462341	0.6550372838973999
set	v	0.6653488278388977	0.6810051798820496	0.6913459300994873	0.6924163699150085	0.6908427476882935
big	a	0.6981484889984131	0.6236419081687927	0.6556001901626587	0.6334395408630371	0.6310902237892151
insist	v	0.5786533355712891	0.6257668137550354	0.6316223740577698	0.6388255953788757	0.6323832273483276
effort	n	0.6456489562988281	0.6681404113769531	0.6713008284568787	0.6746594309806824	0.6588554382324219
place	n	0.7388197779655457	0.7225643992424011	0.7109788656234741	0.6956383585929871	0.6826974153518677
end	v	0.7370818853378296	0.6796016097068787	0.715639054775238	0.7228201031684875	0.7212072014808655
increase	v	0.567291796207428	0.6231513023376465	0.6475118398666382	0.6578123569488525	0.6620255708694458
large	a	0.5849605798721313	0.6464824676513672	0.6623409986495972	0.6581425666809082	0.6523908972740173
spend	v	0.6380488276481628	0.6317545175552368	0.6743705868721008	0.6727592349052429	0.6771613359451294
statement	n	0.6944565773010254	0.6918617486953735	0.656857430934906	0.6566160321235657	0.6456734538078308
boy	n	0.6302207112312317	0.5908412337303162	0.5579525828361511	0.5878617167472839	0.6026529669761658
method	n	0.5831449031829834	0.5886690616607666	0.6477771997451782	0.6243857145309448	0.6236057877540588
teach	v	0.7289798855781555	0.6949784755706787	0.7137159109115601	0.7080709934234619	0.6958182454109192
history	n	0.669729471206665	0.6370760202407837	0.6569839715957642	0.667742133140564	0.6603225469589233
normal	a	0.6768964529037476	0.6530431509017944	0.6837390065193176	0.694342851638794	0.6952851414680481
join	v	0.7102340459823608	0.6800984740257263	0.6606805920600891	0.6719573140144348	0.6808072328567505
degree	n	0.7293558120727539	0.7459491491317749	0.6824469566345215	0.6972923278808594	0.7020612955093384
family	n	0.6893662214279175	0.6594427227973938	0.6810376048088074	0.6977696418762207	0.7020677328109741
volume	n	0.5970546007156372	0.6151796579360962	0.650078535079956	0.6492866277694702	0.6551318168640137
case	n	0.6469698548316956	0.6718694567680359	0.6704689860343933	0.6680619716644287	0.674780547618866
community	n	0.6126748919487	0.660054087638855	0.6443889737129211	0.656710684299469	0.6582635045051575
able	a	0.43667352199554443	0.4289318919181824	0.38331905007362366	0.37064284086227417	0.3739425837993622
deal	v	0.5243121385574341	0.5031068325042725	0.5505783557891846	0.5797540545463562	0.5829184651374817
drop	v	0.5744940638542175	0.5899176001548767	0.6382828950881958	0.6452293395996094	0.6531811356544495
exist	v	0.5990054607391357	0.645366907119751	0.649485170841217	0.6867607235908508	0.6792099475860596
game	n	0.6702134609222412	0.7026415467262268	0.679781436920166	0.6668333411216736	0.6513100266456604
single	a	0.6957972049713135	0.661101222038269	0.657187283039093	0.6593431234359741	0.6484190225601196
draw	v	0.6052292585372925	0.6894819140434265	0.7033176422119141	0.7113118171691895	0.6971169114112854
wide	a	0.6180631518363953	0.6337532997131348	0.6609805822372437	0.638948917388916	0.630972146987915
prove	v	0.6762760281562805	0.6496456265449524	0.6714219450950623	0.6604786515235901	0.6678880453109741
perform	v	0.7357176542282104	0.7192750573158264	0.6952151656150818	0.6847041249275208	0.6905198097229004
fail	v	0.6875777244567871	0.6556225419044495	0.5963897109031677	0.6158674359321594	0.6405873894691467
second	a	0.671109676361084	0.6723670363426208	0.6909232139587402	0.7018229961395264	0.6990886926651001
hour	n	0.6354280114173889	0.6309294700622559	0.6586273908615112	0.6619375348091125	0.6666216254234314
minute	n	0.702088475227356	0.662621021270752	0.6445527076721191	0.6506938934326172	0.6442781090736389
cross	v	0.6998545527458191	0.6865212321281433	0.6506353616714478	0.625698447227478	0.6115558743476868
hard	a	0.766150712966919	0.7232401967048645	0.6777319312095642	0.6570411920547485	0.6585800051689148
throw	v	0.6549002528190613	0.6758315563201904	0.6502465009689331	0.6570641994476318	0.660858154296875
try	v	0.6442487239837646	0.6272594928741455	0.5682213306427002	0.5832351446151733	0.5902929306030273
close	a	0.6532239317893982	0.6789391040802002	0.6607668995857239	0.6587628126144409	0.6669718027114868
play	n	0.7100154161453247	0.665547788143158	0.649406373500824	0.6386216282844543	0.6382894515991211
difficult	a	0.6635754704475403	0.6113370060920715	0.5410279631614685	0.5655194520950317	0.5540610551834106
wall	n	0.3936638832092285	0.4596151113510132	0.5396069288253784	0.5651599168777466	0.5774819254875183
break	v	0.5949018597602844	0.614057183265686	0.627127468585968	0.6555510759353638	0.6531049609184265
today	n	0.713670551776886	0.7285705804824829	0.719197690486908	0.704331636428833	0.7067912817001343
military	a	0.6327030658721924	0.6481031775474548	0.6631524562835693	0.6720330119132996	0.6632508039474487
complete	v	0.6884700655937195	0.7177343964576721	0.6691992878913879	0.6525932550430298	0.6516542434692383
fly	v	0.7264419794082642	0.7131203413009644	0.693010687828064	0.6722406148910522	0.6710203289985657
hope	v	0.6495714783668518	0.6825903058052063	0.6812065839767456	0.6584625840187073	0.6554962396621704
job	n	0.6376931071281433	0.6811838746070862	0.6638268828392029	0.6816226243972778	0.6771210432052612
know	v	0.6755204796791077	0.6460738182067871	0.6450768113136292	0.643364667892456	0.6454827785491943
share	v	0.6938626766204834	0.6690994501113892	0.6400864124298096	0.6623522043228149	0.6742798686027527
plan	v	0.7442328333854675	0.7475416660308838	0.7207214832305908	0.7019491791725159	0.7025381922721863
ago	r	0.34280553460121155	0.3568733334541321	0.3884710669517517	0.43209412693977356	0.44577452540397644
summer	n	0.6389042139053345	0.6758783459663391	0.657706081867218	0.6716684103012085	0.6772565245628357
arrive	v	0.5800827145576477	0.5982978343963623	0.6346906423568726	0.6430615782737732	0.6516149640083313
really	r	0.6561377644538879	0.6278083920478821	0.6595818400382996	0.6595420837402344	0.6612123847007751
gain	v	0.7466034293174744	0.7428669929504395	0.7073920965194702	0.6998533010482788	0.6984366774559021
early	a	0.7096767425537109	0.7075458765029907	0.6763095259666443	0.6802980303764343	0.6869503855705261
stage	n	0.6927797794342041	0.6889760494232178	0.6306641101837158	0.639229416847229	0.6511967778205872
condition	n	0.7433273792266846	0.7114673852920532	0.6900838613510132	0.6513305902481079	0.6613767147064209
horse	n	0.5501382350921631	0.6011853814125061	0.6085464358329773	0.6203309297561646	0.6165170073509216
claim	v	0.7293016910552979	0.7266260385513306	0.7094030976295471	0.6981372237205505	0.6894261240959167
month	n	0.7586084008216858	0.6932622790336609	0.6722159385681152	0.6682359576225281	0.6743241548538208
young	a	0.6053421497344971	0.6332835555076599	0.6456056237220764	0.6516416668891907	0.6370385885238647
season	n	0.5775790810585022	0.610934853553772	0.6290176510810852	0.6397771239280701	0.6420683860778809
woman	n	0.6061217188835144	0.6176363229751587	0.622133195400238	0.629388689994812	0.6328913569450378
finish	v	0.6915724873542786	0.7238918542861938	0.6859130263328552	0.6715968251228333	0.6654121279716492
right	a	0.7473422288894653	0.6809037923812866	0.6609541177749634	0.6689344048500061	0.6616656184196472
position	n	0.6533639430999756	0.6988534331321716	0.7071347832679749	0.6710463166236877	0.6676329374313354
use	v	0.636742353439331	0.6754435896873474	0.6813311576843262	0.7110801935195923	0.7109095454216003
pull	v	0.589370608329773	0.5953790545463562	0.5936151742935181	0.6096099019050598	0.6126344799995422
leg	n	0.5276292562484741	0.5743908882141113	0.5590999722480774	0.5977163314819336	0.6063833832740784
catch	v	0.6615869998931885	0.6298403739929199	0.6253728866577148	0.6404972076416016	0.636482298374176
swing	v	0.5835108757019043	0.5945218801498413	0.6182899475097656	0.6048118472099304	0.6006828546524048
explain	v	0.6485750079154968	0.5953457355499268	0.6506294012069702	0.6428810954093933	0.6483933329582214
short	a	0.6126042604446411	0.6776291131973267	0.6727238297462463	0.6809166073799133	0.674311101436615
line	n	0.633201539516449	0.6825168132781982	0.6562156081199646	0.6884838938713074	0.6836313605308533
good	a	0.6493759155273438	0.6044655442237854	0.6515503525733948	0.6434639096260071	0.6526250839233398
feeling	n	0.5768963694572449	0.5625331997871399	0.5890594720840454	0.6017904877662659	0.6069778203964233
attention	n	0.6388609409332275	0.6864286661148071	0.669972836971283	0.6602365374565125	0.6677871942520142
turn	v	0.6480226516723633	0.6300761103630066	0.6637732982635498	0.6444475054740906	0.6400982141494751
kid	n	0.5881986618041992	0.5639037489891052	0.5787538886070251	0.6275251507759094	0.6256221532821655
stay	v	0.6875884532928467	0.6838148236274719	0.6760075092315674	0.6408781409263611	0.6472971439361572
express	v	0.7477834224700928	0.7018614411354065	0.6704842448234558	0.680753767490387	0.6783024668693542
particular	a	0.5913412570953369	0.6141462922096252	0.653139591217041	0.6686769723892212	0.6761729121208191
contribute	v	0.7250592112541199	0.7270848155021667	0.6296470165252686	0.6383278965950012	0.6198505163192749
lie	v	0.6057590842247009	0.6045678853988647	0.6461576223373413	0.648908257484436	0.6464438438415527
hit	v	0.7025061845779419	0.7251096367835999	0.6847286820411682	0.6738450527191162	0.6676213145256042
look	v	0.6410059928894043	0.6245750784873962	0.64013671875	0.6568669080734253	0.6493455171585083
better	a	0.6653517484664917	0.6474211812019348	0.6748287081718445	0.6891425848007202	0.6912896633148193
film	n	0.6796311736106873	0.7015089392662048	0.7041785717010498	0.6931631565093994	0.6845760941505432
treatment	n	0.6604194045066833	0.6631853580474854	0.6840893030166626	0.6607661247253418	0.6632324457168579
suffer	v	0.6024438738822937	0.6375659704208374	0.6955071091651917	0.6857107281684875	0.6776183843612671
important	a	0.6655791401863098	0.6365983486175537	0.6143203973770142	0.6135690808296204	0.6176276206970215
hand	n	0.6562767624855042	0.6334694027900696	0.5688488483428955	0.5723526477813721	0.57656329870224
meet	v	0.7330641150474548	0.7491534948348999	0.7129516005516052	0.7003659009933472	0.7012054324150085
like	v	0.6620162725448608	0.6452411413192749	0.6301836967468262	0.5853180885314941	0.5857064723968506
result	v	0.6462236046791077	0.6201249957084656	0.6409243941307068	0.6267595887184143	0.6265084743499756
book	n	0.6247750520706177	0.6125911474227905	0.6025534868240356	0.6244924068450928	0.6459389925003052
point	n	0.6446523666381836	0.6725379824638367	0.6668460965156555	0.6978974938392639	0.6927123069763184
various	a	0.6251621246337891	0.6538928151130676	0.6303427815437317	0.6608707904815674	0.6611349582672119
area	n	0.6693248748779297	0.6763216257095337	0.6585017442703247	0.654949963092804	0.6505533456802368
walk	v	0.611054539680481	0.5692422389984131	0.5805686116218567	0.6102150678634644	0.6037486791610718
corner	n	0.611461341381073	0.6129547357559204	0.6076614260673523	0.6225985288619995	0.6280673742294312
arm	n	0.44072893261909485	0.5008671283721924	0.5197849869728088	0.5374012589454651	0.5448723435401917
dark	a	0.5683776140213013	0.6227196455001831	0.5894302725791931	0.5924310088157654	0.6013444066047668
world	n	0.6183121800422668	0.6116148233413696	0.6281195878982544	0.6468786001205444	0.6369233131408691
high	a	0.612633466720581	0.6249117255210876	0.6486098766326904	0.6513795256614685	0.6747335195541382
man	n	0.6461488008499146	0.6663945913314819	0.6661638021469116	0.6724410057067871	0.667327344417572
away	r	0.5869049429893494	0.5921485424041748	0.6282193660736084	0.6311114430427551	0.6149389743804932
talk	v	0.6314024925231934	0.6351222395896912	0.6486940979957581	0.6820327639579773	0.6905983686447144
quite	r	0.6797423958778381	0.6686286330223083	0.6399175524711609	0.6573933959007263	0.657877504825592
suddenly	r	0.6497415900230408	0.6024051904678345	0.6285603642463684	0.6333326101303101	0.6386215090751648
fact	n	0.6249762177467346	0.5582629442214966	0.6092184782028198	0.5853801965713501	0.5854147672653198
reach	v	0.7241133451461792	0.6982313394546509	0.6820831894874573	0.6912906765937805	0.6857466697692871
heart	n	0.7060989737510681	0.6696292161941528	0.6583205461502075	0.6203594207763672	0.6110708713531494
real	a	0.6472827196121216	0.6312811374664307	0.6330257654190063	0.6397425532341003	0.6418561339378357
remember	v	0.6407067775726318	0.6657688021659851	0.665224552154541	0.6640463471412659	0.673351526260376
period	n	0.6121965646743774	0.6713989973068237	0.6666971445083618	0.6538968682289124	0.652923047542572
figure	n	0.6841342449188232	0.7008618712425232	0.6563073992729187	0.65086829662323	0.6515257954597473
situation	n	0.5901910066604614	0.6024457216262817	0.5996549129486084	0.6086267232894897	0.6074967980384827
especially	r	0.6776997447013855	0.6584683060646057	0.6217659115791321	0.6345868110656738	0.6327245831489563
level	n	0.5812108516693115	0.6412228941917419	0.6634459495544434	0.6591800451278687	0.6506243348121643
refuse	v	0.6281157732009888	0.5358699560165405	0.5504494309425354	0.5698776245117188	0.5913867950439453
list	n	0.6868987083435059	0.6930990815162659	0.6378745436668396	0.6437874436378479	0.654642641544342
recognize	v	0.6542633771896362	0.6974257826805115	0.6713016033172607	0.6447596549987793	0.6565821170806885
human	a	0.6758071184158325	0.5919540524482727	0.5944287180900574	0.6274911761283875	0.6374940872192383
drive	v	0.6556246280670166	0.6574660539627075	0.6845558881759644	0.6818118095397949	0.6795458793640137
spirit	n	0.6881906986236572	0.6548908948898315	0.6462031006813049	0.6271507143974304	0.6395233273506165
encourage	v	0.7134115099906921	0.6882822513580322	0.699461817741394	0.6878488063812256	0.6978799700737
distance	n	0.6184028387069702	0.6562326550483704	0.6566064357757568	0.6586516499519348	0.6553435325622559
write	v	0.7449981570243835	0.7356365919113159	0.7216698527336121	0.7179335951805115	0.7184112071990967
small	a	0.6769545078277588	0.6363163590431213	0.6424356698989868	0.640958309173584	0.6393135190010071
happen	v	0.5891230702400208	0.6356996297836304	0.6723682880401611	0.662081778049469	0.6603193283081055
sure	a	0.658734142780304	0.6583718061447144	0.6193685531616211	0.6431073546409607	0.6534858345985413
force	n	0.6212215423583984	0.6563732028007507	0.686989426612854	0.6720201373100281	0.6806241273880005
remove	v	0.5855904817581177	0.5982835292816162	0.6284356117248535	0.6488050222396851	0.6483721733093262
father	n	0.5390201210975647	0.5184866189956665	0.5259899497032166	0.5337814092636108	0.5353643298149109
supply	v	0.6734375357627869	0.6833131909370422	0.6620186567306519	0.6935868263244629	0.6983428001403809
discuss	v	0.6973186135292053	0.6612275838851929	0.676694929599762	0.6889007687568665	0.6981014609336853
concern	v	0.6973069310188293	0.6589901447296143	0.6932471394538879	0.688505232334137	0.6876307725906372
reason	n	0.7721109390258789	0.6792777180671692	0.6861454844474792	0.6619985699653625	0.6657426953315735
open	a	0.6429625749588013	0.7032106518745422	0.6962659955024719	0.7042658925056458	0.706227719783783
mean	v	0.6823244690895081	0.6968574523925781	0.6958965063095093	0.685416579246521	0.6769745945930481
indicate	v	0.6890380382537842	0.6948338150978088	0.6762820482254028	0.6800288558006287	0.6821024417877197
town	n	0.6951097846031189	0.7262008786201477	0.7082697153091431	0.7097639441490173	0.6963473558425903
likely	a	0.38441944122314453	0.4469470977783203	0.48811885714530945	0.4989577829837799	0.5183506011962891
stand	v	0.5654872059822083	0.5811969637870789	0.6071977615356445	0.6075260043144226	0.607864260673523
low	a	0.6184073090553284	0.5872433185577393	0.6165907382965088	0.6178514361381531	0.6145998239517212
sort	n	0.5474938750267029	0.5267606973648071	0.5739408731460571	0.5872719287872314	0.5981033444404602
different	a	0.6352342963218689	0.6431204080581665	0.6210118532180786	0.6608009338378906	0.6590388417243958
usually	r	0.6871108412742615	0.6642796397209167	0.6769154071807861	0.6768303513526917	0.6739511489868164
husband	n	0.6873847842216492	0.6100266575813293	0.5678984522819519	0.5739617347717285	0.5564195513725281
present	v	0.609979510307312	0.6082330942153931	0.6557853817939758	0.686572253704071	0.6973174810409546
true	a	0.6293334364891052	0.6509536504745483	0.6430591344833374	0.6444233059883118	0.6357854604721069
agree	v	0.6844956874847412	0.6735886931419373	0.6662538647651672	0.6604350209236145	0.6762207746505737
care	v	0.5616074204444885	0.5971704721450806	0.5524804592132568	0.5744750499725342	0.5718753337860107
handle	v	0.6790948510169983	0.6866987347602844	0.6768197417259216	0.6864715814590454	0.6950509548187256
push	v	0.674580454826355	0.6437947154045105	0.651746392250061	0.6558358669281006	0.6539234519004822
possibility	n	0.6402552127838135	0.6745620965957642	0.6438241600990295	0.6534149646759033	0.6522829532623291
spread	v	0.7445147633552551	0.6953648328781128	0.6971184015274048	0.689643919467926	0.6915398240089417
temperature	n	0.5845724940299988	0.5773389339447021	0.5928866267204285	0.6055712103843689	0.595595121383667
type	n	0.651436448097229	0.6501013040542603	0.6120182275772095	0.6292490363121033	0.6423041224479675
range	n	0.6381862163543701	0.5936072468757629	0.6054821014404297	0.6395055055618286	0.6399415731430054
white	a	0.5752275586128235	0.6061326861381531	0.5896300673484802	0.6089843511581421	0.6035919785499573
american	a	0.6958037614822388	0.6645156741142273	0.5977960824966431	0.6298667788505554	0.6302842497825623
surface	n	0.5326756238937378	0.5185802578926086	0.5744321942329407	0.611696183681488	0.6235335469245911
control	v	0.729079008102417	0.7110773324966431	0.6979421973228455	0.6976582407951355	0.7005491256713867
patient	n	0.5226421356201172	0.5219308733940125	0.46986207365989685	0.5018967390060425	0.5175674557685852
compare	v	0.7154012322425842	0.7212175130844116	0.6924702525138855	0.6880680322647095	0.6852184534072876
particularly	r	0.6464669108390808	0.689105749130249	0.6615487933158875	0.6519832611083984	0.6540706753730774
individual	n	0.7623845338821411	0.7595185041427612	0.6741588711738586	0.6622424125671387	0.6596320271492004
tend	v	0.548721969127655	0.5633890628814697	0.5266954302787781	0.5325462222099304	0.5302287936210632
technique	n	0.6760733127593994	0.6320174932479858	0.6003971695899963	0.6027671694755554	0.5957778096199036
common	a	0.6658885478973389	0.6926798820495605	0.6699942946434021	0.6717667579650879	0.6615831255912781
value	n	0.6771226525306702	0.6585688591003418	0.6548463702201843	0.6460658311843872	0.6456536054611206
grow	v	0.6083895564079285	0.6891379356384277	0.7005637884140015	0.698322057723999	0.7050167918205261
experiment	n	0.7111334204673767	0.6923099756240845	0.6623464226722717	0.6501284241676331	0.6534811854362488
sound	n	0.7325200438499451	0.6387843489646912	0.6721090078353882	0.6247060298919678	0.6165445446968079
guess	v	0.6053740978240967	0.6253230571746826	0.6316576600074768	0.6429603695869446	0.6526110172271729
somewhat	r	0.6583501696586609	0.674019455909729	0.6578145027160645	0.6482835412025452	0.6533151268959045
avoid	v	0.6126580238342285	0.6107633709907532	0.6764897108078003	0.6847233772277832	0.693529486656189
process	n	0.6814401149749756	0.6134706735610962	0.6234073042869568	0.6302241683006287	0.622394323348999
contain	v	0.6934001445770264	0.6512225270271301	0.6526502370834351	0.6677476763725281	0.6610087156295776
production	n	0.7100329995155334	0.6973081827163696	0.664847731590271	0.714475691318512	0.7159552574157715
language	n	0.685928463935852	0.6786174178123474	0.6682640314102173	0.6748824119567871	0.677100658416748
visit	v	0.7092173099517822	0.7142053842544556	0.7031147480010986	0.6932302713394165	0.6887373328208923
music	n	0.7085021734237671	0.6970373392105103	0.7014264464378357	0.664481520652771	0.6758725047111511
reflect	v	0.7101369500160217	0.6566761136054993	0.6803591251373291	0.7036755084991455	0.6999741792678833
answer	n	0.6856304407119751	0.6891998052597046	0.6702919602394104	0.6498408317565918	0.6571798920631409
simple	a	0.4972445070743561	0.5694076418876648	0.5668604969978333	0.6024233102798462	0.6127638816833496
easy	a	0.6016824841499329	0.611778974533081	0.6540952324867249	0.6484100222587585	0.6362776160240173
understand	v	0.7545852661132812	0.7170640826225281	0.7063086628913879	0.6739237904548645	0.6782838106155396
mother	n	0.5892245173454285	0.5996710062026978	0.6036167740821838	0.5737596750259399	0.571508526802063
love	v	0.6429560780525208	0.6751512289047241	0.6683230400085449	0.6593709588050842	0.6488189697265625
attitude	n	0.5110623836517334	0.5686497688293457	0.5819109678268433	0.6086723804473877	0.6105445623397827
prevent	v	0.69837486743927	0.6100600957870483	0.6035836935043335	0.6359053254127502	0.6417194604873657
voice	n	0.5991454720497131	0.5699656009674072	0.6400012969970703	0.5999129414558411	0.6068223714828491
development	n	0.7020977735519409	0.7024528384208679	0.6663806438446045	0.6635900735855103	0.6720602512359619
growth	n	0.6970137357711792	0.6876354217529297	0.6569751501083374	0.6603755354881287	0.6575380563735962
use	n	0.6037119030952454	0.6610727906227112	0.6496729254722595	0.6509416103363037	0.6626947522163391
speak	v	0.6907978057861328	0.7273175716400146	0.7009124755859375	0.7086721658706665	0.7130420207977295
object	n	0.6514129638671875	0.6333081126213074	0.635561466217041	0.6388817429542542	0.6395083069801331
war	n	0.7161431908607483	0.7207414507865906	0.6914922595024109	0.6896941661834717	0.6844386458396912
fight	v	0.6957364678382874	0.7035067677497864	0.7064365148544312	0.7067399024963379	0.7063337564468384
measure	v	0.6505990624427795	0.6932008266448975	0.6707065105438232	0.625542163848877	0.6222006678581238
assume	v	0.6430652141571045	0.6329640746116638	0.6477547287940979	0.6579883098602295	0.6625538468360901
raise	v	0.765129804611206	0.7234368920326233	0.6813526153564453	0.6832048296928406	0.685782790184021
mind	n	0.5466147065162659	0.5347774624824524	0.5664814710617065	0.5646324157714844	0.5703045725822449
success	n	0.6974368691444397	0.6843953132629395	0.6939041614532471	0.6868776082992554	0.6924095749855042
life	n	0.6748763918876648	0.6635164022445679	0.6833522319793701	0.6640728116035461	0.6646438241004944
rise	v	0.7624813914299011	0.7303507328033447	0.6992486715316772	0.6984430551528931	0.696662962436676
state	v	0.6402601003646851	0.6790242195129395	0.6608033180236816	0.642866313457489	0.6510788798332214
die	v	0.7166637778282166	0.7288166284561157	0.679145097732544	0.6642724871635437	0.6664671301841736
piece	n	0.5365318059921265	0.5903270840644836	0.5436486005783081	0.5529515743255615	0.5536697506904602
material	n	0.6380504965782166	0.6571047306060791	0.6719928979873657	0.657296895980835	0.6515251994132996
hang	v	0.6713089942932129	0.6763330101966858	0.6644527912139893	0.663063645362854	0.6604230403900146
create	v	0.6789154410362244	0.6569412350654602	0.6517559885978699	0.6829534769058228	0.6857278347015381
buy	v	0.7456628084182739	0.6872931718826294	0.6989541053771973	0.6907855272293091	0.6885848641395569
friend	n	0.5656152963638306	0.6168827414512634	0.6423514485359192	0.6315394639968872	0.6232827305793762
reveal	v	0.6318979263305664	0.6502887606620789	0.6551766991615295	0.6546089053153992	0.6601519584655762
procedure	n	0.5646411776542664	0.5954713225364685	0.6323060393333435	0.6417094469070435	0.6338395476341248
religious	a	0.552848756313324	0.5525597929954529	0.5820127725601196	0.5979658961296082	0.6058863401412964
repeat	v	0.7289091944694519	0.7326656579971313	0.6817443370819092	0.6842212080955505	0.6815208792686462
heavy	a	0.6503057479858398	0.6481388807296753	0.6084454655647278	0.620779275894165	0.6161053776741028
girl	n	0.5355541706085205	0.6038764715194702	0.6058656573295593	0.628835916519165	0.627444863319397
imagine	v	0.6994228363037109	0.6940439343452454	0.6873545050621033	0.6891343593597412	0.6731552481651306
certainly	r	0.6183348894119263	0.6402863264083862	0.6141330599784851	0.6027498841285706	0.6292049884796143
demand	v	0.70835280418396	0.732299268245697	0.6864082217216492	0.6988922357559204	0.6939198970794678
sing	v	0.6437488198280334	0.6901183128356934	0.6871824860572815	0.6824918389320374	0.6770225167274475
notice	v	0.5717208385467529	0.576144814491272	0.6298645734786987	0.6233099102973938	0.6254494190216064
close	v	0.6382394433021545	0.6295362710952759	0.6407462358474731	0.6224606037139893	0.6256840825080872
air	n	0.6558639407157898	0.6733807921409607	0.6535419225692749	0.6285903453826904	0.6376791000366211
space	n	0.5693910121917725	0.6281270980834961	0.6783519983291626	0.6716316938400269	0.6704928278923035
modern	a	0.6708503365516663	0.7275664806365967	0.7067162394523621	0.6926383972167969	0.6829073429107666
sell	v	0.7124863862991333	0.6679321527481079	0.6676766872406006	0.6915951371192932	0.6992544531822205
earth	n	0.7157017588615417	0.6737200021743774	0.6474762558937073	0.5980401039123535	0.6127660274505615
eye	n	0.5946493148803711	0.5820371508598328	0.5620807409286499	0.5831857919692993	0.5803551077842712
total	a	0.6181164383888245	0.579882800579071	0.6501667499542236	0.6303552389144897	0.6392584443092346
century	n	0.6496732831001282	0.652752161026001	0.6121618151664734	0.590763509273529	0.5924480557441711
role	n	0.4905150830745697	0.5526434183120728	0.56827712059021	0.5841130018234253	0.587979793548584
sense	n	0.6216947436332703	0.641398012638092	0.659360945224762	0.6117444038391113	0.615519642829895
pattern	n	0.6463510990142822	0.6566785573959351	0.6510090827941895	0.6345509886741638	0.640773594379425
quality	n	0.636462390422821	0.6496492028236389	0.6301276683807373	0.67164146900177	0.6685051321983337
room	n	0.6404287815093994	0.5816558003425598	0.5554456114768982	0.5929214954376221	0.6021751761436462
art	n	0.6252261996269226	0.6498479247093201	0.6747199296951294	0.6522368788719177	0.6588124632835388
stare	v	0.29724299907684326	0.3161013424396515	0.3783537745475769	0.4372183084487915	0.4521225690841675
view	n	0.6991113424301147	0.7165268063545227	0.6828876733779907	0.6641602516174316	0.6681647300720215
sample	n	0.6375108361244202	0.619605302810669	0.6415006518363953	0.6272768974304199	0.6203879714012146
example	n	0.6546947956085205	0.6753162145614624	0.6676080822944641	0.6589007377624512	0.6649153828620911
moment	n	0.6559848785400391	0.6782237887382507	0.6213187575340271	0.6187593340873718	0.6143651604652405
choose	v	0.7399724125862122	0.6902631521224976	0.6697521805763245	0.6897027492523193	0.6932821273803711
complete	a	0.7265880107879639	0.6715438961982727	0.6743764281272888	0.6787799000740051	0.6643491387367249
effect	n	0.6625584363937378	0.6361881494522095	0.6226742267608643	0.6251460313796997	0.6261292695999146
difference	n	0.57560795545578	0.6728534698486328	0.637380838394165	0.6263823509216309	0.6197022199630737
bear	v	0.7719964981079102	0.74193274974823	0.7341648936271667	0.7131906151771545	0.7055972814559937
basic	a	0.5705868601799011	0.6555707454681396	0.5907787680625916	0.6341103911399841	0.6336798071861267
involve	v	0.6990938186645508	0.6845597624778748	0.703235924243927	0.7137990593910217	0.7119571566581726
industry	n	0.6213498115539551	0.6101093292236328	0.6332044005393982	0.6178001165390015	0.6129595637321472
land	n	0.678055465221405	0.699103593826294	0.6659700870513916	0.6786403656005859	0.6764252185821533
base	v	0.5991557240486145	0.6162505745887756	0.5563548803329468	0.5351531505584717	0.5350931882858276
eat	v	0.598343014717102	0.6710693836212158	0.6611793637275696	0.6833757758140564	0.6800430417060852
story	n	0.8020232319831848	0.7568234801292419	0.7001351118087769	0.6839760541915894	0.6775767803192139
forget	v	0.5865674614906311	0.6154235005378723	0.6640056371688843	0.652596116065979	0.6615324020385742
opportunity	n	0.724631667137146	0.6848261952400208	0.6920020580291748	0.669080376625061	0.6568854451179504
ride	v	0.625396192073822	0.662200927734375	0.6630592942237854	0.6703196167945862	0.6634089946746826
simply	r	0.6234394907951355	0.6653919816017151	0.7047322988510132	0.6820471286773682	0.68402498960495
individual	a	0.7471652626991272	0.7369616031646729	0.7209393382072449	0.7209551930427551	0.7058420777320862
meaning	n	0.6976325511932373	0.6669526100158691	0.6694406867027283	0.6500367522239685	0.6415313482284546
thought	n	0.8049051761627197	0.6917849183082581	0.6747049689292908	0.6486701965332031	0.6369775533676147
tree	n	0.5050389170646667	0.5409311056137085	0.5695046186447144	0.5580536127090454	0.5431045889854431
fear	n	0.6464669108390808	0.6206812858581543	0.6151552200317383	0.6170504093170166	0.6172379851341248
trial	n	0.7008760571479797	0.6714494824409485	0.6876760721206665	0.6715667247772217	0.6742643713951111
attempt	v	0.6399808526039124	0.5970979928970337	0.6731242537498474	0.6520991325378418	0.6511415243148804
identify	v	0.6720607876777649	0.6669349074363708	0.6663013696670532	0.6769537329673767	0.6765880584716797
society	n	0.6634624004364014	0.6375299692153931	0.6257128715515137	0.6231793761253357	0.6412428021430969
god	n	0.6191297769546509	0.6092021465301514	0.6414514183998108	0.6044201850891113	0.6054657101631165
necessary	a	0.630266547203064	0.6641281843185425	0.6463760137557983	0.6453877091407776	0.6448796391487122
religion	n	0.5844789147377014	0.5973326563835144	0.6175068020820618	0.6003100872039795	0.6111652255058289
ground	n	0.6019697189331055	0.5331690907478333	0.5423535704612732	0.6047150492668152	0.6122084259986877
clear	a	0.5791006088256836	0.6213030815124512	0.5844497084617615	0.5804877281188965	0.6086932420730591
following	a	0.6618274450302124	0.6842796802520752	0.6645956635475159	0.6750706434249878	0.669978141784668
change	v	0.6757883429527283	0.6827828288078308	0.6760036945343018	0.6736652851104736	0.6818112730979919
literature	n	0.6141216158866882	0.589240550994873	0.6040698885917664	0.6265743374824524	0.6260484457015991
wear	v	0.5413628816604614	0.5838840007781982	0.5956515073776245	0.6038160920143127	0.5997481346130371
morning	n	0.6730192303657532	0.6514278650283813	0.6539208292961121	0.6413581371307373	0.6599250435829163
mass	n	0.6725015044212341	0.6373188495635986	0.6771714687347412	0.6916009783744812	0.6964877247810364
admit	v	0.46043431758880615	0.5594088435173035	0.6175211071968079	0.6368106007575989	0.6471275687217712
build	v	0.7060203552246094	0.6959150433540344	0.7124824523925781	0.7022614479064941	0.6965018510818481
feed	v	0.7448640465736389	0.7540725469589233	0.7242538928985596	0.7026015520095825	0.6928218007087708
nature	n	0.7224804759025574	0.6837173700332642	0.6685283184051514	0.6597206592559814	0.6521024107933044
affect	v	0.5638483762741089	0.5769945979118347	0.6311158537864685	0.6407824158668518	0.6665437817573547
theory	n	0.5968149900436401	0.5992991924285889	0.6359079480171204	0.6274177432060242	0.6340101361274719
training	n	0.6364757418632507	0.6602386236190796	0.6625931262969971	0.6859571933746338	0.6839764714241028
smile	v	0.38247430324554443	0.5135363936424255	0.5712831616401672	0.587941586971283	0.5796700119972229
touch	v	0.6265400052070618	0.6332155466079712	0.6486682295799255	0.6336193084716797	0.6255409121513367
note	v	0.5857760906219482	0.6114696860313416	0.6322259306907654	0.6804915070533752	0.6847599148750305
plant	n	0.706706166267395	0.7153380513191223	0.7082247138023376	0.7174030542373657	0.7106612324714661
cover	v	0.6011942028999329	0.6399356126785278	0.6596801280975342	0.673725426197052	0.6782951354980469
vary	v	0.6440627574920654	0.6241260766983032	0.6753904819488525	0.6812708973884583	0.6825998425483704
discover	v	0.6170648336410522	0.6327559947967529	0.68397057056427	0.6815274953842163	0.6773579120635986
listen	v	0.6796739101409912	0.6465288400650024	0.6305068731307983	0.6311227679252625	0.6365740299224854
social	a	0.6454837918281555	0.6482759714126587	0.6332290768623352	0.6230920553207397	0.6201924681663513
animal	n	0.5917845964431763	0.6124112606048584	0.6123573184013367	0.6518061757087708	0.6453503966331482
region	n	0.6157534122467041	0.6644779443740845	0.6427940130233765	0.632228672504425	0.6283097863197327
building	n	0.6057848334312439	0.6523593664169312	0.6589131951332092	0.6371709704399109	0.6446491479873657
door	n	0.47541406750679016	0.5267248153686523	0.5129900574684143	0.509870171546936	0.5177948474884033
floor	n	0.6702172756195068	0.6276577115058899	0.591506838798523	0.554760754108429	0.5641107559204102
car	n	0.5875704288482666	0.5839877724647522	0.5795973539352417	0.551718533039093	0.5535528659820557
collect	v	0.63050776720047	0.6934634447097778	0.6963076591491699	0.7145664095878601	0.70151287317276
economic	a	0.6677939891815186	0.6124061346054077	0.615766704082489	0.5998004078865051	0.5986617207527161
answer	v	0.6370723247528076	0.6339432001113892	0.6533601880073547	0.6648504734039307	0.6680806279182434
product	n	0.6894259452819824	0.711069643497467	0.7102686166763306	0.6884713172912598	0.6816964745521545
approach	v	0.7289478182792664	0.6930162310600281	0.6681107878684998	0.6455118060112	0.6533931493759155
street	n	0.5957561731338501	0.5560794472694397	0.5406820774078369	0.5095264911651611	0.503193199634552
demonstrate	v	0.6550648212432861	0.6800714731216431	0.6736049652099609	0.6563431024551392	0.6608739495277405
analysis	n	0.6450132727622986	0.6544535756111145	0.6171392202377319	0.6291294693946838	0.6302391886711121
cell	n	0.5546324849128723	0.5819031000137329	0.5680996179580688	0.5787773132324219	0.5747901201248169
measurement	n	0.6029267311096191	0.6107779145240784	0.6334691643714905	0.6151619553565979	0.6155592203140259
data	n	0.5733655691146851	0.6162863373756409	0.6060460805892944	0.5955529808998108	0.5994600057601929
stress	n	0.5446670651435852	0.6293050050735474	0.5858973860740662	0.5916956067085266	0.6194397211074829
window	n	0.5790059566497803	0.5816662907600403	0.554705798625946	0.5632895827293396	0.5701612234115601
hair	n	0.40530064702033997	0.46685895323753357	0.48316246271133423	0.49044692516326904	0.5074009895324707
officer	n	0.6236148476600647	0.68851637840271	0.6629195213317871	0.6326539516448975	0.637915849685669
sleep	v	0.7266916632652283	0.6795554161071777	0.649616539478302	0.6646526455879211	0.6625345945358276
shake	v	0.6543252468109131	0.612501859664917	0.5260723829269409	0.5095031261444092	0.5179329514503479
wage	n	0.5822754502296448	0.5987703204154968	0.5703740119934082	0.6142414212226868	0.6070758700370789
shelter	n	0.571849524974823	0.6077871918678284	0.6213525533676147	0.621254026889801	0.6121490001678467
jew	n	0.5913646221160889	0.6504886150360107	0.6143874526023865	0.6364323496818542	0.6394492387771606
