position	word	lexsn	wnsn	supersense	X25	X3	X5	X10	X20	index
9	problems	1:09:00::	3	noun.cognition	1	1	1	1	1	0
5	problems	1:26:00::	1	noun.state	1	1	1	1	1	1
16	problem	1:26:00::	1	noun.state	1	1	1	1	1	2
17	problems	1:26:00::	1	noun.state	1	0	1	1	1	3
9	problem	1:26:00::	1	noun.state	1	0	1	1	1	4
6	problem	1:09:00::	3	noun.cognition	1	0	0	1	1	5
5	problem	1:26:00::	1	noun.state	1	0	0	1	1	6
18	problem	1:26:00::	1	noun.state	1	0	0	1	1	7
10	problem	1:26:00::	1	noun.state	1	0	0	1	1	8
4	problem	1:26:00::	1	noun.state	1	0	0	1	1	9
4	problems	1:10:00::	2	noun.communication	1	0	0	0	1	10
13	problems	1:09:00::	3	noun.cognition	1	0	0	0	1	11
26	problem	1:10:00::	2	noun.communication	1	0	0	0	1	12
6	problem	1:10:00::	2	noun.communication	1	0	0	0	1	13
11	problem	1:26:00::	1	noun.state	1	0	0	0	1	14
6	problems	1:26:00::	1	noun.state	1	0	0	0	1	15
10	problem	1:10:00::	2	noun.communication	1	0	0	0	1	16
11	problems	1:10:00::	2	noun.communication	1	0	0	0	1	17
12	problem	1:26:00::	1	noun.state	1	0	0	0	1	18
14	problem	1:26:00::	1	noun.state	1	0	0	0	1	19
3	problems	1:26:00::	1	noun.state	1	0	0	0	0	20
9	problems	1:26:00::	1	noun.state	1	0	0	0	0	21
14	problem	1:26:00::	1	noun.state	1	0	0	0	0	22
7	problem	1:26:00::	1	noun.state	1	0	0	0	0	23
1	problems	1:26:00::	1	noun.state	1	0	0	0	0	24
5	problems	1:26:00::	1	noun.state	2	2	2	2	2	25
1	problems	1:26:00::	1	noun.state	2	2	2	2	2	26
3	problems	1:10:00::	2	noun.communication	2	2	2	2	2	27
9	problem	1:26:00::	1	noun.state	2	0	2	2	2	28
2	problem	1:10:00::	2	noun.communication	2	0	2	2	2	29
18	problems	1:26:00::	1	noun.state	2	0	0	2	2	30
2	problems	1:10:00::	2	noun.communication	2	0	0	2	2	31
1	problem	1:10:00::	2	noun.communication	2	0	0	2	2	32
27	problems	1:26:00::	1	noun.state	2	0	0	2	2	33
23	problems	1:26:00::	1	noun.state	2	0	0	2	2	34
14	problem	1:26:00::	1	noun.state	2	0	0	0	2	35
15	problems	1:26:00::	1	noun.state	2	0	0	0	2	36
1	problems	1:10:00::	2	noun.communication	2	0	0	0	2	37
2	problem	1:10:00::	2	noun.communication	2	0	0	0	2	38
1	problem	1:26:00::	1	noun.state	2	0	0	0	2	39
53	problems	1:26:00::	1	noun.state	2	0	0	0	2	40
8	problem	1:26:00::	1	noun.state	2	0	0	0	2	41
23	problem	1:26:00::	1	noun.state	2	0	0	0	2	42
11	problems	1:10:00::	2	noun.communication	2	0	0	0	2	43
19	problem	1:26:00::	1	noun.state	2	0	0	0	2	44
5	problems	1:26:00::	1	noun.state	2	0	0	0	0	45
1	problem	1:26:00::	1	noun.state	2	0	0	0	0	46
5	problem	1:26:00::	1	noun.state	2	0	0	0	0	47
8	problems	1:26:00::	1	noun.state	2	0	0	0	0	48
13	problems	1:09:00::	3	noun.cognition	2	0	0	0	0	49
