position	word	lexsn	wnsn	supersense	X25	X3	X5	X10	X20	index
4	know	2:31:02::	3	verb.cognition	1	1	1	1	1	0
2	known	2:31:01::	1	verb.cognition	1	1	1	1	1	1
69	know	2:31:03::	2	verb.cognition	1	1	1	1	1	2
12	knew	2:31:01::	1	verb.cognition	1	0	1	1	1	3
7	know	2:31:03::	2	verb.cognition	1	0	1	1	1	4
28	know	2:31:01::	1	verb.cognition	1	0	0	1	1	5
1	know	2:31:01::	1	verb.cognition	1	0	0	1	1	6
6	knew	2:31:01::	1	verb.cognition	1	0	0	1	1	7
11	knew	2:31:03::	2	verb.cognition	1	0	0	1	1	8
23	knowing	2:31:01::	1	verb.cognition	1	0	0	1	1	9
8	knowing	2:31:01::	1	verb.cognition	1	0	0	0	1	10
2	knew	2:31:01::	1	verb.cognition	1	0	0	0	1	11
2	know	2:31:01::	1	verb.cognition	1	0	0	0	1	12
5	knowing	2:31:01::	1	verb.cognition	1	0	0	0	1	13
9	knew	2:31:01::	1	verb.cognition	1	0	0	0	1	14
1	know	2:31:01::	1	verb.cognition	1	0	0	0	1	15
4	knows	2:31:01::	1	verb.cognition	1	0	0	0	1	16
10	know	2:31:01::	1	verb.cognition	1	0	0	0	1	17
8	knew	2:31:01::	1	verb.cognition	1	0	0	0	1	18
10	know	2:31:01::	1	verb.cognition	1	0	0	0	1	19
13	knew	2:31:03::	2	verb.cognition	1	0	0	0	0	20
15	know	2:31:00::	4	verb.cognition	1	0	0	0	0	21
7	know	2:31:01::	1	verb.cognition	1	0	0	0	0	22
12	know	2:31:02::	3	verb.cognition	1	0	0	0	0	23
22	knew	2:31:01::	1	verb.cognition	1	0	0	0	0	24
3	knows	2:31:01::	1	verb.cognition	2	2	2	2	2	25
20	know	2:31:03::	2	verb.cognition	2	2	2	2	2	26
8	knew	2:31:01::	1	verb.cognition	2	2	2	2	2	27
14	knew	2:31:02::	3	verb.cognition	2	0	2	2	2	28
5	know	2:31:01::	1	verb.cognition	2	0	2	2	2	29
21	knew	2:31:01::	1	verb.cognition	2	0	0	2	2	30
4	know	2:31:03::	2	verb.cognition	2	0	0	2	2	31
4	knew	2:31:01::	1	verb.cognition	2	0	0	2	2	32
3	know	2:31:01::	1	verb.cognition	2	0	0	2	2	33
1	knew	2:31:01::	1	verb.cognition	2	0	0	2	2	34
4	knew	2:31:01::	1	verb.cognition	2	0	0	0	2	35
32	know	2:31:01::	1	verb.cognition	2	0	0	0	2	36
7	know	2:31:03::	2	verb.cognition	2	0	0	0	2	37
4	know	2:31:01::	1	verb.cognition	2	0	0	0	2	38
56	know	2:31:01::	1	verb.cognition	2	0	0	0	2	39
2	know	2:31:01::	1	verb.cognition	2	0	0	0	2	40
3	know	2:31:01::	1	verb.cognition	2	0	0	0	2	41
8	know	2:31:01::	1	verb.cognition	2	0	0	0	2	42
19	know	2:31:01::	1	verb.cognition	2	0	0	0	2	43
1	know	2:31:01::	1	verb.cognition	2	0	0	0	2	44
9	know	2:31:01::	1	verb.cognition	2	0	0	0	0	45
14	knows	2:31:03::	2	verb.cognition	2	0	0	0	0	46
2	know	2:31:01::	1	verb.cognition	2	0	0	0	0	47
3	know	2:31:02::	3	verb.cognition	2	0	0	0	0	48
5	known	2:31:01::	1	verb.cognition	2	0	0	0	0	49
