position	word	lexsn	wnsn	supersense	X25	X3	X5	X10	X20	index
0	Today	1:28:00::	1	noun.time	1	1	1	1	1	0
20	today	1:28:00::	1	noun.time	1	1	1	1	1	1
14	today	1:28:00::	1	noun.time	1	1	1	1	1	2
8	today	1:28:00::	1	noun.time	1	0	1	1	1	3
8	today	1:28:00::	1	noun.time	1	0	1	1	1	4
0	Today	1:28:00::	1	noun.time	1	0	0	1	1	5
6	today	1:28:01::	2	noun.time	1	0	0	1	1	6
14	today	1:28:00::	1	noun.time	1	0	0	1	1	7
5	today	1:28:00::	1	noun.time	1	0	0	1	1	8
8	today	1:28:01::	2	noun.time	1	0	0	1	1	9
2	today	1:28:01::	2	noun.time	1	0	0	0	1	10
6	today	1:28:00::	1	noun.time	1	0	0	0	1	11
1	Today	1:28:00::	1	noun.time	1	0	0	0	1	12
21	today	1:28:01::	2	noun.time	1	0	0	0	1	13
2	today	1:28:00::	1	noun.time	1	0	0	0	1	14
15	today	1:28:00::	1	noun.time	1	0	0	0	1	15
9	today	1:28:00::	1	noun.time	1	0	0	0	1	16
1	today	1:28:00::	1	noun.time	1	0	0	0	1	17
0	Today	1:28:00::	1	noun.time	1	0	0	0	1	18
0	Today	1:28:00::	1	noun.time	1	0	0	0	1	19
15	today	1:28:00::	1	noun.time	1	0	0	0	0	20
4	today	1:28:00::	1	noun.time	1	0	0	0	0	21
3	today	1:28:00::	1	noun.time	1	0	0	0	0	22
8	today	1:28:00::	1	noun.time	1	0	0	0	0	23
0	Today	1:28:00::	1	noun.time	1	0	0	0	0	24
16	today	1:28:00::	1	noun.time	2	2	2	2	2	25
9	today	1:28:00::	1	noun.time	2	2	2	2	2	26
24	today	1:28:00::	1	noun.time	2	2	2	2	2	27
14	today	1:28:01::	2	noun.time	2	0	2	2	2	28
34	today	1:28:00::	1	noun.time	2	0	2	2	2	29
12	today	1:28:00::	1	noun.time	2	0	0	2	2	30
20	today	1:28:00::	1	noun.time	2	0	0	2	2	31
6	to-day	1:28:00::	1	noun.time	2	0	0	2	2	32
0	Today	1:28:00::	1	noun.time	2	0	0	2	2	33
7	today	1:28:00::	1	noun.time	2	0	0	2	2	34
0	Today	1:28:00::	1	noun.time	2	0	0	0	2	35
15	today	1:28:00::	1	noun.time	2	0	0	0	2	36
0	Today	1:28:00::	1	noun.time	2	0	0	0	2	37
2	today	1:28:00::	1	noun.time	2	0	0	0	2	38
25	today	1:28:00::	1	noun.time	2	0	0	0	2	39
0	Today	1:28:00::	1	noun.time	2	0	0	0	2	40
22	today	1:28:00::	1	noun.time	2	0	0	0	2	41
0	Today	1:28:00::	1	noun.time	2	0	0	0	2	42
10	today	1:28:00::	1	noun.time	2	0	0	0	2	43
5	today	1:28:00::	1	noun.time	2	0	0	0	2	44
13	today	1:28:00::	1	noun.time	2	0	0	0	0	45
7	today	1:28:00::	1	noun.time	2	0	0	0	0	46
58	to-day	1:28:00::	1	noun.time	2	0	0	0	0	47
11	today	1:28:00::	1	noun.time	2	0	0	0	0	48
11	today	1:28:00::	1	noun.time	2	0	0	0	0	49
