position	word	lexsn	wnsn	supersense	X25	X3	X5	X10	X20	index
4	possible	3:00:00::	1	adj.all	1	1	1	1	1	0
11	possible	3:00:00::	1	adj.all	1	1	1	1	1	1
11	possible	3:00:04::	2	adj.all	1	1	1	1	1	2
14	possible	3:00:00::	1	adj.all	1	0	1	1	1	3
8	possible	3:00:00::	1	adj.all	1	0	1	1	1	4
29	possible	3:00:04::	2	adj.all	1	0	0	1	1	5
7	possible	3:00:00::	1	adj.all	1	0	0	1	1	6
12	possible	3:00:00::	1	adj.all	1	0	0	1	1	7
23	possible	3:00:00::	1	adj.all	1	0	0	1	1	8
5	possible	3:00:00::	1	adj.all	1	0	0	1	1	9
13	possible	3:00:00::	1	adj.all	1	0	0	0	1	10
3	possible	3:00:00::	1	adj.all	1	0	0	0	1	11
6	possible	3:00:00::	1	adj.all	1	0	0	0	1	12
24	possible	3:00:00::	1	adj.all	1	0	0	0	1	13
26	possible	3:00:00::	1	adj.all	1	0	0	0	1	14
4	possible	3:00:00::	1	adj.all	1	0	0	0	1	15
7	possible	3:00:04::	2	adj.all	1	0	0	0	1	16
5	possible	3:00:00::	1	adj.all	1	0	0	0	1	17
15	possible	3:00:00::	1	adj.all	1	0	0	0	1	18
3	possible	3:00:00::	1	adj.all	1	0	0	0	1	19
16	possible	3:00:00::	1	adj.all	1	0	0	0	0	20
3	possible	3:00:04::	2	adj.all	1	0	0	0	0	21
28	possible	3:00:00::	1	adj.all	1	0	0	0	0	22
9	possible	3:00:04::	2	adj.all	1	0	0	0	0	23
2	possible	3:00:00::	1	adj.all	1	0	0	0	0	24
19	possible	3:00:00::	1	adj.all	2	2	2	2	2	25
22	possible	3:00:00::	1	adj.all	2	2	2	2	2	26
15	possible	3:00:00::	1	adj.all	2	2	2	2	2	27
19	possible	3:00:00::	1	adj.all	2	0	2	2	2	28
10	possible	3:00:04::	2	adj.all	2	0	2	2	2	29
11	possible	3:00:00::	1	adj.all	2	0	0	2	2	30
2	possible	3:00:00::	1	adj.all	2	0	0	2	2	31
15	possible	3:00:00::	1	adj.all	2	0	0	2	2	32
3	possible	3:00:00::	1	adj.all	2	0	0	2	2	33
2	possible	3:00:00::	1	adj.all	2	0	0	2	2	34
2	possible	3:00:04::	2	adj.all	2	0	0	0	2	35
19	possible	3:00:00::	1	adj.all	2	0	0	0	2	36
20	possible	3:00:00::	1	adj.all	2	0	0	0	2	37
2	possible	3:00:00::	1	adj.all	2	0	0	0	2	38
6	possible	3:00:00::	1	adj.all	2	0	0	0	2	39
2	possible	3:00:00::	1	adj.all	2	0	0	0	2	40
31	possible	3:00:00::	1	adj.all	2	0	0	0	2	41
6	possible	3:00:00::	1	adj.all	2	0	0	0	2	42
4	possible	3:00:00::	1	adj.all	2	0	0	0	2	43
27	possible	3:00:00::	1	adj.all	2	0	0	0	2	44
7	possible	3:00:00::	1	adj.all	2	0	0	0	0	45
16	possible	3:00:00::	1	adj.all	2	0	0	0	0	46
18	possible	3:00:00::	1	adj.all	2	0	0	0	0	47
12	possible	3:00:00::	1	adj.all	2	0	0	0	0	48
21	possible	3:00:00::	1	adj.all	2	0	0	0	0	49
