position	word	lexsn	wnsn	supersense	X25	X3	X5	X10	X20	index
20	military	3:00:02::	2	adj.all	1	1	1	1	1	0
7	military	3:01:00::	1	adj.pert	1	1	1	1	1	1
34	military	3:01:00::	1	adj.pert	1	1	1	1	1	2
26	military	3:01:00::	1	adj.pert	1	0	1	1	1	3
8	military	3:01:00::	1	adj.pert	1	0	1	1	1	4
6	military	3:01:00::	1	adj.pert	1	0	0	1	1	5
13	military	3:00:02::	2	adj.all	1	0	0	1	1	6
6	military	3:00:01::	3	adj.all	1	0	0	1	1	7
4	military	3:01:00::	1	adj.pert	1	0	0	1	1	8
15	military	3:01:00::	1	adj.pert	1	0	0	1	1	9
6	military	3:01:00::	1	adj.pert	1	0	0	0	1	10
2	military	3:01:00::	1	adj.pert	1	0	0	0	1	11
1	military	3:01:00::	1	adj.pert	1	0	0	0	1	12
10	military	3:01:00::	1	adj.pert	1	0	0	0	1	13
18	military	3:01:00::	1	adj.pert	1	0	0	0	1	14
15	military	3:00:02::	2	adj.all	1	0	0	0	1	15
31	military	3:00:02::	2	adj.all	1	0	0	0	1	16
48	military	3:00:01::	3	adj.all	1	0	0	0	1	17
29	military	3:01:00::	1	adj.pert	1	0	0	0	1	18
21	military	3:01:00::	1	adj.pert	1	0	0	0	1	19
57	military	3:01:00::	1	adj.pert	1	0	0	0	0	20
3	military	3:01:00::	1	adj.pert	1	0	0	0	0	21
28	military	3:00:02::	2	adj.all	1	0	0	0	0	22
2	military	3:01:00::	1	adj.pert	1	0	0	0	0	23
14	military	3:01:00::	1	adj.pert	1	0	0	0	0	24
22	military	3:01:00::	1	adj.pert	2	2	2	2	2	25
13	military	3:01:00::	1	adj.pert	2	2	2	2	2	26
17	military	3:01:00::	1	adj.pert	2	2	2	2	2	27
24	military	3:00:02::	2	adj.all	2	0	2	2	2	28
6	military	3:01:00::	1	adj.pert	2	0	2	2	2	29
3	military	3:00:01::	3	adj.all	2	0	0	2	2	30
5	military	3:01:00::	1	adj.pert	2	0	0	2	2	31
8	military	3:00:02::	2	adj.all	2	0	0	2	2	32
4	military	3:01:00::	1	adj.pert	2	0	0	2	2	33
18	military	3:01:00::	1	adj.pert	2	0	0	2	2	34
25	military	3:01:00::	1	adj.pert	2	0	0	0	2	35
5	military	3:01:00::	1	adj.pert	2	0	0	0	2	36
4	military	3:00:02::	2	adj.all	2	0	0	0	2	37
39	military	3:01:00::	1	adj.pert	2	0	0	0	2	38
4	military	3:00:02::	2	adj.all	2	0	0	0	2	39
0	Military	3:01:00::	1	adj.pert	2	0	0	0	2	40
5	military	3:01:00::	1	adj.pert	2	0	0	0	2	41
30	military	3:01:00::	1	adj.pert	2	0	0	0	2	42
9	military	3:01:00::	1	adj.pert	2	0	0	0	2	43
11	military	3:01:00::	1	adj.pert	2	0	0	0	2	44
15	military	3:01:00::	1	adj.pert	2	0	0	0	0	45
7	military	3:00:02::	2	adj.all	2	0	0	0	0	46
30	military	3:01:00::	1	adj.pert	2	0	0	0	0	47
11	military	3:00:02::	2	adj.all	2	0	0	0	0	48
18	military	3:01:00::	1	adj.pert	2	0	0	0	0	49
