position	word	lexsn	wnsn	supersense	X25	X3	X5	X10	X20	index
3	source	1:18:00::	6	noun.person	1	1	1	1	1	0
17	sources	1:10:00::	2	noun.communication	1	1	1	1	1	1
2	source	1:18:01::	5	noun.person	1	1	1	1	1	2
7	source	1:15:00::	1	noun.location	1	0	1	1	1	3
30	source	1:09:00::	3	noun.cognition	1	0	1	1	1	4
16	sources	1:10:00::	2	noun.communication	1	0	0	1	1	5
10	sources	1:15:00::	1	noun.location	1	0	0	1	1	6
6	sources	1:15:00::	1	noun.location	1	0	0	1	1	7
74	source	1:09:00::	3	noun.cognition	1	0	0	1	1	8
18	source	1:15:00::	1	noun.location	1	0	0	1	1	9
10	sources	1:10:00::	2	noun.communication	1	0	0	0	1	10
21	sources	1:06:00::	4	noun.artifact	1	0	0	0	1	11
14	source	1:10:00::	2	noun.communication	1	0	0	0	1	12
31	sources	1:09:00::	3	noun.cognition	1	0	0	0	1	13
1	source	1:06:00::	4	noun.artifact	1	0	0	0	1	14
29	source	1:09:00::	3	noun.cognition	1	0	0	0	1	15
3	sources	1:06:00::	4	noun.artifact	1	0	0	0	1	16
8	source	1:15:00::	1	noun.location	1	0	0	0	1	17
14	sources	1:15:00::	1	noun.location	1	0	0	0	1	18
4	source	1:15:00::	1	noun.location	1	0	0	0	1	19
2	source	1:06:00::	4	noun.artifact	1	0	0	0	0	20
3	sources	1:15:00::	1	noun.location	1	0	0	0	0	21
2	Source	1:10:00::	2	noun.communication	1	0	0	0	0	22
7	sources	1:15:00::	1	noun.location	1	0	0	0	0	23
19	source	1:09:00::	3	noun.cognition	1	0	0	0	0	24
23	sources	1:15:00::	1	noun.location	2	2	2	2	2	25
18	source	1:10:00::	2	noun.communication	2	2	2	2	2	26
8	source	1:06:00::	4	noun.artifact	2	2	2	2	2	27
6	source	1:15:00::	1	noun.location	2	0	2	2	2	28
3	source	1:06:00::	4	noun.artifact	2	0	2	2	2	29
8	source	1:15:00::	1	noun.location	2	0	0	2	2	30
45	source	1:09:00::	3	noun.cognition	2	0	0	2	2	31
2	source	1:15:00::	1	noun.location	2	0	0	2	2	32
56	source	1:15:00::	1	noun.location	2	0	0	2	2	33
4	source	1:15:00::	1	noun.location	2	0	0	2	2	34
15	sources	1:15:00::	1	noun.location	2	0	0	0	2	35
7	sources	1:18:01::	5	noun.person	2	0	0	0	2	36
35	source	1:15:00::	1	noun.location	2	0	0	0	2	37
18	sources	1:15:00::	1	noun.location	2	0	0	0	2	38
22	sources	1:15:00::	1	noun.location	2	0	0	0	2	39
14	source	1:15:00::	1	noun.location	2	0	0	0	2	40
4	sources	1:15:00::	1	noun.location	2	0	0	0	2	41
2	source	1:18:01::	5	noun.person	2	0	0	0	2	42
31	source	1:09:00::	3	noun.cognition	2	0	0	0	2	43
6	source	1:15:00::	1	noun.location	2	0	0	0	2	44
17	source	1:10:00::	2	noun.communication	2	0	0	0	0	45
15	source	1:10:00::	2	noun.communication	2	0	0	0	0	46
20	source	1:09:00::	3	noun.cognition	2	0	0	0	0	47
7	source	1:09:00::	3	noun.cognition	2	0	0	0	0	48
1	source	1:15:00::	1	noun.location	2	0	0	0	0	49
